"car_brand","car_model","car_price","car_fuel","car_transmission","car_mileage","car_age"
"Kia","Seltos",1300000,"diesel","automatic",10000,"6"
"Hyundai","Verna",6e+05,"diesel","manual",100000,"13"
"Hyundai","Xcent",550000,"gasoline","manual",25000,"9"
"Hyundai","Creta",850000,"gasoline","manual",25000,"10"
"Hyundai","Verna",6e+05,"diesel","manual",100000,"13"
"Hyundai","Xcent",550000,"gasoline","manual",25000,"9"
"Hyundai","Creta",850000,"gasoline","manual",25000,"10"
"Hyundai","Venue",1195000,"diesel","manual",5000,"6"
"Hyundai","i10",229999,"gasoline","manual",60000,"11"
"Hyundai","Elantra",625000,"diesel","manual",40000,"13"
"Hyundai","Santro",150000,"gasoline","manual",79000,"16"
"Hyundai","i10",5e+05,"gasoline","manual",15000,"6"
"Hyundai","i20",750000,"diesel","manual",29000,"7"
"Hyundai","i20",465000,"diesel","manual",70000,"11"
"Hyundai","EON",240000,"gasoline","manual",73300,"11"
"Hyundai","EON",3e+05,"gasoline","manual",31000,"7"
"Hyundai","i10",248000,"gasoline","manual",63000,"15"
"Hyundai","Getz",80000,"gasoline","manual",120000,"20"
"Hyundai","i10",450000,"diesel","manual",80000,"10"
"Hyundai","Elite",650000,"diesel","manual",25000,"6"
"Hyundai","Creta",1025000,"gasoline","manual",9000,"8"
"Hyundai","Santro",80000,"gasoline","manual",58000,"18"
"Hyundai","Sonata",6e+05,"diesel","manual",100000,"15"
"Hyundai","Elite",750000,"gasoline","manual",15000,"6"
"Hyundai","Creta",780000,"diesel","manual",60000,"9"
"Hyundai","Verna",690000,"gasoline","automatic",80000,"9"
"Hyundai","Creta",840000,"diesel","manual",70000,"9"
"Hyundai","i10",229999,"gasoline","manual",40000,"10"
"Hyundai","EON",2e+05,"gasoline","manual",70000,"10"
"Hyundai","Santro",75000,"gasoline","manual",57000,"22"
"Hyundai","EON",280000,"gasoline","manual",3240,"12"
"Hyundai","i20",540000,"gasoline","manual",5000,"10"
"Hyundai","i20",7e+05,"gasoline","manual",10000,"7"
"Hyundai","i20",430000,"diesel","manual",80000,"9"
"Hyundai","Santro",65000,"gasoline","manual",70000,"23"
"Hyundai","Santro",75000,"gasoline","manual",114000,"18"
"Hyundai","Getz",210000,"gasoline","manual",53772,"17"
"Hyundai","EON",170000,"gasoline","manual",60000,"13"
"Hyundai","i10",350000,"gasoline","automatic",50000,"14"
"Hyundai","Santro",70000,"gasoline","manual",110000,"19"
"Hyundai","i20",6e+05,"gasoline","manual",25000,"9"
"Hyundai","i20",280000,"gasoline","manual",110000,"16"
"Hyundai","i20",280000,"gasoline","manual",110000,"13"
"Hyundai","EON",265000,"gasoline","manual",55000,"11"
"Hyundai","i20",385000,"diesel","manual",58000,"13"
"Hyundai","EON",235000,"gasoline","manual",54000,"13"
"Hyundai","Verna",120000,"gasoline","manual",90000,"17"
"Hyundai","i20",7e+05,"gasoline","manual",10000,"8"
"Hyundai","i10",390000,"gasoline","manual",90000,"10"
"Hyundai","i10",175000,"gasoline","manual",139000,"14"
"Hyundai","i10",465000,"diesel","manual",25000,"7"
"Hyundai","i10",5e+05,"gasoline","manual",32000,"7"
"Hyundai","Elite",8e+05,"gasoline","manual",11240,"6"
"Hyundai","i10",490000,"diesel","manual",66000,"8"
"Hyundai","Santro",290000,"gasoline","manual",49000,"12"
"Hyundai","i20",680000,"diesel","manual",44000,"8"
"Hyundai","i20",180000,"diesel","manual",60000,"16"
"Hyundai","Getz",130000,"gasoline","manual",80000,"19"
"Hyundai","i20",650000,"gasoline","manual",20000,"7"
"Hyundai","i20",3e+05,"gasoline","manual",50000,"16"
"Hyundai","i20",270000,"gasoline","manual",110000,"15"
"Hyundai","Verna",550000,"diesel","manual",29000,"12"
"Hyundai","EON",229999,"gasoline","manual",30000,"7"
"Hyundai","EON",160000,"gasoline","manual",70000,"10"
"Hyundai","i10",250000,"gasoline","manual",50000,"16"
"Hyundai","Verna",5e+05,"gasoline","manual",25000,"10"
"Hyundai","i10",5e+05,"gasoline","manual",50000,"8"
"Hyundai","i10",345000,"gasoline","manual",44000,"12"
"Hyundai","Verna",9e+05,"diesel","manual",24000,"7"
"Hyundai","i20",575000,"gasoline","manual",20000,"8"
"Hyundai","Verna",9e+05,"diesel","manual",25000,"7"
"Hyundai","i10",350000,"gasoline","manual",25000,"9"
"Hyundai","i10",755000,"diesel","manual",8000,"6"
"Hyundai","Xcent",350000,"diesel","manual",70000,"10"
"Hyundai","EON",2e+05,"gasoline","manual",46000,"13"
"Hyundai","i20",250000,"gasoline","manual",40000,"15"
"Hyundai","i10",6e+05,"gasoline","manual",10000,"6"
"Hyundai","i20",595000,"gasoline","manual",33100,"8"
"Hyundai","EON",190000,"gasoline","manual",40000,"11"
"Hyundai","Santro",50000,"gasoline","manual",120000,"26"
"Hyundai","Santro",350000,"gasoline","manual",30000,"6"
"Hyundai","Verna",330000,"gasoline","manual",80577,"8"
"Hyundai","Verna",3e+05,"diesel","manual",127500,"14"
"Hyundai","EON",235000,"gasoline","manual",40903,"10"
"Hyundai","i10",4e+05,"gasoline","manual",61690,"10"
"Hyundai","i20",6e+05,"gasoline","manual",64484,"10"
"Hyundai","i20",6e+05,"gasoline","manual",30000,"9"
"Hyundai","Santro",5e+05,"gasoline","manual",1250,"6"
"Hyundai","Verna",195000,"diesel","manual",90000,"17"
"Hyundai","EON",2e+05,"gasoline","manual",24005,"12"
"Hyundai","i10",120000,"gasoline","manual",120000,"16"
"Hyundai","i20",6e+05,"gasoline","manual",61000,"9"
"Hyundai","i10",270000,"gasoline","manual",27633,"16"
"Hyundai","Creta",850000,"diesel","manual",84000,"10"
"Hyundai","Verna",484999,"diesel","manual",65000,"12"
"Hyundai","Tucson",1650000,"diesel","manual",55000,"8"
"Hyundai","EON",295000,"gasoline","manual",21000,"10"
"Hyundai","Creta",1475000,"gasoline","automatic",11700,"7"
"Hyundai","Verna",1100000,"gasoline","automatic",10000,"8"
"Hyundai","Verna",760000,"gasoline","manual",55340,"10"
"Hyundai","Creta",1150000,"diesel","automatic",54634,"10"
"Hyundai","Creta",535000,"diesel","manual",52600,"9"
"Hyundai","i10",550000,"gasoline","automatic",19890,"8"
"Hyundai","i10",520000,"gasoline","automatic",10510,"8"
"Hyundai","i10",229999,"gasoline","manual",49824,"13"
"Hyundai","Santro",80000,"gasoline","manual",56580,"20"
"Hyundai","Verna",760000,"gasoline","manual",55340,"10"
"Hyundai","Creta",535000,"diesel","manual",52600,"9"
"Hyundai","i10",550000,"gasoline","automatic",19890,"8"
"Hyundai","i10",520000,"gasoline","automatic",10510,"8"
"Hyundai","i10",229999,"gasoline","manual",49824,"13"
"Hyundai","Santro",80000,"gasoline","manual",56580,"20"
"Hyundai","Verna",760000,"gasoline","manual",55340,"10"
"Hyundai","Creta",535000,"diesel","manual",52600,"9"
"Hyundai","i10",550000,"gasoline","automatic",19890,"8"
"Hyundai","i10",520000,"gasoline","automatic",10510,"8"
"Hyundai","i10",229999,"gasoline","manual",49824,"13"
"Hyundai","Santro",80000,"gasoline","manual",56580,"20"
"Hyundai","Verna",760000,"gasoline","manual",55340,"10"
"Hyundai","Creta",535000,"diesel","manual",52600,"9"
"Hyundai","i10",550000,"gasoline","automatic",19890,"8"
"Hyundai","i10",520000,"gasoline","automatic",10510,"8"
"Hyundai","i10",229999,"gasoline","manual",49824,"13"
"Hyundai","Santro",80000,"gasoline","manual",56580,"20"
"Hyundai","Verna",760000,"gasoline","manual",55340,"10"
"Hyundai","i20",350000,"gasoline","manual",50000,"12"
"Hyundai","i20",380000,"gasoline","manual",50000,"12"
"Hyundai","Santro",55000,"gasoline","manual",60000,"24"
"Hyundai","Verna",155000,"diesel","manual",100000,"18"
"Hyundai","Verna",495000,"diesel","manual",100000,"12"
"Hyundai","Verna",250000,"diesel","manual",110000,"17"
"Hyundai","Verna",409999,"diesel","manual",60000,"13"
"Hyundai","i10",7e+05,"diesel","manual",1400,"5"
"Hyundai","Verna",390000,"diesel","manual",86000,"13"
"Hyundai","Xcent",6e+05,"diesel","manual",30000,"9"
"Hyundai","i20",250000,"gasoline","manual",120000,"14"
"Hyundai","Accent",180000,"gasoline","manual",100000,"13"
"Hyundai","i10",475000,"gasoline","manual",42000,"8"
"Hyundai","i10",325000,"diesel","manual",100000,"10"
"Hyundai","Creta",1199000,"diesel","automatic",30093,"9"
"Hyundai","Verna",425000,"gasoline","manual",59319,"12"
"Hyundai","i10",325000,"gasoline","manual",35299,"12"
"Hyundai","i20",265000,"gasoline","manual",47564,"15"
"Hyundai","Verna",550000,"diesel","manual",50000,"11"
"Hyundai","i20",210000,"gasoline","manual",90000,"15"
"Hyundai","Verna",1200000,"diesel","manual",25000,"6"
"Hyundai","EON",325000,"gasoline","manual",20629,"7"
"Hyundai","i10",4e+05,"gasoline","automatic",30000,"10"
"Hyundai","i20",525000,"gasoline","manual",70378,"10"
"Hyundai","EON",220000,"gasoline","manual",43700,"9"
"Hyundai","EON",290000,"gasoline","manual",20000,"8"
"Hyundai","i10",150000,"gasoline","manual",30000,"17"
"Hyundai","Verna",770000,"gasoline","automatic",10000,"9"
"Hyundai","Verna",530000,"gasoline","manual",89000,"12"
"Hyundai","Xcent",350000,"gasoline","manual",12000,"9"
"Hyundai","Verna",1150000,"diesel","manual",26430,"7"
"Hyundai","EON",225000,"gasoline","manual",48000,"13"
"Hyundai","i20",744000,"diesel","manual",106000,"8"
"Hyundai","EON",125000,"gasoline","manual",205000,"12"
"Hyundai","Verna",260000,"diesel","manual",125000,"14"
"Hyundai","i10",350000,"gasoline","manual",90000,"10"
"Hyundai","i10",550000,"gasoline","manual",25000,"6"
"Hyundai","Creta",9e+05,"diesel","manual",80000,"9"
"Hyundai","Verna",620000,"diesel","manual",70000,"12"
"Hyundai","i20",250000,"diesel","manual",72000,"16"
"Hyundai","Santro",52000,"gasoline","manual",50000,"24"
"Hyundai","Verna",450000,"gasoline","automatic",60000,"14"
"Hyundai","Getz",110000,"gasoline","manual",110000,"15"
"Hyundai","Santro",175000,"gasoline","manual",80000,"12"
"Hyundai","i20",4e+05,"gasoline","manual",50000,"8"
"Hyundai","i10",150000,"gasoline","manual",90000,"17"
"Hyundai","Santro",110000,"gasoline","manual",120000,"16"
"Hyundai","i20",4e+05,"gasoline","manual",38000,"8"
"Hyundai","Santro",140000,"gasoline","manual",120000,"16"
"Hyundai","EON",210000,"gasoline","manual",30000,"9"
"Hyundai","EON",1e+05,"gasoline","manual",21302,"7"
"Hyundai","i10",210000,"gasoline","manual",60000,"15"
"Hyundai","Santro",90000,"gasoline","manual",120000,"19"
"Hyundai","Creta",535000,"diesel","manual",52600,"9"
"Hyundai","i10",550000,"gasoline","automatic",19890,"8"
"Hyundai","i10",520000,"gasoline","automatic",10510,"8"
"Hyundai","i10",229999,"gasoline","manual",49824,"13"
"Hyundai","Santro",80000,"gasoline","manual",56580,"20"
"Hyundai","Verna",760000,"gasoline","manual",55340,"10"
"Hyundai","Creta",535000,"diesel","manual",52600,"9"
"Hyundai","i10",550000,"gasoline","automatic",19890,"8"
"Hyundai","i10",520000,"gasoline","automatic",10510,"8"
"Hyundai","i10",229999,"gasoline","manual",49824,"13"
"Hyundai","Santro",80000,"gasoline","manual",56580,"20"
"Hyundai","Verna",760000,"gasoline","manual",55340,"10"
"Hyundai","i10",550000,"gasoline","manual",9748,"8"
"Hyundai","Creta",1490000,"diesel","manual",20694,"7"
"Hyundai","i10",490000,"gasoline","manual",31080,"10"
"Hyundai","EON",260000,"gasoline","manual",37605,"11"
"Hyundai","Xcent",455000,"diesel","manual",55850,"11"
"Hyundai","i10",330000,"gasoline","automatic",38000,"12"
"Hyundai","Getz",110000,"gasoline","manual",60000,"18"
"Hyundai","Accent",1e+05,"diesel","manual",120000,"20"
"Hyundai","Santro",95000,"gasoline","manual",120000,"20"
"Hyundai","i10",409999,"diesel","manual",58000,"10"
"Hyundai","EON",220000,"gasoline","manual",42000,"11"
"Hyundai","Creta",950000,"diesel","manual",60000,"10"
"Hyundai","i10",147000,"gasoline","manual",110000,"14"
"Hyundai","i20",475000,"gasoline","manual",25000,"9"
"Hyundai","Santro",250000,"gasoline","manual",50000,"11"
"Hyundai","EON",160000,"gasoline","manual",70000,"13"
"Hyundai","Santro",68000,"gasoline","manual",70000,"24"
"Hyundai","i10",5e+05,"gasoline","manual",26500,"8"
"Hyundai","Creta",1050000,"diesel","manual",10000,"5"
"Hyundai","i20",6e+05,"gasoline","manual",25000,"9"
"Hyundai","Verna",9e+05,"diesel","manual",50000,"8"
"Hyundai","i10",550000,"gasoline","manual",25000,"6"
"Hyundai","i20",3e+05,"diesel","manual",90000,"12"
"Hyundai","i10",550000,"gasoline","automatic",19890,"8"
"Hyundai","i10",520000,"gasoline","automatic",10510,"8"
"Hyundai","i10",229999,"gasoline","manual",49824,"13"
"Hyundai","i20",280000,"diesel","manual",52000,"12"
"Hyundai","Xcent",375000,"gasoline","manual",70000,"10"
"Hyundai","EON",280000,"gasoline","manual",28838,"8"
"Hyundai","i10",540000,"gasoline","manual",20000,"8"
"Hyundai","Santro",114999,"gasoline","manual",90000,"20"
"Hyundai","i10",480000,"gasoline","manual",53261,"8"
"Hyundai","EON",250000,"gasoline","manual",30000,"10"
"Hyundai","Verna",1100000,"diesel","automatic",30000,"7"
"Hyundai","i20",5e+05,"gasoline","manual",40000,"9"
"Hyundai","i10",150000,"gasoline","manual",60000,"16"
"Hyundai","i10",450000,"gasoline","manual",6000,"7"
"Hyundai","Santro",150000,"gasoline","manual",68000,"16"
"Hyundai","i10",4e+05,"diesel","manual",42000,"10"
"Hyundai","Santro",160000,"gasoline","automatic",90000,"19"
"Hyundai","Verna",409999,"diesel","manual",120000,"13"
"Hyundai","Verna",155000,"gasoline","manual",65000,"18"
"Hyundai","i20",650000,"diesel","manual",37000,"7"
"Hyundai","i20",550000,"gasoline","manual",23000,"9"
"Hyundai","i10",240000,"gasoline","manual",40000,"13"
"Hyundai","EON",245000,"gasoline","manual",32000,"10"
"Hyundai","EON",229999,"gasoline","manual",13500,"12"
"Hyundai","i10",325000,"gasoline","manual",25000,"10"
"Hyundai","Verna",150000,"diesel","manual",70950,"17"
"Hyundai","i20",3e+05,"diesel","manual",90000,"12"
"Hyundai","Xcent",375000,"diesel","manual",72000,"10"
"Hyundai","i20",6e+05,"gasoline","manual",10000,"8"
"Hyundai","Verna",270000,"diesel","manual",80000,"16"
"Hyundai","i10",375000,"gasoline","manual",10000,"8"
"Hyundai","i10",375000,"gasoline","manual",10000,"8"
"Hyundai","i10",341000,"gasoline","manual",31491,"11"
"Hyundai","Santro",170000,"gasoline","manual",50000,"13"
"Hyundai","i10",195000,"gasoline","manual",80000,"14"
"Hyundai","i10",190000,"gasoline","manual",60000,"13"
"Hyundai","i20",535000,"gasoline","manual",55838,"9"
"Hyundai","Verna",425000,"gasoline","manual",66000,"12"
"Hyundai","Elantra",125000,"diesel","manual",120000,"19"
"Hyundai","i20",220000,"diesel","manual",70000,"14"
"Hyundai","Verna",150000,"gasoline","manual",84000,"18"
"Hyundai","Santro",1e+05,"gasoline","manual",50000,"18"
"Hyundai","i10",310000,"gasoline","manual",35925,"10"
"Hyundai","Verna",1200000,"diesel","manual",60000,"7"
"Hyundai","Verna",850000,"diesel","manual",75000,"9"
"Hyundai","Santro",85000,"gasoline","automatic",100000,"19"
"Hyundai","i10",486000,"gasoline","manual",26500,"8"
"Hyundai","i20",580000,"diesel","manual",57000,"9"
"Hyundai","Verna",450000,"diesel","manual",110000,"13"
"Hyundai","Verna",550000,"diesel","manual",80000,"13"
"Hyundai","Xcent",660000,"gasoline","manual",7000,"6"
"Hyundai","EON",2e+05,"gasoline","manual",120000,"12"
"Hyundai","Elite",720000,"gasoline","automatic",3000,"6"
"Hyundai","i20",570000,"gasoline","manual",35000,"8"
"Hyundai","Creta",8e+05,"diesel","manual",52000,"7"
"Hyundai","i10",350000,"diesel","manual",61658,"10"
"Hyundai","i10",650000,"gasoline","automatic",20000,"6"
"Hyundai","Xcent",430000,"diesel","manual",35000,"9"
"Hyundai","Verna",650000,"gasoline","manual",23000,"8"
"Hyundai","Accent",120000,"gasoline","manual",67000,"15"
"Hyundai","i10",235000,"gasoline","manual",74500,"14"
"Hyundai","i20",3e+05,"diesel","manual",118700,"14"
"Hyundai","i10",6e+05,"gasoline","manual",5000,"5"
"Hyundai","i10",640000,"gasoline","automatic",4000,"5"
"Hyundai","Verna",6e+05,"gasoline","manual",35000,"10"
"Hyundai","Verna",6e+05,"gasoline","manual",30000,"10"
"Hyundai","i10",160000,"gasoline","manual",110000,"17"
"Hyundai","i10",155000,"gasoline","manual",60000,"17"
"Hyundai","i20",550000,"diesel","manual",90000,"10"
"Hyundai","Verna",950000,"gasoline","automatic",41395,"7"
"Hyundai","Elantra",7e+05,"gasoline","manual",48000,"10"
"Hyundai","Verna",575000,"diesel","manual",89550,"13"
"Hyundai","Santro",1e+05,"gasoline","manual",40000,"19"
"Hyundai","i20",450000,"diesel","manual",120000,"13"
"Hyundai","i10",5e+05,"gasoline","manual",50000,"8"
"Hyundai","i10",345000,"gasoline","manual",44000,"12"
"Hyundai","Santa Fe",1e+06,"diesel","automatic",80000,"11"
"Hyundai","i10",5e+05,"gasoline","manual",5000,"6"
"Hyundai","i10",7e+05,"diesel","manual",8000,"6"
"Hyundai","Santro",475000,"gasoline","automatic",10000,"6"
"Hyundai","Verna",175000,"diesel","manual",136000,"16"
"Hyundai","Santro",170000,"gasoline","manual",50000,"15"
"Hyundai","Santro",480000,"gasoline","manual",10000,"6"
"Hyundai","Santro",70000,"gasoline","manual",80000,"22"
"Hyundai","i20",360000,"diesel","manual",80000,"12"
"Hyundai","i20",270000,"gasoline","manual",60000,"15"
"Hyundai","Xcent",420000,"diesel","manual",60000,"10"
"Hyundai","Santro",125000,"gasoline","manual",85000,"17"
"Hyundai","Verna",325000,"diesel","manual",135000,"15"
"Hyundai","i10",250000,"gasoline","manual",60000,"13"
"Hyundai","EON",315000,"gasoline","manual",18469,"8"
"Hyundai","Creta",850000,"diesel","manual",58692,"10"
"Hyundai","Creta",9e+05,"diesel","manual",54784,"10"
"Hyundai","Santro",4e+05,"gasoline","automatic",16000,"6"
"Hyundai","Verna",370000,"gasoline","manual",60000,"12"
"Hyundai","EON",160000,"gasoline","manual",70000,"13"
"Hyundai","EON",160000,"gasoline","manual",80000,"12"
"Hyundai","EON",229999,"gasoline","manual",80000,"9"
"Hyundai","i10",525000,"gasoline","manual",15000,"8"
"Hyundai","Santro",130000,"gasoline","manual",100000,"17"
"Hyundai","Elite",545000,"gasoline","manual",7300,"5"
"Hyundai","i10",450000,"gasoline","manual",6000,"7"
"Hyundai","EON",3e+05,"gasoline","manual",22000,"10"
"Hyundai","Accent",145000,"gasoline","manual",60000,"17"
"Hyundai","Santro",130000,"gasoline","manual",135000,"18"
"Hyundai","Santro",324000,"gasoline","manual",30000,"12"
"Hyundai","EON",3e+05,"gasoline","manual",20500,"10"
"Hyundai","Accent",120000,"gasoline","manual",110000,"21"
"Hyundai","Getz",250000,"gasoline","manual",70000,"20"
"Hyundai","Santro",120000,"gasoline","manual",41723,"17"
"Hyundai","EON",320000,"gasoline","manual",24662,"9"
"Hyundai","i10",575000,"diesel","manual",27005,"8"
"Hyundai","i10",355000,"gasoline","manual",39227,"11"
"Hyundai","Santro",195000,"gasoline","manual",27005,"16"
"Hyundai","Santro",90000,"gasoline","manual",100005,"21"
"Hyundai","Verna",580000,"diesel","manual",45264,"12"
"Hyundai","EON",290000,"gasoline","manual",12000,"11"
"Hyundai","i20",270000,"gasoline","manual",110000,"15"
"Hyundai","i10",225000,"gasoline","manual",60000,"15"
"Hyundai","i20",4e+05,"gasoline","manual",59213,"12"
"Hyundai","Accent",120000,"gasoline","manual",110000,"19"
"Hyundai","Verna",5e+05,"diesel","automatic",72000,"13"
"Hyundai","i20",3e+05,"gasoline","manual",80000,"13"
"Hyundai","Creta",950000,"diesel","manual",70000,"7"
"Hyundai","Creta",535000,"diesel","manual",52600,"9"
"Hyundai","i10",550000,"gasoline","automatic",19890,"8"
"Hyundai","i10",520000,"gasoline","automatic",10510,"8"
"Hyundai","i10",229999,"gasoline","manual",49824,"13"
"Hyundai","Santro",80000,"gasoline","manual",56580,"20"
"Hyundai","Verna",760000,"gasoline","manual",55340,"10"
"Hyundai","i20",530000,"diesel","manual",77000,"10"
"Hyundai","Verna",312000,"diesel","manual",90000,"13"
"Hyundai","Santro",150000,"gasoline","manual",47000,"20"
"Hyundai","Verna",229999,"diesel","manual",120000,"15"
"Hyundai","Creta",875000,"diesel","automatic",74000,"9"
"Hyundai","Verna",8e+05,"gasoline","manual",40000,"7"
"Hyundai","Xcent",5e+05,"gasoline","manual",8000,"7"
"Hyundai","EON",250000,"gasoline","manual",35000,"12"
"Hyundai","Santro",75000,"gasoline","manual",60000,"20"
"Hyundai","Santro",60000,"gasoline","manual",120000,"19"
"Hyundai","Verna",315000,"diesel","manual",80000,"12"
"Hyundai","Verna",220000,"gasoline","manual",54309,"17"
"Hyundai","Venue",1e+06,"diesel","manual",5000,"5"
"Hyundai","Verna",5e+05,"diesel","manual",31000,"14"
"Hyundai","Santro",52000,"gasoline","manual",50000,"24"
"Hyundai","i20",6e+05,"gasoline","manual",10000,"8"
"Hyundai","i10",250000,"gasoline","manual",50000,"14"
"Hyundai","Creta",8e+05,"diesel","manual",52000,"7"
"Hyundai","Accent",150000,"gasoline","manual",60000,"14"
"Hyundai","Accent",114999,"gasoline","manual",106000,"16"
"Hyundai","i10",150000,"gasoline","manual",90000,"15"
"Hyundai","Santro",60000,"gasoline","manual",120000,"23"
"Hyundai","EON",229999,"gasoline","manual",65000,"11"
"Hyundai","i20",321000,"diesel","manual",81257,"14"
"Hyundai","i10",509999,"diesel","manual",44000,"8"
"Hyundai","Verna",175000,"diesel","manual",80000,"18"
"Hyundai","Verna",335000,"diesel","manual",110000,"12"
"Hyundai","EON",215000,"gasoline","manual",70000,"13"
"Hyundai","Verna",120000,"gasoline","manual",90000,"17"
"Hyundai","Santro",2e+05,"gasoline","manual",100000,"16"
"Hyundai","i10",550000,"gasoline","manual",3917,"8"
"Hyundai","Elite",650000,"gasoline","manual",13500,"6"
"Hyundai","Accent",2e+05,"gasoline","manual",70000,"12"
"Hyundai","Verna",370000,"gasoline","manual",55168,"14"
"Hyundai","i20",375000,"gasoline","manual",41041,"12"
"Hyundai","i10",235000,"gasoline","manual",67067,"16"
"Hyundai","i10",345000,"gasoline","automatic",66066,"12"
"Hyundai","i10",4e+05,"gasoline","manual",48000,"11"
"Hyundai","EON",250000,"gasoline","manual",30000,"10"
"Hyundai","Verna",465000,"diesel","automatic",70070,"13"
"Hyundai","i10",5e+05,"gasoline","automatic",50000,"10"
"Hyundai","i10",465000,"gasoline","automatic",63063,"10"
"Hyundai","Accent",60000,"gasoline","manual",90000,"26"
"Hyundai","Getz",70000,"gasoline","manual",90000,"20"
"Hyundai","EON",229999,"gasoline","manual",80000,"9"
"Hyundai","i20",370000,"diesel","manual",80000,"11"
"Hyundai","i10",210000,"gasoline","manual",60000,"15"
"Hyundai","Santro",90000,"gasoline","manual",120000,"19"
"Hyundai","Verna",2e+05,"diesel","manual",78000,"15"
"Hyundai","Verna",210000,"diesel","manual",72000,"14"
"Hyundai","i20",220000,"gasoline","manual",58000,"14"
"Hyundai","i20",325000,"diesel","manual",78000,"12"
"Hyundai","Accent",125000,"gasoline","manual",76000,"18"
"Hyundai","Tucson",170000,"diesel","manual",170000,"19"
"Hyundai","i20",5e+05,"diesel","manual",80000,"10"
"Hyundai","Santro",70000,"gasoline","manual",170000,"20"
"Hyundai","i20",330000,"gasoline","manual",90000,"13"
"Hyundai","Santro",120000,"gasoline","manual",90000,"15"
"Hyundai","Verna",430000,"diesel","manual",100000,"12"
"Hyundai","EON",190000,"gasoline","manual",50000,"11"
"Hyundai","i20",315000,"diesel","manual",110000,"11"
"Hyundai","i10",3e+05,"diesel","manual",60000,"10"
"Hyundai","Tucson",1650000,"diesel","manual",55000,"8"
"Hyundai","EON",295000,"gasoline","manual",21000,"10"
"Hyundai","Creta",1475000,"gasoline","automatic",11700,"7"
"Hyundai","Verna",1100000,"gasoline","automatic",10000,"8"
"Hyundai","Verna",760000,"gasoline","manual",55340,"10"
"Hyundai","Creta",1150000,"diesel","automatic",54634,"10"
"Hyundai","Elite",720000,"gasoline","automatic",3000,"6"
"Hyundai","EON",180000,"gasoline","manual",76000,"11"
"Hyundai","Santro",85000,"gasoline","manual",110000,"22"
"Hyundai","i10",140000,"gasoline","manual",80000,"16"
"Hyundai","Santro",150000,"gasoline","manual",157000,"14"
"Hyundai","i10",140000,"gasoline","manual",103921,"17"
"Hyundai","Creta",1050000,"diesel","manual",10000,"5"
"Hyundai","EON",210000,"gasoline","manual",30000,"9"
"Hyundai","Getz",110000,"diesel","manual",154000,"17"
"Hyundai","Creta",535000,"diesel","manual",52600,"9"
"Hyundai","i10",550000,"gasoline","automatic",19890,"8"
"Hyundai","i10",520000,"gasoline","automatic",10510,"8"
"Hyundai","i10",229999,"gasoline","manual",49824,"13"
"Hyundai","Santro",80000,"gasoline","manual",56580,"20"
"Hyundai","Verna",760000,"gasoline","manual",55340,"10"
"Hyundai","Creta",535000,"diesel","manual",52600,"9"
"Hyundai","i10",550000,"gasoline","automatic",19890,"8"
"Hyundai","i10",520000,"gasoline","automatic",10510,"8"
"Hyundai","i10",229999,"gasoline","manual",49824,"13"
"Hyundai","Santro",80000,"gasoline","manual",56580,"20"
"Hyundai","Verna",760000,"gasoline","manual",55340,"10"
"Hyundai","Accent",170000,"diesel","manual",245244,"19"
"Hyundai","Accent",85000,"diesel","manual",100000,"23"
"Hyundai","Santro",80000,"gasoline","manual",56580,"20"
"Hyundai","Santro",70000,"gasoline","manual",68500,"20"
"Hyundai","Santro",484999,"gasoline","automatic",5007,"6"
"Hyundai","Verna",190000,"gasoline","manual",38000,"15"
"Hyundai","i10",235000,"gasoline","manual",43100,"14"
"Hyundai","EON",250000,"gasoline","manual",19000,"8"
"Hyundai","i10",540000,"gasoline","manual",20000,"8"
"Hyundai","Verna",175000,"diesel","manual",80000,"18"
"Hyundai","i20",440000,"diesel","manual",70000,"13"
"Hyundai","Santro",270000,"gasoline","manual",60000,"12"
"Hyundai","i10",595000,"gasoline","manual",27000,"8"
"Hyundai","Verna",1295000,"diesel","manual",9000,"6"
"Hyundai","Santro",515000,"gasoline","manual",16000,"7"
"Hyundai","i10",550000,"gasoline","manual",31000,"7"
"Hyundai","Santro",135000,"gasoline","manual",85000,"18"
"Hyundai","EON",270000,"gasoline","manual",20000,"7"
"Hyundai","EON",210000,"gasoline","manual",30000,"9"
"Hyundai","EON",1e+05,"gasoline","manual",21302,"7"
"Hyundai","i20",650000,"diesel","manual",100000,"9"
"Hyundai","Getz",150000,"gasoline","manual",105546,"15"
"Hyundai","i20",340000,"gasoline","manual",35000,"12"
"Hyundai","Elite",8e+05,"gasoline","manual",11240,"6"
"Hyundai","Creta",950000,"diesel","manual",90000,"9"
"Hyundai","Verna",1150000,"diesel","manual",26430,"7"
"Hyundai","Verna",550000,"diesel","manual",42324,"12"
"Hyundai","Creta",535000,"diesel","manual",52600,"9"
"Hyundai","i10",396000,"gasoline","manual",28643,"9"
"Hyundai","Santro",520000,"gasoline","manual",5000,"5"
"Hyundai","i10",4e+05,"gasoline","manual",25000,"11"
"Hyundai","i20",560000,"gasoline","manual",68523,"9"
"Hyundai","EON",4e+05,"gasoline","manual",5000,"6"
"Hyundai","Xcent",450000,"diesel","manual",43000,"8"
"Hyundai","i20",250000,"gasoline","manual",34500,"15"
"Hyundai","Accent",145000,"gasoline","manual",110000,"15"
"Hyundai","i20",420000,"diesel","manual",50000,"12"
"Hyundai","i20",420000,"diesel","manual",50000,"12"
"Hyundai","EON",150000,"gasoline","manual",55766,"13"
"Hyundai","Santro",1e+05,"gasoline","manual",40000,"19"
"Hyundai","EON",320000,"gasoline","manual",24662,"9"
"Hyundai","i10",575000,"diesel","manual",27005,"8"
"Hyundai","i10",355000,"gasoline","manual",39227,"11"
"Hyundai","Santro",195000,"gasoline","manual",27005,"16"
"Hyundai","i10",4e+05,"gasoline","manual",50000,"15"
"Hyundai","Santro",190000,"gasoline","manual",70000,"17"
"Hyundai","i20",525000,"gasoline","manual",54000,"11"
"Hyundai","Creta",1025000,"gasoline","manual",9000,"8"
"Hyundai","i20",475000,"gasoline","manual",23122,"11"
"Hyundai","Santro",80000,"gasoline","manual",58000,"18"
"Hyundai","Getz",110000,"diesel","manual",154000,"17"
"Hyundai","EON",150000,"gasoline","manual",80000,"13"
"Hyundai","Elite",6e+05,"gasoline","manual",5200,"6"
"Hyundai","i10",235000,"gasoline","manual",46000,"14"
"Hyundai","Verna",1e+06,"diesel","manual",25000,"6"
"Hyundai","Verna",390000,"diesel","manual",90000,"13"
"Hyundai","i20",6e+05,"gasoline","manual",70000,"8"
"Hyundai","Elite",730000,"diesel","manual",35000,"6"
"Hyundai","i10",450000,"gasoline","automatic",12700,"8"
"Hyundai","EON",170000,"gasoline","manual",80000,"10"
"Hyundai","i20",699000,"diesel","manual",30000,"10"
"Hyundai","i20",350000,"diesel","manual",160000,"13"
"Hyundai","Xcent",335000,"gasoline","manual",60000,"11"
"Hyundai","Getz",250000,"gasoline","manual",70000,"20"
"Hyundai","Santro",120000,"gasoline","manual",41723,"17"
"Hyundai","i20",250000,"gasoline","manual",55000,"15"
"Hyundai","Xcent",511000,"gasoline","manual",70000,"7"
"Hyundai","i10",125000,"gasoline","manual",60000,"15"
"Hyundai","Santro",3e+05,"gasoline","manual",50000,"13"
"Hyundai","i20",4e+05,"diesel","manual",70000,"13"
"Hyundai","Verna",5e+05,"diesel","manual",26000,"13"
"Hyundai","Verna",550000,"gasoline","manual",100000,"11"
"Hyundai","Elantra",650000,"diesel","manual",30000,"11"
"Hyundai","Getz",110000,"gasoline","manual",110000,"17"
"Hyundai","i20",330000,"gasoline","manual",44000,"13"
"Hyundai","Verna",6e+05,"gasoline","manual",50000,"11"
"Hyundai","i10",210000,"gasoline","manual",50000,"13"
"Hyundai","Xcent",450000,"gasoline","manual",35000,"9"
"Hyundai","Verna",480000,"diesel","manual",80000,"13"
"Hyundai","i20",5e+05,"gasoline","manual",35000,"10"
"Hyundai","Creta",535000,"diesel","manual",52600,"9"
"Hyundai","i10",550000,"gasoline","automatic",19890,"8"
"Hyundai","i10",520000,"gasoline","automatic",10510,"8"
"Hyundai","i10",229999,"gasoline","manual",49824,"13"
"Hyundai","Santro",80000,"gasoline","manual",56580,"20"
"Hyundai","Verna",760000,"gasoline","manual",55340,"10"
"Hyundai","i10",5e+05,"gasoline","manual",15000,"6"
"Hyundai","EON",150000,"gasoline","manual",55766,"13"
"Hyundai","Verna",650000,"diesel","manual",70000,"11"
"Hyundai","Accent",1e+05,"diesel","manual",120000,"20"
"Hyundai","Xcent",515000,"diesel","manual",50000,"9"
"Hyundai","i10",3e+05,"gasoline","manual",90000,"10"
"Hyundai","i20",650000,"diesel","manual",40000,"9"
"Hyundai","Verna",280000,"diesel","manual",120000,"15"
"Hyundai","EON",229999,"gasoline","manual",30000,"7"
"Hyundai","EON",245000,"gasoline","manual",30000,"7"
"Hyundai","i10",375000,"gasoline","manual",25000,"9"
"Hyundai","Sonata",225000,"gasoline","automatic",80000,"19"
"Hyundai","Sonata",275000,"gasoline","automatic",80000,"19"
"Hyundai","i20",7e+05,"diesel","manual",35000,"8"
"Hyundai","i10",450000,"diesel","manual",50000,"10"
"Hyundai","Xcent",350000,"gasoline","manual",12000,"9"
"Hyundai","Getz",71000,"gasoline","manual",22000,"20"
"Hyundai","Elite",7e+05,"gasoline","manual",27000,"7"
"Hyundai","i10",254999,"gasoline","manual",80000,"16"
"Hyundai","i20",750000,"diesel","manual",80000,"9"
"Hyundai","Verna",390000,"diesel","manual",90000,"14"
"Hyundai","Santro",140000,"gasoline","manual",80000,"20"
"Hyundai","i20",220000,"gasoline","manual",96000,"15"
"Hyundai","i20",525000,"gasoline","manual",54000,"11"
"Hyundai","i10",434999,"gasoline","manual",29000,"10"
"Hyundai","Verna",690000,"diesel","manual",73000,"9"
"Hyundai","EON",204999,"gasoline","manual",60000,"13"
"Hyundai","Creta",821000,"gasoline","manual",50000,"10"
"Hyundai","Elite",815000,"diesel","manual",42000,"7"
"Hyundai","Verna",1200000,"diesel","manual",40000,"8"
"Hyundai","Santro",155000,"gasoline","manual",90000,"15"
"Hyundai","Santro",80000,"gasoline","manual",70000,"23"
"Hyundai","i10",550000,"gasoline","manual",9748,"8"
"Hyundai","Creta",1490000,"diesel","manual",20694,"7"
"Hyundai","i10",490000,"gasoline","manual",31080,"10"
"Hyundai","EON",260000,"gasoline","manual",37605,"11"
"Hyundai","Xcent",455000,"diesel","manual",55850,"11"
"Hyundai","i10",330000,"gasoline","automatic",38000,"12"
"Hyundai","Elite",738000,"gasoline","automatic",8000,"6"
"Hyundai","Santro",1e+05,"gasoline","manual",120000,"19"
"Hyundai","Verna",765000,"diesel","manual",80000,"10"
"Hyundai","i20",350000,"diesel","manual",52000,"11"
"Hyundai","i20",650000,"gasoline","manual",26000,"9"
"Hyundai","i20",650000,"gasoline","manual",26000,"9"
"Hyundai","i10",3e+05,"gasoline","manual",120000,"11"
"Hyundai","Santro",80000,"gasoline","manual",58000,"21"
"Hyundai","EON",220000,"gasoline","manual",43700,"9"
"Hyundai","EON",290000,"gasoline","manual",20000,"8"
"Hyundai","i10",150000,"gasoline","manual",30000,"17"
"Hyundai","i20",250000,"gasoline","manual",40000,"15"
"Hyundai","i10",425000,"gasoline","manual",12000,"10"
"Hyundai","i20",516000,"gasoline","manual",90000,"10"
"Hyundai","i20",450000,"gasoline","manual",80000,"11"
"Hyundai","Elite",550000,"gasoline","manual",49000,"10"
"Hyundai","i20",250000,"gasoline","manual",40000,"15"
"Hyundai","Santro",4e+05,"gasoline","automatic",16000,"6"
"Hyundai","Santro",425000,"gasoline","manual",15000,"6"
"Hyundai","EON",310000,"gasoline","manual",20000,"7"
"Hyundai","Xcent",6e+05,"gasoline","manual",80000,"6"
"Hyundai","i20",3e+05,"diesel","manual",70000,"12"
"Hyundai","i10",420000,"gasoline","manual",44440,"9"
"Hyundai","Creta",1250000,"diesel","manual",30000,"7"
"Hyundai","i10",390000,"diesel","manual",80000,"10"
"Hyundai","i20",425000,"diesel","manual",22700,"12"
"Hyundai","Xcent",3e+05,"gasoline","manual",96000,"9"
"Hyundai","Accent",90000,"gasoline","manual",75000,"19"
"Hyundai","EON",250000,"gasoline","manual",30000,"9"
"Hyundai","i20",3e+05,"gasoline","manual",50000,"16"
"Hyundai","Getz",95000,"gasoline","manual",120000,"18"
"Hyundai","i10",475000,"gasoline","manual",23000,"7"
"Hyundai","Verna",325000,"diesel","manual",25000,"16"
"Hyundai","Verna",229999,"diesel","manual",146000,"17"
"Hyundai","Verna",1150000,"diesel","manual",26430,"7"
"Hyundai","EON",225000,"gasoline","manual",48000,"13"
"Hyundai","Verna",5e+05,"diesel","manual",130000,"13"
"Hyundai","Santro",70000,"gasoline","manual",55000,"18"
"Hyundai","i10",195000,"gasoline","manual",56000,"17"
"Hyundai","Xcent",471000,"gasoline","automatic",41025,"10"
"Hyundai","EON",225000,"gasoline","manual",53122,"13"
"Hyundai","i20",271000,"gasoline","manual",74113,"14"
"Hyundai","Creta",840000,"diesel","manual",70000,"9"
"Hyundai","i10",229999,"gasoline","manual",40000,"10"
"Hyundai","EON",2e+05,"gasoline","manual",70000,"10"
"Hyundai","Santro",75000,"gasoline","manual",57000,"22"
"Hyundai","EON",280000,"gasoline","manual",3240,"12"
"Hyundai","i20",540000,"gasoline","manual",5000,"10"
"Hyundai","i20",7e+05,"gasoline","manual",10000,"7"
"Hyundai","Accent",1e+05,"diesel","manual",120000,"20"
"Hyundai","EON",265000,"gasoline","manual",55000,"11"
"Hyundai","Elite",550000,"gasoline","manual",11000,"7"
"Hyundai","EON",250000,"gasoline","manual",44588,"13"
"Hyundai","Tucson",1600000,"diesel","automatic",40000,"7"
"Hyundai","i20",740000,"gasoline","manual",25000,"7"
"Hyundai","i10",3e+05,"gasoline","manual",20000,"14"
"Hyundai","EON",210000,"gasoline","manual",70000,"11"
"Hyundai","i10",3e+05,"diesel","manual",70000,"10"
"Hyundai","Verna",799000,"diesel","manual",31707,"8"
"Hyundai","Verna",2e+05,"gasoline","manual",60000,"16"
"Hyundai","Santro",68000,"gasoline","manual",70000,"24"
"Hyundai","i10",5e+05,"gasoline","manual",26500,"8"
"Hyundai","Verna",9e+05,"diesel","manual",50000,"8"
"Hyundai","i10",120000,"gasoline","manual",90000,"17"
"Hyundai","i20",6e+05,"gasoline","manual",25000,"9"
"Hyundai","i20",550000,"diesel","manual",60000,"9"
"Hyundai","i10",320000,"diesel","manual",73000,"12"
"Hyundai","i10",5e+05,"gasoline","manual",32000,"7"
"Hyundai","i20",655000,"diesel","manual",84000,"8"
"Hyundai","Verna",470000,"diesel","manual",109052,"13"
"Hyundai","Verna",245000,"diesel","automatic",75000,"16"
"Hyundai","EON",3e+05,"gasoline","manual",20000,"7"
"Hyundai","Xcent",350000,"diesel","manual",80000,"8"
"Hyundai","Elite",635000,"gasoline","automatic",25000,"8"
"Hyundai","EON",280000,"gasoline","manual",28838,"8"
"Hyundai","Santro",85000,"gasoline","manual",85000,"18"
"Hyundai","Elantra",1575000,"gasoline","automatic",10000,"7"
"Hyundai","Verna",860000,"diesel","manual",30000,"7"
"Hyundai","Elantra",650000,"diesel","manual",54000,"12"
"Hyundai","Verna",525000,"diesel","manual",71000,"12"
"Hyundai","Verna",620000,"diesel","manual",60000,"9"
"Hyundai","i20",350000,"diesel","manual",80000,"13"
"Hyundai","i20",260000,"gasoline","manual",97700,"14"
"Hyundai","EON",340000,"gasoline","manual",30000,"9"
"Hyundai","Santro",48000,"gasoline","manual",50000,"22"
"Hyundai","i10",125000,"gasoline","manual",102000,"17"
"Hyundai","EON",160000,"gasoline","manual",80000,"12"
"Hyundai","i10",250000,"gasoline","manual",50000,"14"
"Hyundai","i20",550000,"gasoline","manual",20000,"7"
"Hyundai","i10",6e+05,"gasoline","automatic",1100,"6"
"Hyundai","i10",125000,"gasoline","manual",60000,"17"
"Hyundai","Venue",1050000,"gasoline","manual",1100,"5"
"Hyundai","EON",3e+05,"gasoline","manual",30000,"7"
"Hyundai","Verna",123000,"gasoline","manual",50000,"18"
"Hyundai","i10",320000,"gasoline","manual",70000,"10"
"Hyundai","Xcent",270000,"diesel","manual",175000,"9"
"Hyundai","i20",540000,"gasoline","manual",60000,"8"
"Hyundai","i10",545000,"gasoline","manual",5000,"5"
"Hyundai","i10",3e+05,"gasoline","manual",48000,"10"
"Hyundai","i20",250000,"diesel","manual",70000,"13"
"Hyundai","i20",6e+05,"diesel","manual",50000,"9"
"Hyundai","Santro",80000,"gasoline","manual",58000,"21"
"Hyundai","i10",425000,"gasoline","manual",12000,"10"
"Hyundai","Santro",193000,"gasoline","manual",45000,"13"
"Hyundai","Santro",80000,"gasoline","manual",110000,"19"
"Hyundai","i10",265000,"gasoline","manual",50000,"12"
"Hyundai","EON",320000,"gasoline","manual",25000,"7"
"Hyundai","Creta",1300000,"diesel","manual",55000,"9"
"Hyundai","Santro",1e+05,"gasoline","manual",60000,"19"
"Hyundai","i10",525000,"gasoline","automatic",19000,"8"
"Hyundai","Verna",450000,"diesel","manual",78000,"11"
"Hyundai","Elite",721000,"gasoline","manual",10000,"6"
"Hyundai","i10",280000,"gasoline","manual",30000,"13"
"Hyundai","Creta",1200000,"gasoline","manual",1200,"6"
"Hyundai","i10",180000,"gasoline","automatic",134444,"14"
"Hyundai","i10",390000,"diesel","manual",70000,"11"
"Hyundai","i20",740000,"diesel","manual",60000,"8"
"Hyundai","Verna",1100000,"diesel","manual",100000,"6"
"Hyundai","Xcent",375000,"gasoline","manual",55000,"10"
"Hyundai","Verna",550000,"diesel","manual",50000,"11"
"Hyundai","Verna",434999,"diesel","manual",235000,"13"
"Hyundai","EON",254999,"gasoline","manual",24000,"14"
"Hyundai","Creta",1200000,"gasoline","manual",15000,"7"
"Hyundai","Verna",160000,"diesel","manual",90000,"16"
"Hyundai","i20",830000,"diesel","manual",40000,"7"
"Hyundai","i20",330000,"gasoline","manual",44000,"13"
"Hyundai","Verna",6e+05,"gasoline","manual",50000,"11"
"Hyundai","i10",210000,"gasoline","manual",50000,"13"
"Hyundai","Verna",229999,"gasoline","manual",70000,"15"
"Hyundai","i20",4e+05,"diesel","manual",100000,"12"
"Hyundai","i10",1e+05,"gasoline","manual",60000,"17"
"Hyundai","EON",225000,"gasoline","manual",80000,"10"
"Hyundai","i20",570000,"gasoline","manual",35000,"8"
"Hyundai","i10",250000,"gasoline","manual",50000,"16"
"Hyundai","i10",495000,"gasoline","manual",5000,"8"
"Hyundai","i10",295000,"gasoline","manual",38500,"11"
"Hyundai","i10",220000,"gasoline","manual",25000,"14"
"Hyundai","Verna",3e+05,"gasoline","manual",40000,"13"
"Hyundai","EON",245000,"gasoline","manual",14987,"13"
"Hyundai","i20",650000,"gasoline","manual",30000,"7"
"Hyundai","i10",550000,"gasoline","automatic",35000,"7"
"Hyundai","EON",275000,"gasoline","manual",25000,"9"
"Hyundai","Verna",520000,"diesel","manual",35000,"13"
"Hyundai","EON",250000,"gasoline","manual",40000,"12"
"Hyundai","EON",160000,"gasoline","manual",70000,"10"
"Hyundai","Creta",850000,"gasoline","manual",12500,"7"
"Hyundai","Xcent",450000,"diesel","manual",70000,"7"
"Hyundai","Santa Fe",8e+05,"diesel","manual",220000,"14"
"Hyundai","i20",620000,"gasoline","manual",65000,"8"
"Hyundai","i10",6e+05,"gasoline","manual",2500,"7"
"Hyundai","i10",425000,"diesel","manual",42500,"9"
"Hyundai","i20",640000,"gasoline","manual",37000,"8"
"Hyundai","Santro",120000,"gasoline","manual",70000,"16"
"Hyundai","i10",450000,"gasoline","manual",80000,"11"
"Hyundai","Santro",114999,"gasoline","manual",90000,"20"
"Hyundai","Creta",1035000,"gasoline","automatic",23000,"8"
"Hyundai","i10",550000,"gasoline","manual",45457,"9"
"Hyundai","Creta",1260000,"diesel","manual",39221,"8"
"Hyundai","i20",660000,"gasoline","manual",48220,"9"
"Hyundai","i20",7e+05,"gasoline","manual",11114,"8"
"Hyundai","Getz",235000,"diesel","manual",60208,"17"
"Hyundai","Creta",9e+05,"gasoline","manual",14700,"8"
"Hyundai","Santro",150000,"gasoline","manual",100000,"16"
"Hyundai","Getz",110000,"gasoline","manual",90000,"18"
"Hyundai","i20",310000,"diesel","manual",92686,"13"
"Hyundai","Santro",1e+05,"gasoline","manual",60000,"22"
"Hyundai","EON",280000,"gasoline","manual",55000,"11"
"Hyundai","EON",360000,"gasoline","manual",6000,"7"
"Hyundai","EON",320000,"gasoline","manual",80000,"11"
"Hyundai","EON",225000,"gasoline","manual",30000,"11"
"Hyundai","i10",229999,"gasoline","manual",45000,"13"
"Hyundai","Santro",145000,"gasoline","manual",67000,"17"
"Hyundai","Verna",5e+05,"gasoline","manual",25000,"10"
"Hyundai","i10",225000,"gasoline","manual",30000,"14"
"Hyundai","Xcent",3e+05,"diesel","manual",80000,"8"
"Hyundai","i20",680000,"diesel","manual",20000,"9"
"Hyundai","Accent",120000,"diesel","manual",120000,"21"
"Hyundai","Santro",320000,"gasoline","manual",54350,"11"
"Hyundai","i10",5e+05,"gasoline","manual",30000,"6"
"Hyundai","Creta",1025000,"diesel","manual",90000,"10"
"Hyundai","EON",350000,"gasoline","manual",15000,"7"
"Hyundai","i20",550000,"diesel","manual",87000,"10"
"Hyundai","Creta",850000,"gasoline","manual",25000,"10"
"Hyundai","i20",650000,"gasoline","manual",26000,"9"
"Hyundai","i20",650000,"gasoline","manual",26000,"9"
"Hyundai","EON",280000,"gasoline","manual",55000,"11"
"Hyundai","EON",360000,"gasoline","manual",6000,"7"
"Hyundai","EON",320000,"gasoline","manual",80000,"11"
"Hyundai","Verna",245000,"diesel","automatic",75000,"16"
"Hyundai","EON",3e+05,"gasoline","manual",20000,"7"
"Hyundai","Xcent",350000,"diesel","manual",80000,"8"
"Hyundai","Creta",1249000,"diesel","manual",60000,"9"
"Hyundai","Creta",1151000,"diesel","manual",85000,"9"
"Hyundai","EON",350000,"gasoline","manual",20000,"7"
"Hyundai","i10",525000,"gasoline","manual",9400,"6"
"Hyundai","i10",250000,"gasoline","manual",28000,"14"
"Hyundai","Verna",1050000,"diesel","automatic",31000,"8"
"Hyundai","i20",375000,"gasoline","manual",72000,"14"
"Hyundai","i10",3e+05,"gasoline","manual",37555,"11"
"Hyundai","Santro",140000,"gasoline","manual",100000,"16"
"Hyundai","Verna",3e+05,"diesel","manual",130000,"15"
"Hyundai","Creta",535000,"diesel","manual",52600,"9"
"Hyundai","i10",550000,"gasoline","automatic",19890,"8"
"Hyundai","i20",535000,"gasoline","manual",38365,"9"
"Hyundai","Verna",155000,"gasoline","manual",65000,"18"
"Hyundai","Verna",123000,"gasoline","manual",50000,"18"
"Hyundai","Santro",80000,"gasoline","manual",110000,"19"
"Hyundai","i20",650000,"diesel","manual",37000,"7"
"Hyundai","i20",550000,"gasoline","manual",23000,"9"
"Hyundai","i10",240000,"gasoline","manual",40000,"13"
"Hyundai","EON",245000,"gasoline","manual",32000,"10"
"Hyundai","Creta",927999,"diesel","manual",90000,"9"
"Hyundai","Xcent",399000,"diesel","manual",55000,"10"
"Hyundai","Santro",150000,"gasoline","manual",90000,"17"
"Hyundai","EON",250000,"gasoline","manual",25000,"10"
"Hyundai","Verna",675000,"diesel","manual",61000,"11"
"Hyundai","Verna",212000,"diesel","manual",58000,"18"
"Hyundai","Verna",530000,"gasoline","manual",64916,"8"
"Hyundai","EON",219000,"gasoline","manual",53500,"12"
"Hyundai","Creta",850000,"diesel","manual",84000,"10"
"Hyundai","Verna",484999,"diesel","manual",65000,"12"
"Hyundai","i20",565000,"gasoline","manual",46000,"10"
"Hyundai","EON",170000,"gasoline","manual",80000,"12"
"Hyundai","i20",819999,"diesel","manual",40000,"7"
"Hyundai","Elite",819999,"diesel","manual",40000,"6"
"Hyundai","i20",780000,"diesel","manual",50000,"8"
"Hyundai","Santro",125000,"gasoline","automatic",70000,"21"
"Hyundai","i10",465000,"diesel","manual",25000,"7"
"Hyundai","i10",490000,"diesel","manual",66000,"8"
"Hyundai","Santro",290000,"gasoline","manual",49000,"12"
"Hyundai","i20",680000,"diesel","manual",44000,"8"
"Hyundai","Verna",1100000,"diesel","automatic",25000,"7"
"Hyundai","i10",465000,"diesel","manual",25000,"7"
"Hyundai","i10",490000,"diesel","manual",66000,"8"
"Hyundai","Santro",290000,"gasoline","manual",49000,"12"
"Hyundai","i20",680000,"diesel","manual",44000,"8"
"Hyundai","Verna",1100000,"diesel","automatic",25000,"7"
"Hyundai","i10",250000,"gasoline","manual",100000,"15"
"Hyundai","i10",250000,"gasoline","manual",110000,"15"
"Hyundai","Santro",145000,"gasoline","manual",52000,"19"
"Hyundai","Santro",145000,"gasoline","automatic",66000,"19"
"Hyundai","Santro",80000,"gasoline","manual",56580,"20"
"Hyundai","Santro",70000,"gasoline","manual",68500,"20"
"Hyundai","Santro",484999,"gasoline","automatic",5007,"6"
"Hyundai","Verna",190000,"gasoline","manual",38000,"15"
"Hyundai","i10",235000,"gasoline","manual",43100,"14"
"Hyundai","Verna",5e+05,"diesel","manual",120000,"12"
"Hyundai","i20",409999,"diesel","manual",80000,"11"
"Hyundai","i20",409999,"diesel","manual",80000,"11"
"Hyundai","Creta",865000,"diesel","manual",90000,"9"
"Audi","Q5",1190000,"diesel","automatic",175900,"14"
"Audi","A6",1735000,"diesel","automatic",50000,"12"
"Audi","Q7",1250000,"diesel","automatic",78000,"16"
"Audi","A6",1470000,"diesel","automatic",34000,"11"
"Audi","A8",2800000,"diesel","automatic",49000,"12"
"Audi","A4",1150000,"diesel","automatic",53000,"12"
"Audi","Q5",1350000,"diesel","automatic",90000,"13"
"Audi","A4",1580000,"diesel","automatic",86000,"12"
"Audi","A6",1300000,"diesel","automatic",58500,"12"
"Audi","A4",1580000,"diesel","automatic",86000,"12"
"Audi","A6",1300000,"diesel","automatic",58500,"12"
"Audi","A4",1580000,"diesel","automatic",86000,"12"
"Audi","A6",1300000,"diesel","automatic",58500,"12"
"Audi","A4",1580000,"diesel","automatic",86000,"12"
"Audi","A6",1300000,"diesel","automatic",58500,"12"
"Audi","A4",1549000,"diesel","automatic",42215,"11"
"Audi","A4",1580000,"diesel","automatic",86000,"12"
"Audi","A6",1300000,"diesel","automatic",58500,"12"
"Audi","A4",1580000,"diesel","automatic",86000,"12"
"Audi","A6",1300000,"diesel","automatic",58500,"12"
"Audi","Q3",2700000,"diesel","automatic",25000,"7"
"Audi","A5",4700000,"diesel","automatic",1500,"5"
"Audi","A6",1300000,"diesel","automatic",58500,"12"
"Audi","A4",3100000,"gasoline","automatic",22000,"7"
"Audi","A4",1580000,"diesel","automatic",86000,"12"
"Audi","Q3",1750000,"diesel","automatic",127643,"10"
"Audi","A6",1750000,"diesel","automatic",102354,"11"
"Audi","Q5",1850000,"gasoline","automatic",62237,"11"
"Audi","A4",2300000,"diesel","automatic",35000,"10"
"Audi","A8",1250000,"diesel","automatic",47000,"16"
"Audi","A4",3256000,"diesel","automatic",17000,"6"
"Audi","Q5",3500000,"diesel","automatic",35000,"10"
"Audi","A4",1580000,"diesel","automatic",86000,"12"
"Audi","A6",1300000,"diesel","automatic",58500,"12"
"Audi","A4",1580000,"diesel","automatic",86000,"12"
"Audi","A6",1300000,"diesel","automatic",58500,"12"
"Audi","A4",1580000,"diesel","automatic",86000,"12"
"Audi","A6",1300000,"diesel","automatic",58500,"12"
"Audi","Q5",3899000,"diesel","automatic",22000,"7"
"Audi","A4",3100000,"gasoline","automatic",22000,"7"
"Audi","A6",1470000,"diesel","automatic",34000,"11"
"Audi","A8",2800000,"diesel","automatic",49000,"12"
"Audi","A4",1150000,"diesel","automatic",53000,"12"
"Audi","Q5",1100000,"gasoline","automatic",110000,"15"
"Audi","A4",1580000,"diesel","automatic",86000,"12"
"Audi","A6",1300000,"diesel","automatic",58500,"12"
"Audi","Q3",1150000,"diesel","automatic",110000,"11"
"Audi","A6",850000,"diesel","automatic",46000,"15"
"Audi","A4",1295000,"diesel","automatic",58000,"14"
"Audi","A4",1200000,"gasoline","automatic",60000,"13"
"Audi","A6",650000,"gasoline","automatic",70000,"17"
"Audi","A4",1580000,"diesel","automatic",86000,"12"
"Audi","Q3",1750000,"diesel","automatic",127643,"10"
"Audi","A6",1750000,"diesel","automatic",102354,"11"
"Audi","Q3",2575000,"diesel","automatic",36000,"8"
"Audi","Q5",1850000,"gasoline","automatic",62237,"11"
"Audi","RS7",8900000,"gasoline","automatic",13000,"9"
"Audi","Q5",3200000,"diesel","automatic",30000,"10"
"Audi","Q3",1400000,"diesel","automatic",118000,"13"
"Audi","Q5",3899000,"diesel","automatic",22000,"7"
"Mercedes-Benz","C-Class",1425000,"diesel","automatic",59000,"12"
"Mercedes-Benz","C-Class",1375000,"diesel","automatic",33800,"13"
"Mercedes-Benz","E-Class",850000,"gasoline","automatic",119000,"15"
"Mercedes-Benz","S-Class",8150000,"diesel","automatic",6500,"8"
"Mercedes-Benz","E-Class",4500000,"gasoline","automatic",9800,"7"
"Mercedes-Benz","C-Class",1500000,"diesel","automatic",35000,"12"
"Mercedes-Benz","C-Class",2e+06,"diesel","automatic",15000,"12"
"Mercedes-Benz","GL-Class",4400000,"diesel","automatic",100000,"11"
"Mercedes-Benz","C-Class",3800000,"diesel","automatic",10000,"7"
"Mercedes-Benz","C-Class",3800000,"diesel","automatic",10000,"7"
"Mercedes-Benz","C-Class",3800000,"diesel","automatic",10000,"7"
"Mercedes-Benz","C-Class",3800000,"diesel","automatic",10000,"7"
"Mercedes-Benz","M-Class",2500000,"diesel","automatic",79500,"11"
"Mercedes-Benz","C-Class",3800000,"diesel","automatic",10000,"7"
"Mercedes-Benz","C-Class",3800000,"diesel","automatic",10000,"7"
"Mercedes-Benz","C-Class",3800000,"diesel","automatic",10000,"7"
"Mercedes-Benz","C-Class",2490000,"diesel","automatic",46000,"11"
"Mercedes-Benz","E-Class",2500000,"diesel","automatic",35000,"13"
"Mercedes-Benz","E-Class",350000,"diesel","manual",100000,"24"
"Mercedes-Benz","C-Class",699000,"diesel","manual",101849,"18"
"Mercedes-Benz","C-Class",3800000,"diesel","automatic",10000,"7"
"Mercedes-Benz","E-Class",1e+06,"gasoline","automatic",35000,"27"
"Mercedes-Benz","GL-Class",4400000,"diesel","automatic",100000,"11"
"Mercedes-Benz","C-Class",3800000,"diesel","automatic",10000,"7"
"Mercedes-Benz","C-Class",3800000,"diesel","automatic",10000,"7"
"Mercedes-Benz","E-Class",999000,"diesel","automatic",49600,"14"
"Mercedes-Benz","E-Class",1e+06,"gasoline","automatic",35000,"27"
"Mercedes-Benz","B-Class",1100000,"gasoline","automatic",40000,"12"
"Mercedes-Benz","E-Class",4500000,"gasoline","automatic",9800,"7"
"Mercedes-Benz","C-Class",3800000,"diesel","automatic",10000,"7"
"Mercedes-Benz","E-Class",1451000,"diesel","automatic",81000,"12"
"Mercedes-Benz","E-Class",9e+05,"diesel","automatic",76731,"18"
"Mercedes-Benz","E-Class",795000,"diesel","automatic",98600,"17"
"Mercedes-Benz","GLS",5500000,"diesel","automatic",77350,"9"
"Mercedes-Benz","E-Class",999000,"diesel","automatic",49600,"14"
"BMW","3 Series",1550000,"diesel","automatic",75800,"12"
"BMW","X1",2750000,"diesel","automatic",13000,"8"
"BMW","7 Series",2500000,"diesel","automatic",48000,"13"
"BMW","5 Series",2900000,"diesel","automatic",40000,"8"
"BMW","3 Series",2e+06,"diesel","automatic",167223,"12"
"BMW","X1",1375000,"diesel","automatic",60000,"14"
"BMW","3 Series",2150000,"diesel","automatic",43000,"9"
"BMW","X5",4950000,"diesel","automatic",30000,"6"
"BMW","X5",4950000,"diesel","automatic",30000,"6"
"BMW","X5",4950000,"diesel","automatic",30000,"6"
"BMW","X5",4950000,"diesel","automatic",30000,"6"
"BMW","X5",4950000,"diesel","automatic",30000,"6"
"BMW","X5",4950000,"diesel","automatic",30000,"6"
"BMW","7 Series",4e+06,"diesel","automatic",47000,"11"
"BMW","3 Series",1490000,"diesel","automatic",40000,"12"
"BMW","X5",4950000,"diesel","automatic",30000,"6"
"BMW","3 Series",3050000,"diesel","automatic",30000,"8"
"BMW","X1",2400000,"diesel","automatic",30000,"8"
"BMW","X1",1485000,"diesel","automatic",48000,"11"
"BMW","X1",2600000,"diesel","automatic",9500,"6"
"BMW","X5",4950000,"diesel","automatic",30000,"6"
"BMW","X5",4950000,"diesel","automatic",30000,"6"
"BMW","X5",4950000,"diesel","automatic",30000,"6"
"BMW","7 Series",1050000,"diesel","automatic",30000,"19"
"BMW","7 Series",1700000,"diesel","automatic",100000,"14"
"BMW","X1",2750000,"diesel","automatic",13000,"8"
"BMW","X1",890000,"diesel","automatic",86000,"14"
"BMW","X1",2600000,"diesel","automatic",9500,"6"
"BMW","X5",4950000,"diesel","automatic",30000,"6"
"BMW","X1",7e+05,"diesel","automatic",120000,"13"
"BMW","3 Series",2200000,"diesel","automatic",24000,"10"
"BMW","5 Series",1200000,"diesel","automatic",45000,"16"
"BMW","5 Series",480000,"gasoline","automatic",110000,"19"
"BMW","5 Series",2900000,"diesel","automatic",40000,"8"
"BMW","5 Series",4800000,"diesel","automatic",9422,"7"
"BMW","X1",750000,"diesel","automatic",100000,"13"
"BMW","3 Series",2300000,"diesel","automatic",39000,"7"
"BMW","5 Series",4800000,"diesel","automatic",12999,"6"
"BMW","7 Series",1050000,"diesel","automatic",30000,"19"
