"brand","model","year","price_in_euro","transmission_type","fuel_type","mileage_in_km"
"audi","Audi A3","2004","8500","Automatic","Diesel",168553
"audi","Audi A3","2005","5650","Automatic","Diesel",327000
"audi","Audi A3","2005","3000","Automatic","Diesel",226580
"audi","Audi A3","2005","5200","Automatic","Diesel",222000
"audi","Audi A3","2005","6990","Automatic","Diesel",90000
"audi","Audi A3","2006","5400","Automatic","Diesel",308000
"audi","Audi A3","2006","6790","Automatic","Diesel",232000
"audi","Audi A3","2006","2900","Automatic","Diesel",323985
"audi","Audi A3","2006","2300","Automatic","Diesel",334750
"audi","Audi A3","2006","5999","Automatic","Diesel",230000
"audi","Audi A3","2006","6490","Automatic","Diesel",198700
"audi","Audi A3","2007","4200","Automatic","Diesel",239541
"audi","Audi A3","2007","6950","Automatic","Diesel",160500
"audi","Audi A3","2007","9500","Automatic","Diesel",173000
"audi","Audi A3","2007","3999","Automatic","Diesel",3e+05
"audi","Audi A3","2007","6500","Automatic","Diesel",209000
"audi","Audi A3","2007","7999","Automatic","Diesel",213000
"audi","Audi A3","2007","5490","Automatic","Diesel",191000
"audi","Audi A3","2007","4990","Automatic","Diesel",175000
"audi","Audi A3","2007","6900","Automatic","Diesel",166000
"audi","Audi A3","2008","4490","Automatic","Diesel",313400
"audi","Audi A3","2008","6600","Automatic","Diesel",289000
"audi","Audi A3","2008","5950","Automatic","Diesel",209000
"audi","Audi A3","2008","6150","Automatic","Diesel",370000
"audi","Audi A3","2008","13999","Automatic","Diesel",117753
"audi","Audi A3","2008","8490","Automatic","Diesel",225000
"audi","Audi A3","2009","6250","Automatic","Diesel",297556
"audi","Audi A3","2009","11490","Automatic","Diesel",153000
"audi","Audi A3","2009","5895","Automatic","Diesel",180231
"audi","Audi A3","2009","8980","Automatic","Diesel",252431
"audi","Audi A3","2009","11500","Automatic","Diesel",159000
"audi","Audi A3","2009","6990","Automatic","Diesel",261268
"audi","Audi A3","2009","8990","Automatic","Diesel",199000
"audi","Audi A3","2009","7999","Automatic","Diesel",240500
"audi","Audi A3","2009","8900","Automatic","Diesel",210000
"audi","Audi A3","2010","8800","Automatic","Diesel",258400
"audi","Audi A3","2010","7200","Automatic","Diesel",230000
"audi","Audi A3","2010","9500","Automatic","Diesel",190000
"audi","Audi A3","2010","7500","Automatic","Diesel",212000
"audi","Audi A3","2010","8999","Automatic","Diesel",222000
"audi","Audi A3","2010","9999","Automatic","Diesel",219600
"audi","Audi A3","2011","11990","Automatic","Diesel",205013
"audi","Audi A3","2011","11000","Automatic","Diesel",159120
"audi","Audi A3","2011","8999","Automatic","Diesel",189000
"audi","Audi A3","2011","10990","Automatic","Diesel",167000
"audi","Audi A3","2011","9990","Automatic","Diesel",188714
"audi","Audi A3","2011","6500","Automatic","Diesel",194000
"audi","Audi A3","2011","9800","Automatic","Diesel",138000
"audi","Audi A3","2011","21990","Automatic","Diesel",97000
"audi","Audi A3","2011","15990","Automatic","Diesel",127100
"audi","Audi A3","2011","11990","Automatic","Diesel",142669
"audi","Audi A3","2011","8990","Automatic","Diesel",226282
"audi","Audi A3","2011","11900","Automatic","Diesel",103000
"audi","Audi A3","2011","7500","Automatic","Diesel",245000
"audi","Audi A3","2011","8000","Automatic","Diesel",261000
"audi","Audi A3","2011","9999","Automatic","Diesel",187600
"audi","Audi A3","2012","16990","Automatic","Diesel",119000
"audi","Audi A3","2012","14999","Automatic","Diesel",144000
"audi","Audi A3","2012","14999","Automatic","Diesel",127000
"audi","Audi A3","2012","8700","Automatic","Diesel",204000
"audi","Audi A3","2012","9900","Automatic","Diesel",238111
"audi","Audi A3","2012","18999","Automatic","Diesel",125000
"audi","Audi A3","2012","18490","Automatic","Diesel",135000
"audi","Audi A3","2012","11990","Automatic","Diesel",124000
"audi","Audi A3","2013","14980","Automatic","Diesel",157511
"audi","Audi A3","2013","18990","Automatic","Diesel",136500
"audi","Audi A3","2013","11999","Automatic","Diesel",112950
"audi","Audi A3","2013","13799","Automatic","Diesel",149000
"audi","Audi A3","2013","14990","Automatic","Diesel",124850
"audi","Audi A3","2013","10990","Automatic","Diesel",209000
"audi","Audi A3","2013","10900","Automatic","Diesel",233900
"audi","Audi A3","2013","17980","Automatic","Diesel",113510
"audi","Audi A3","2013","8390","Automatic","Diesel",228500
"audi","Audi A3","2013","12650","Automatic","Diesel",145000
"audi","Audi A3","2013","15490","Automatic","Diesel",115000
"audi","Audi A3","2013","16450","Automatic","Diesel",98000
"audi","Audi A3","2013","14990","Automatic","Diesel",145980
"audi","Audi A3","2013","14490","Automatic","Diesel",175727
"audi","Audi A3","2013","14000","Automatic","Diesel",143000
"audi","Audi A3","2013","12990","Automatic","Diesel",199950
"audi","Audi A3","2013","11990","Automatic","Diesel",175142
"audi","Audi A3","2013","13999","Automatic","Diesel",2e+05
"audi","Audi A3","2013","16450","Automatic","Diesel",98000
"audi","Audi A3","2013","12400","Automatic","Diesel",146500
"audi","Audi A3","2013","33000","Automatic","Diesel",143000
"audi","Audi A3","2013","18290","Automatic","Diesel",69726
"audi","Audi A3","2013","14690","Automatic","Diesel",117957
"audi","Audi A3","2013","14980","Automatic","Diesel",107300
"audi","Audi A3","2013","10000","Automatic","Diesel",210000
"audi","Audi A3","2013","13980","Automatic","Diesel",119322
"audi","Audi A3","2013","16950","Automatic","Diesel",39000
"audi","Audi A3","2013","9990","Automatic","Diesel",202000
"audi","Audi A3","2013","14450","Automatic","Diesel",124200
"audi","Audi A3","2013","16500","Automatic","Diesel",144000
"audi","Audi A3","2013","19850","Automatic","Diesel",72800
"audi","Audi A3","2014","18450","Automatic","Diesel",189000
"audi","Audi A3","2014","15490","Automatic","Diesel",108491
"audi","Audi A3","2014","17990","Automatic","Diesel",167500
"audi","Audi A3","2014","18886","Automatic","Diesel",111670
"audi","Audi A3","2014","13880","Automatic","Diesel",2e+05
"audi","Audi A3","2014","12700","Automatic","Diesel",161900
"audi","Audi A3","2014","15900","Automatic","Diesel",166103
"audi","Audi A3","2014","15500","Automatic","Diesel",98000
"audi","Audi A3","2014","17890","Automatic","Diesel",112600
"audi","Audi A3","2014","20800","Automatic","Diesel",31600
"audi","Audi A3","2014","19897","Automatic","Diesel",112353
"audi","Audi A3","2014","12300","Automatic","Diesel",188943
"audi","Audi A3","2014","12800","Automatic","Diesel",256650
"audi","Audi A3","2014","9900","Automatic","Diesel",225000
"audi","Audi A3","2014","13990","Automatic","Diesel",179000
"audi","Audi A3","2014","12899","Automatic","Diesel",180000
"audi","Audi A3","2014","16930","Automatic","Diesel",123088
"audi","Audi A3","2014","17900","Automatic","Diesel",148000
"audi","Audi A3","2014","12899","Automatic","Diesel",195510
"audi","Audi A3","2014","10999","Automatic","Diesel",242633
"audi","Audi A3","2014","12999","Automatic","Diesel",241000
"audi","Audi A3","2014","19990","Automatic","Diesel",124500
"audi","Audi A3","2014","17999","Automatic","Diesel",102650
"audi","Audi A3","2014","15900","Automatic","Diesel",181000
"audi","Audi A3","2014","13950","Automatic","Diesel",160000
"audi","Audi A3","2014","13400","Automatic","Diesel",238000
"audi","Audi A3","2014","20990","Automatic","Diesel",123000
"audi","Audi A3","2014","19450","Automatic","Diesel",59900
"audi","Audi A3","2014","16490","Automatic","Diesel",83000
"audi","Audi A3","2014","19999","Automatic","Diesel",49500
"audi","Audi A3","2014","13950","Automatic","Diesel",148100
"audi","Audi A3","2014","17999","Automatic","Diesel",149000
"audi","Audi A3","2014","15900","Automatic","Diesel",142500
"audi","Audi A3","2014","14850","Automatic","Diesel",125000
"audi","Audi A3","2015","10995","Automatic","Diesel",232000
"audi","Audi A3","2015","15750","Automatic","Diesel",145000
"audi","Audi A3","2015","15890","Automatic","Diesel",123500
"audi","Audi A3","2015","17250","Automatic","Diesel",178790
"audi","Audi A3","2015","16450","Automatic","Diesel",72300
"audi","Audi A3","2015","12700","Automatic","Diesel",205000
"audi","Audi A3","2015","20485","Automatic","Diesel",59701
"audi","Audi A3","2015","15900","Automatic","Diesel",106293
"audi","Audi A3","2015","15490","Automatic","Diesel",151900
"audi","Audi A3","2015","18500","Automatic","Diesel",170000
"audi","Audi A3","2015","16300","Automatic","Diesel",146359
"audi","Audi A3","2015","14999","Automatic","Diesel",84355
"audi","Audi A3","2015","17900","Automatic","Diesel",114000
"audi","Audi A3","2015","22000","Automatic","Diesel",2e+05
"audi","Audi A3","2015","14490","Automatic","Diesel",139000
"audi","Audi A3","2015","24969","Automatic","Diesel",64756
"audi","Audi A3","2015","19950","Automatic","Diesel",118900
"audi","Audi A3","2015","14799","Automatic","Diesel",161200
"audi","Audi A3","2015","13999","Automatic","Diesel",179680
"audi","Audi A3","2015","14999","Automatic","Diesel",135000
"audi","Audi A3","2015","18970","Automatic","Diesel",117855
"audi","Audi A3","2015","21500","Automatic","Diesel",118300
"audi","Audi A3","2015","18000","Automatic","Diesel",35500
"audi","Audi A3","2015","12999","Automatic","Diesel",183500
"audi","Audi A3","2015","16900","Automatic","Diesel",159950
"audi","Audi A3","2015","18570","Automatic","Diesel",135836
"audi","Audi A3","2015","15500","Automatic","Diesel",121671
"audi","Audi A3","2015","10550","Automatic","Diesel",155000
"audi","Audi A3","2015","21000","Automatic","Diesel",124000
"audi","Audi A3","2015","25999","Automatic","Diesel",178500
"audi","Audi A3","2015","12690","Automatic","Diesel",117000
"audi","Audi A3","2015","15500","Automatic","Diesel",125000
"audi","Audi A3","2015","16850","Automatic","Diesel",103000
"audi","Audi A3","2015","15200","Automatic","Diesel",140000
"audi","Audi A3","2015","13999","Automatic","Diesel",207300
"audi","Audi A3","2015","13490","Automatic","Diesel",188000
"audi","Audi A3","2015","15900","Automatic","Diesel",153300
"audi","Audi A3","2015","16950","Automatic","Diesel",188000
"audi","Audi A3","2015","17999","Automatic","Diesel",165000
"audi","Audi A3","2015","19500","Automatic","Diesel",105723
"audi","Audi A3","2015","17000","Automatic","Diesel",112000
"audi","Audi A3","2015","17799","Automatic","Diesel",160000
"audi","Audi A3","2015","14990","Automatic","Diesel",150000
"audi","Audi A3","2015","17498","Automatic","Diesel",76000
"audi","Audi A3","2015","24800","Automatic","Diesel",110950
"audi","Audi A3","2015","15499","Automatic","Diesel",172000
"audi","Audi A3","2015","17000","Automatic","Diesel",170000
"audi","Audi A3","2015","21000","Automatic","Diesel",114000
"audi","Audi A3","2016","22980","Automatic","Diesel",72100
"audi","Audi A3","2016","19990","Automatic","Diesel",103900
"audi","Audi A3","2016","16899","Automatic","Diesel",80000
"audi","Audi A3","2016","18900","Automatic","Diesel",52000
"audi","Audi A3","2016","19890","Automatic","Diesel",46100
"audi","Audi A3","2016","23500","Automatic","Diesel",89200
"audi","Audi A3","2016","13900","Automatic","Diesel",139000
"audi","Audi A3","2016","24990","Automatic","Diesel",71500
"audi","Audi A3","2016","17800","Automatic","Diesel",140000
"audi","Audi A3","2016","15950","Automatic","Diesel",185550
"audi","Audi A3","2016","19490","Automatic","Diesel",155000
"audi","Audi A3","2016","18699","Automatic","Diesel",98900
"audi","Audi A3","2016","19500","Automatic","Diesel",115000
"audi","Audi A3","2016","15990","Automatic","Diesel",156581
"audi","Audi A3","2016","38780","Automatic","Diesel",146200
"audi","Audi A3","2016","18000","Automatic","Diesel",104075
"audi","Audi A3","2016","18490","Automatic","Diesel",140000
"audi","Audi A3","2016","17350","Automatic","Diesel",105000
"audi","Audi A3","2016","17500","Automatic","Diesel",199000
"audi","Audi A3","2016","19200","Automatic","Diesel",142100
"audi","Audi A3","2016","17900","Automatic","Diesel",92500
"audi","Audi A3","2016","17991","Automatic","Diesel",183000
"audi","Audi A3","2016","17490","Automatic","Diesel",188000
"audi","Audi A3","2016","17450","Automatic","Diesel",84095
"audi","Audi A3","2016","19880","Automatic","Diesel",70752
"audi","Audi A3","2016","16900","Automatic","Diesel",113000
"audi","Audi A3","2016","15900","Automatic","Diesel",184000
"audi","Audi A3","2016","13500","Automatic","Diesel",190000
"audi","Audi A3","2016","19800","Automatic","Diesel",115000
"audi","Audi A3","2016","12490","Automatic","Diesel",172620
"audi","Audi A3","2016","14990","Automatic","Diesel",169999
"audi","Audi A3","2016","19590","Automatic","Diesel",81090
"audi","Audi A3","2016","14950","Automatic","Diesel",183000
"audi","Audi A3","2016","17999","Automatic","Diesel",159500
"audi","Audi A3","2016","21950","Automatic","Diesel",70235
"audi","Audi A3","2016","21880","Automatic","Diesel",94911
"audi","Audi A3","2016","21880","Automatic","Diesel",94911
"audi","Audi A3","2016","15950","Automatic","Diesel",214000
"audi","Audi A3","2016","15550","Automatic","Diesel",120837
"audi","Audi A3","2016","16499","Automatic","Diesel",131841
"audi","Audi A3","2016","16900","Automatic","Diesel",210425
"audi","Audi A3","2016","15499","Automatic","Diesel",237081
"audi","Audi A3","2016","20900","Automatic","Diesel",104000
"audi","Audi A3","2016","10785","Automatic","Diesel",184158
"audi","Audi A3","2017","23880","Automatic","Diesel",29800
"audi","Audi A3","2017","19400","Automatic","Diesel",119460
"audi","Audi A3","2017","19800","Automatic","Diesel",109435
"audi","Audi A3","2017","17999","Automatic","Diesel",115800
"audi","Audi A3","2017","19500","Automatic","Diesel",77000
"audi","Audi A3","2017","27900","Automatic","Diesel",45098
"audi","Audi A3","2017","27777","Automatic","Diesel",103000
"audi","Audi A3","2017","25950","Automatic","Diesel",71950
"audi","Audi A3","2017","17480","Automatic","Diesel",105734
"audi","Audi A3","2017","16500","Automatic","Diesel",72000
"audi","Audi A3","2017","25979","Automatic","Diesel",83426
"audi","Audi A3","2017","24000","Automatic","Diesel",56242
"audi","Audi A3","2017","19750","Automatic","Diesel",124609
"audi","Audi A3","2017","15700","Automatic","Diesel",149450
"audi","Audi A3","2017","19990","Automatic","Diesel",71100
"audi","Audi A3","2017","16995","Automatic","Diesel",117524
"audi","Audi A3","2017","19450","Automatic","Diesel",56000
"audi","Audi A3","2017","14950","Automatic","Diesel",184400
"audi","Audi A3","2017","22900","Automatic","Diesel",97100
"audi","Audi A3","2017","25490","Automatic","Diesel",37500
"audi","Audi A3","2017","20850","Automatic","Diesel",95000
"audi","Audi A3","2017","22500","Automatic","Diesel",96709
"audi","Audi A3","2017","19200","Automatic","Diesel",133500
"audi","Audi A3","2017","21990","Automatic","Diesel",72000
"audi","Audi A3","2017","19990","Automatic","Diesel",142000
"audi","Audi A3","2017","20950","Automatic","Diesel",101812
"audi","Audi A3","2017","23000","Automatic","Diesel",140000
"audi","Audi A3","2017","19350","Automatic","Diesel",90000
"audi","Audi A3","2017","19911","Automatic","Diesel",129135
"audi","Audi A3","2017","19690","Automatic","Diesel",107706
"audi","Audi A3","2017","18900","Automatic","Diesel",87400
"audi","Audi A3","2017","24980","Automatic","Diesel",56735
"audi","Audi A3","2017","18980","Automatic","Diesel",66610
"audi","Audi A3","2017","18777","Automatic","Diesel",125000
"audi","Audi A3","2017","19690","Automatic","Diesel",107706
"audi","Audi A3","2017","17500","Automatic","Diesel",155000
"audi","Audi A3","2017","21190","Automatic","Diesel",60500
"audi","Audi A3","2017","23650","Automatic","Diesel",92500
"audi","Audi A3","2017","19850","Automatic","Diesel",109608
"audi","Audi A3","2017","18990","Automatic","Diesel",125193
"audi","Audi A3","2017","16500","Automatic","Diesel",130000
"audi","Audi A3","2017","28860","Automatic","Diesel",58221
"audi","Audi A3","2017","17390","Automatic","Diesel",60000
"audi","Audi A3","2017","18999","Automatic","Diesel",117500
"audi","Audi A3","2017","16990","Automatic","Diesel",138000
"audi","Audi A3","2017","18990","Automatic","Diesel",103789
"audi","Audi A3","2017","17800","Automatic","Diesel",117000
"audi","Audi A3","2017","22900","Automatic","Diesel",46243
"audi","Audi A3","2017","18000","Automatic","Diesel",670000
"audi","Audi A3","2017","16300","Automatic","Diesel",95000
"audi","Audi A3","2017","17850","Automatic","Diesel",51797
"audi","Audi A3","2017","19999","Automatic","Diesel",79000
"audi","Audi A3","2018","21890","Automatic","Diesel",47794
"audi","Audi A3","2018","16699","Automatic","Diesel",97000
"audi","Audi A3","2018","28900","Automatic","Diesel",82000
"audi","Audi A3","2018","26950","Automatic","Diesel",76895
"audi","Audi A3","2018","16699","Automatic","Diesel",89000
"audi","Audi A3","2018","32990","Automatic","Diesel",51400
"audi","Audi A3","2018","23990","Automatic","Diesel",79400
"audi","Audi A3","2018","27500","Automatic","Diesel",64000
"audi","Audi A3","2018","22450","Automatic","Diesel",82900
"audi","Audi A3","2018","18500","Automatic","Diesel",103000
"audi","Audi A3","2018","20880","Automatic","Diesel",86950
"audi","Audi A3","2018","22889","Automatic","Diesel",74000
"audi","Audi A3","2018","23980","Automatic","Diesel",42951
"audi","Audi A3","2018","22780","Automatic","Diesel",50048
"audi","Audi A3","2018","20880","Automatic","Diesel",98886
"audi","Audi A3","2018","26729","Automatic","Diesel",50256
"audi","Audi A3","2018","18990","Automatic","Diesel",79490
"audi","Audi A3","2018","20350","Automatic","Diesel",81585
"audi","Audi A3","2018","58500","Automatic","Diesel",29985
"audi","Audi A3","2018","20500","Automatic","Diesel",46800
"audi","Audi A3","2018","21500","Automatic","Diesel",74521
"audi","Audi A3","2018","18450","Automatic","Diesel",30075
"audi","Audi A3","2018","29745","Automatic","Diesel",63500
"audi","Audi A3","2018","19990","Automatic","Diesel",115429
"audi","Audi A3","2018","25900","Automatic","Diesel",69000
"audi","Audi A3","2018","23900","Automatic","Diesel",36629
"audi","Audi A3","2018","21750","Automatic","Diesel",77540
"audi","Audi A3","2018","18420","Automatic","Diesel",43230
"audi","Audi A3","2018","20890","Automatic","Diesel",76715
"audi","Audi A3","2018","23990","Automatic","Diesel",72481
"audi","Audi A3","2018","17740","Automatic","Diesel",63211
"audi","Audi A3","2018","25890","Automatic","Diesel",111000
"audi","Audi A3","2018","17400","Automatic","Diesel",143000
"audi","Audi A3","2018","23845","Automatic","Diesel",99650
"audi","Audi A3","2018","16690","Automatic","Diesel",180000
"audi","Audi A3","2018","14900","Automatic","Diesel",254000
"audi","Audi A3","2018","18990","Automatic","Diesel",148000
"audi","Audi A3","2018","26000","Automatic","Diesel",76000
"audi","Audi A3","2018","19980","Automatic","Diesel",149381
"audi","Audi A3","2019","22220","Automatic","Diesel",61000
"audi","Audi A3","2019","19980","Automatic","Diesel",134810
"audi","Audi A3","2019","22960","Automatic","Diesel",79990
"audi","Audi A3","2019","28950","Automatic","Diesel",59861
"audi","Audi A3","2019","24790","Automatic","Diesel",5900
"audi","Audi A3","2019","26990","Automatic","Diesel",37500
"audi","Audi A3","2019","31990","Automatic","Diesel",29762
"audi","Audi A3","2019","24850","Automatic","Diesel",45081
"audi","Audi A3","2019","21490","Automatic","Diesel",63900
"audi","Audi A3","2019","27950","Automatic","Diesel",65200
"audi","Audi A3","2019","21490","Automatic","Diesel",78000
"audi","Audi A3","2019","27399","Automatic","Diesel",47500
"audi","Audi A3","2019","17490","Automatic","Diesel",44400
"audi","Audi A3","2019","26300","Automatic","Diesel",23511
"audi","Audi A3","2019","22980","Automatic","Diesel",42078
"audi","Audi A3","2019","28990","Automatic","Diesel",71381
"audi","Audi A3","2019","21870","Automatic","Diesel",56930
"audi","Audi A3","2019","19890","Automatic","Diesel",110000
"audi","Audi A3","2019","27530","Automatic","Diesel",94863
"audi","Audi A3","2019","22490","Automatic","Diesel",105200
"audi","Audi A3","2019","18950","Automatic","Diesel",117187
"audi","Audi A3","2019","20500","Automatic","Diesel",103138
"audi","Audi A3","2019","21980","Automatic","Diesel",104517
"audi","Audi A3","2019","26080","Automatic","Diesel",33865
"audi","Audi A3","2019","21990","Automatic","Diesel",52850
"audi","Audi A3","2019","26080","Automatic","Diesel",33865
"audi","Audi A3","2019","28740","Automatic","Diesel",48415
"audi","Audi A3","2019","16975","Automatic","Diesel",123000
"audi","Audi A3","2019","16950","Automatic","Diesel",239776
"audi","Audi A3","2019","18390","Automatic","Diesel",91350
"audi","Audi A3","2019","18499","Automatic","Diesel",146134
"audi","Audi A3","2019","17499","Automatic","Diesel",168000
"audi","Audi A3","2019","19250","Automatic","Diesel",80250
"audi","Audi A3","2019","20000","Automatic","Diesel",44000
"audi","Audi A3","2019","28630","Automatic","Diesel",60400
"audi","Audi A3","2020","30685","Automatic","Diesel",55200
"audi","Audi A3","2020","22850","Automatic","Diesel",37900
"audi","Audi A3","2020","24689","Automatic","Diesel",67766
"audi","Audi A3","2020","28980","Automatic","Diesel",44477
"audi","Audi A3","2020","28980","Automatic","Diesel",44477
"audi","Audi A3","2020","22473","Automatic","Diesel",67235
"audi","Audi A3","2020","22940","Automatic","Diesel",62781
"audi","Audi A3","2020","28879","Automatic","Diesel",91027
"audi","Audi A3","2020","27000","Automatic","Diesel",37182
"audi","Audi A3","2020","25890","Automatic","Diesel",69424
"audi","Audi A3","2020","29390","Automatic","Diesel",37400
"audi","Audi A3","2020","27950","Automatic","Diesel",33890
"audi","Audi A3","2020","27990","Automatic","Diesel",52600
"audi","Audi A3","2020","22880","Automatic","Diesel",82000
"audi","Audi A3","2020","27880","Automatic","Diesel",33108
"audi","Audi A3","2020","34900","Automatic","Diesel",75900
"audi","Audi A3","2020","33600","Automatic","Diesel",23000
"audi","Audi A3","2020","21950","Automatic","Diesel",83317
"audi","Audi A3","2021","30999","Automatic","Diesel",37500
"audi","Audi A3","2021","36450","Automatic","Diesel",7190
"audi","Audi A3","2021","35470","Automatic","Diesel",26500
"audi","Audi A3","2021","29790","Automatic","Diesel",28500
"audi","Audi A3","2021","35990","Automatic","Diesel",19500
"audi","Audi A3","2021","28950","Automatic","Diesel",46500
"audi","Audi A3","2021","31560","Automatic","Diesel",12900
"audi","Audi A3","2021","34600","Automatic","Diesel",12000
"audi","Audi A3","2021","31480","Automatic","Diesel",29165
"audi","Audi A3","2021","29570","Automatic","Diesel",7324
"audi","Audi A3","2021","34400","Automatic","Diesel",12000
"audi","Audi A3","2021","31680","Automatic","Diesel",29165
"audi","Audi A3","2021","33871","Automatic","Diesel",25052
"audi","Audi A3","2022","32370","Automatic","Diesel",27414
"audi","Audi A3","2022","29980","Automatic","Diesel",24691
"audi","Audi A3","2022","29985","Automatic","Diesel",26600
"audi","Audi A3","2022","29985","Automatic","Diesel",4500
"audi","Audi A3","2022","70090","Automatic","Diesel",27604
"audi","Audi A3","2022","62820","Automatic","Diesel",21736
"audi","Audi A3","2022","99495","Automatic","Diesel",27049
"audi","Audi A3","2022","53000","Automatic","Diesel",16000
"audi","Audi A3","2022","47780","Automatic","Diesel",20736
"audi","Audi A3","2022","29220","Automatic","Diesel",15382
"audi","Audi A3","2022","36500","Automatic","Diesel",24940
"audi","Audi A3","2022","28340","Automatic","Diesel",5710
"audi","Audi A3","2022","32370","Automatic","Diesel",27414
"audi","Audi A3","2022","32370","Automatic","Diesel",27414
"audi","Audi A3","2022","39980","Automatic","Diesel",25000
"audi","Audi A3","2022","38310","Automatic","Diesel",7938
"audi","Audi A3","2022","43999","Automatic","Diesel",10200
"audi","Audi A3","2022","38470","Automatic","Diesel",7661
"audi","Audi A3","2022","31320","Automatic","Diesel",5705
"audi","Audi A3","2022","27710","Automatic","Diesel",13503
"audi","Audi A3","2022","31090","Automatic","Diesel",18380
"audi","Audi A3","2022","29395","Automatic","Diesel",4850
"audi","Audi A3","2022","29990","Automatic","Diesel",20845
"audi","Audi A3","2022","32370","Automatic","Diesel",27414
"audi","Audi A3","2022","32370","Automatic","Diesel",27414
"audi","Audi A3","2022","32107","Automatic","Diesel",4114
"audi","Audi A3","2022","31720","Automatic","Diesel",9057
"audi","Audi A3","2022","35000","Automatic","Diesel",12107
"audi","Audi A3","2022","42950","Automatic","Diesel",5000
"audi","Audi A3","2022","31190","Automatic","Diesel",10627
"audi","Audi A3","2022","33860","Automatic","Diesel",2688
"audi","Audi A3","2022","33790","Automatic","Diesel",7466
"audi","Audi A3","2022","38880","Automatic","Diesel",17000
"audi","Audi A3","2022","79990","Automatic","Diesel",8828
"audi","Audi A3","2022","36090","Automatic","Diesel",8828
"audi","Audi A3","2022","28950","Automatic","Diesel",16747
"audi","Audi A3","2022","37890","Automatic","Diesel",4500
"audi","Audi A3","2022","49480","Automatic","Diesel",7500
"audi","Audi A3","2022","30450","Automatic","Diesel",10065
"audi","Audi A3","2022","39890","Automatic","Diesel",24950
"audi","Audi A3","2022","35570","Automatic","Diesel",5866
"audi","Audi A3","2022","33490","Automatic","Diesel",8300
"audi","Audi A3","2022","30770","Automatic","Diesel",9445
"audi","Audi A3","2022","30690","Automatic","Diesel",6236
"audi","Audi A3","2022","33480","Automatic","Diesel",4202
"audi","Audi A3","2022","32680","Automatic","Diesel",16680
"audi","Audi A3","2022","31415","Automatic","Diesel",6481
"audi","Audi A3","2022","30930","Automatic","Diesel",8500
"audi","Audi A3","2022","36440","Automatic","Diesel",23100
"audi","Audi A3","2022","31690","Automatic","Diesel",20460
"audi","Audi A3","2022","38640","Automatic","Diesel",3000
"audi","Audi A3","2022","32480","Automatic","Diesel",16680
"audi","Audi A3","2022","30890","Automatic","Diesel",9948
"audi","Audi A3","2022","30418","Automatic","Diesel",5126
"audi","Audi A3","2022","31920","Automatic","Diesel",23327
"audi","Audi A3","2022","30980","Automatic","Diesel",20987
"audi","Audi A3","2022","30490","Automatic","Diesel",27027
"audi","Audi A3","2022","30980","Automatic","Diesel",19410
"audi","Audi A3","2022","30740","Automatic","Diesel",22210
"audi","Audi A3","2022","32450","Automatic","Diesel",5714
"audi","Audi A3","2022","33930","Automatic","Diesel",13493
"audi","Audi A3","2022","31888","Automatic","Diesel",3706
"audi","Audi A3","2022","79990","Automatic","Diesel",9948
"audi","Audi A3","2022","30940","Automatic","Diesel",26467
"audi","Audi A3","2022","30890","Automatic","Diesel",27535
"audi","Audi A3","2022","31615","Automatic","Diesel",6481
"audi","Audi A3","2022","30999","Automatic","Diesel",7908
"audi","Audi A3","2022","44950","Automatic","Diesel",16385
"audi","Audi A3","2022","35520","Automatic","Diesel",7503
"audi","Audi A3","2022","32799","Automatic","Diesel",24739
"audi","Audi A3","2022","42440","Automatic","Diesel",7806
"audi","Audi A3","2022","39870","Automatic","Diesel",1000
"audi","Audi A3","2022","39630","Automatic","Diesel",1000
"audi","Audi A3","2022","32370","Automatic","Diesel",27414
"audi","Audi A3","2022","32370","Automatic","Diesel",27414
"audi","Audi A3","2023","42980","Automatic","Diesel",4444
"audi","Audi A3","2023","35388","Automatic","Diesel",10
"audi","Audi A3","2023","35388","Automatic","Diesel",10
"audi","Audi A3","2023","42440","Automatic","Diesel",1990
"audi","Audi A3","2023","36588","Automatic","Diesel",10
"audi","Audi A3","2023","39490","Automatic","Diesel",9000
"audi","Audi A3","2023","36588","Automatic","Diesel",10
"audi","Audi A3","2023","35388","Automatic","Diesel",10
"audi","Audi A3","2023","39690","Automatic","Diesel",9000
"audi","Audi A3","2023","36588","Automatic","Diesel",10
"audi","Audi A3","2023","36588","Automatic","Diesel",10
"audi","Audi A3","2023","35388","Automatic","Diesel",10
"audi","Audi A3","2023","43890","Automatic","Diesel",10
"audi","Audi A3","2023","41490","Automatic","Diesel",10
"audi","Audi A3","2023","41390","Automatic","Diesel",10
"audi","Audi A3","2023","49880","Automatic","Diesel",4900
"audi","Audi A3","2023","48490","Automatic","Diesel",4900
"audi","Audi A3","2023","49990","Automatic","Diesel",10000
"audi","Audi A3","2023","49999","Automatic","Diesel",1500
"audi","Audi A3","2023","43323","Automatic","Diesel",10
"audi","Audi A3","2023","33488","Automatic","Diesel",10
"audi","Audi A3","2023","41390","Automatic","Diesel",10
