"brand","model","year","price_in_euro","transmission_type","fuel_type","mileage_in_km"
"ford","Ford Mondeo",23,"2990","Manual","Petrol",158000
"ford","Ford Mondeo",23,"2499","Automatic","Petrol",213000
"ford","Ford Mondeo",23,"1000","Manual","Petrol",202000
"ford","Ford Mondeo",23,"2350","Manual","Petrol",194000
"ford","Ford Mondeo",23,"2000","Manual","Petrol",181606
"ford","Ford Mondeo",23,"1700","Manual","Petrol",186000
"ford","Ford Mondeo",23,"1590","Manual","Petrol",252000
"ford","Ford Mondeo",23,"1299","Automatic","Petrol",290000
"ford","Ford Mondeo",23,"2900","Manual","Petrol",150000
"ford","Ford Mondeo",23,"1200","Manual","Petrol",341000
"ford","Ford Mondeo",22,"1300","Manual","Petrol",145300
"ford","Ford Mondeo",22,"1300","Manual","Petrol",145300
"ford","Ford Mondeo",22,"6950","Manual","Petrol",148450
"ford","Ford Mondeo",22,"1149","Manual","Petrol",249238
"ford","Ford Mondeo",22,"2590","Manual","Petrol",129998
"ford","Ford Mondeo",22,"1699","Manual","Diesel",299000
"ford","Ford Mondeo",22,"2250","Manual","Petrol",150000
"ford","Ford Mondeo",22,"2499","Manual","Petrol",249000
"ford","Ford Mondeo",22,"1790","Manual","Petrol",204300
"ford","Ford Mondeo",22,"3500","Manual","Petrol",144600
"ford","Ford Mondeo",22,"2000","Manual","Petrol",230000
"ford","Ford Mondeo",21,"2999","Automatic","Petrol",238002
"ford","Ford Mondeo",21,"2499","Automatic","Diesel",129900
"ford","Ford Mondeo",21,"2800","Manual","Petrol",201000
"ford","Ford Mondeo",21,"2799","Manual","Petrol",249000
"ford","Ford Mondeo",21,"2600","Automatic","Petrol",213000
"ford","Ford Mondeo",21,"1800","Manual","Petrol",255000
"ford","Ford Mondeo",21,"800","Automatic","Diesel",306500
"ford","Ford Mondeo",21,"1250","Manual","Petrol",235000
"ford","Ford Mondeo",21,"750","Automatic","Petrol",355000
"ford","Ford Mondeo",21,"2999","Automatic","Diesel",225000
"ford","Ford Mondeo",21,"2300","Manual","Petrol",227666
"ford","Ford Mondeo",21,"1250","Manual","Petrol",252925
"ford","Ford Mondeo",21,"3500","Manual","Petrol",229174
"ford","Ford Mondeo",21,"2900","Manual","Diesel",240000
"ford","Ford Mondeo",21,"1050","Manual","Petrol",231000
"ford","Ford Mondeo",21,"2290","Manual","Petrol",165000
"ford","Ford Mondeo",21,"2200","Manual","Petrol",165515
"ford","Ford Mondeo",21,"3200","Manual","Petrol",162000
"ford","Ford Mondeo",21,"2000","Manual","Diesel",362000
"ford","Ford Mondeo",21,"2800","Manual","Petrol",230000
"ford","Ford Mondeo",21,"1200","Automatic","Diesel",261400
"ford","Ford Mondeo",20,"1700","Manual","Petrol",234200
"ford","Ford Mondeo",20,"3400","Manual","Diesel",412000
"ford","Ford Mondeo",20,"4490","Manual","Petrol",126000
"ford","Ford Mondeo",20,"3499","Automatic","Petrol",198000
"ford","Ford Mondeo",20,"2799","Manual","Petrol",163000
"ford","Ford Mondeo",20,"4990","Manual","Petrol",126200
"ford","Ford Mondeo",20,"1790","Manual","Petrol",242000
"ford","Ford Mondeo",20,"1800","Manual","Diesel",448000
"ford","Ford Mondeo",20,"3500","Manual","Diesel",216000
"ford","Ford Mondeo",19,"799","Manual","Diesel",295000
"ford","Ford Mondeo",19,"2150","Manual","Diesel",212000
"ford","Ford Mondeo",19,"799","Manual","Petrol",191000
"ford","Ford Mondeo",19,"700","Manual","Petrol",192300
"ford","Ford Mondeo",19,"1500","Manual","Petrol",320000
"ford","Ford Mondeo",19,"700","Manual","Diesel",225000
"ford","Ford Mondeo",19,"1150","Manual","Petrol",176840
"ford","Ford Mondeo",19,"4499","Automatic","Petrol",159674
"ford","Ford Mondeo",19,"1200","Automatic","Diesel",343000
"ford","Ford Mondeo",19,"4400","Manual","Petrol",102231
"ford","Ford Mondeo",19,"3000","Manual","Petrol",172000
"ford","Ford Mondeo",19,"1000","Manual","Diesel",257170
"ford","Ford Mondeo",19,"3590","Automatic","Diesel",163000
"ford","Ford Mondeo",19,"1000","Automatic","Diesel",209000
"ford","Ford Mondeo",19,"4280","Manual","Diesel",149000
"ford","Ford Mondeo",19,"1700","Automatic","Diesel",214000
"ford","Ford Mondeo",19,"800","Manual","Diesel",324038
"ford","Ford Mondeo",19,"2100","Manual","Petrol",221876
"ford","Ford Mondeo",19,"3790","Manual","Petrol",146410
"ford","Ford Mondeo",19,"2600","Manual","Petrol",168350
"ford","Ford Mondeo",19,"4950","Manual","Diesel",161000
"ford","Ford Mondeo",19,"4000","Manual","Petrol",123000
"ford","Ford Mondeo",19,"2490","Manual","Diesel",225210
"ford","Ford Mondeo",19,"1100","Automatic","Diesel",315000
"ford","Ford Mondeo",19,"2700","Automatic","Diesel",287000
"ford","Ford Mondeo",19,"3790","Manual","Petrol",146410
"ford","Ford Mondeo",19,"2300","Manual","Petrol",248000
"ford","Ford Mondeo",19,"500","Manual","Diesel",293034
"ford","Ford Mondeo",19,"500","Automatic","Petrol",229000
"ford","Ford Mondeo",18,"1850","Manual","Diesel",196000
"ford","Ford Mondeo",18,"1300","Manual","Petrol",317900
"ford","Ford Mondeo",18,"3100","Automatic","Petrol",180355
"ford","Ford Mondeo",18,"4700","Manual","Diesel",240000
"ford","Ford Mondeo",18,"1600","Manual","Petrol",243000
"ford","Ford Mondeo",18,"1999","Manual","Petrol",226200
"ford","Ford Mondeo",18,"900","Manual","Petrol",196175
"ford","Ford Mondeo",18,"3200","Manual","Diesel",322000
"ford","Ford Mondeo",18,"2222","Manual","Petrol",170000
"ford","Ford Mondeo",18,"5750","Manual","Petrol",57626
"ford","Ford Mondeo",18,"2250","Manual","Petrol",226000
"ford","Ford Mondeo",18,"1200","Manual","Diesel",167500
"ford","Ford Mondeo",17,"2200","Manual","Diesel",295000
"ford","Ford Mondeo",17,"2990","Automatic","Diesel",3e+05
"ford","Ford Mondeo",17,"5399","Automatic","Diesel",180000
"ford","Ford Mondeo",17,"2390","Manual","Diesel",3e+05
"ford","Ford Mondeo",17,"4750","Manual","Petrol",256000
"ford","Ford Mondeo",17,"2100","Manual","Diesel",280000
"ford","Ford Mondeo",17,"2400","Manual","Diesel",330000
"ford","Ford Mondeo",17,"7777","Manual","Petrol",158000
"ford","Ford Mondeo",17,"2450","Manual","Petrol",217000
"ford","Ford Mondeo",17,"5490","Manual","Petrol",232386
"ford","Ford Mondeo",17,"2900","Manual","Diesel",248000
"ford","Ford Mondeo",17,"3500","Manual","Diesel",203000
"ford","Ford Mondeo",17,"7750","Automatic","Petrol",122500
"ford","Ford Mondeo",17,"4290","Manual","Petrol",165210
"ford","Ford Mondeo",17,"4800","Automatic","Diesel",213000
"ford","Ford Mondeo",17,"4500","Manual","Diesel",249000
"ford","Ford Mondeo",17,"5599","Manual","Petrol",65950
"ford","Ford Mondeo",17,"3800","Manual","Petrol",191350
"ford","Ford Mondeo",16,"8998","Manual","Petrol",1e+05
"ford","Ford Mondeo",16,"6990","Manual","Petrol",97000
"ford","Ford Mondeo",16,"5950","Automatic","Petrol",203429
"ford","Ford Mondeo",16,"10990","Automatic","Diesel",62007
"ford","Ford Mondeo",16,"3699","Manual","Petrol",156578
"ford","Ford Mondeo",16,"6990","Manual","Petrol",109453
"ford","Ford Mondeo",16,"5000","Manual","Diesel",271000
"ford","Ford Mondeo",16,"4750","Manual","Diesel",240000
"ford","Ford Mondeo",16,"2399","Manual","Petrol",276147
"ford","Ford Mondeo",16,"6199","Manual","Diesel",203000
"ford","Ford Mondeo",16,"4499","Manual","Diesel",202451
"ford","Ford Mondeo",16,"4295","Automatic","Petrol",137411
"ford","Ford Mondeo",16,"3700","Automatic","Petrol",240500
"ford","Ford Mondeo",16,"4950","Manual","Diesel",229400
"ford","Ford Mondeo",16,"3999","Manual","Diesel",348000
"ford","Ford Mondeo",16,"2999","Manual","Diesel",285000
"ford","Ford Mondeo",16,"4100","Manual","Petrol",223000
"ford","Ford Mondeo",16,"4400","Manual","Petrol",182000
"ford","Ford Mondeo",16,"3999","Automatic","Diesel",341000
"ford","Ford Mondeo",16,"6100","Manual","Petrol",184000
"ford","Ford Mondeo",16,"2000","Manual","Diesel",282211
"ford","Ford Mondeo",16,"6490","Automatic","Diesel",199000
"ford","Ford Mondeo",16,"4000","Automatic","Diesel",213335
"ford","Ford Mondeo",16,"3450","Manual","Diesel",288620
"ford","Ford Mondeo",16,"5900","Manual","Petrol",198000
"ford","Ford Mondeo",16,"10990","Manual","Petrol",119466
"ford","Ford Mondeo",16,"2990","Manual","Diesel",277000
"ford","Ford Mondeo",16,"4650","Manual","Diesel",287000
"ford","Ford Mondeo",16,"6500","Automatic","Petrol",131000
"ford","Ford Mondeo",16,"5000","Automatic","Diesel",230604
"ford","Ford Mondeo",16,"16900","Manual","Petrol",71230
"ford","Ford Mondeo",16,"1490","Automatic","Petrol",79644
"ford","Ford Mondeo",16,"3299","Manual","Petrol",76852
"ford","Ford Mondeo",16,"5300","Manual","Petrol",210000
"ford","Ford Mondeo",16,"4299","Automatic","Petrol",180164
"ford","Ford Mondeo",15,"3699","Manual","Petrol",186152
"ford","Ford Mondeo",15,"3500","Manual","Diesel",335000
"ford","Ford Mondeo",15,"6950","Automatic","Diesel",171000
"ford","Ford Mondeo",15,"5000","Manual","Diesel",205140
"ford","Ford Mondeo",15,"2650","Manual","Diesel",280000
"ford","Ford Mondeo",15,"6000","Manual","Petrol",147300
"ford","Ford Mondeo",15,"2950","Manual","Petrol",181000
"ford","Ford Mondeo",15,"3250","Manual","Petrol",221000
"ford","Ford Mondeo",15,"3300","Manual","Petrol",212000
"ford","Ford Mondeo",15,"5890","Manual","Petrol",189243
"ford","Ford Mondeo",15,"4800","Manual","Diesel",211000
"ford","Ford Mondeo",15,"4200","Manual","Petrol",185000
"ford","Ford Mondeo",15,"4990","Manual","Diesel",244000
"ford","Ford Mondeo",15,"4950","Manual","Diesel",220500
"ford","Ford Mondeo",15,"9890","Automatic","Petrol",113552
"ford","Ford Mondeo",15,"5480","Manual","Diesel",218000
"ford","Ford Mondeo",15,"4100","Manual","Diesel",277000
"ford","Ford Mondeo",15,"3500","Manual","Diesel",320000
"ford","Ford Mondeo",15,"3500","Manual","Petrol",264646
"ford","Ford Mondeo",15,"3800","Manual","Petrol",176000
"ford","Ford Mondeo",14,"6485","Manual","Petrol",131610
"ford","Ford Mondeo",14,"3900","Manual","Diesel",189000
"ford","Ford Mondeo",14,"11990","Automatic","Petrol",106395
"ford","Ford Mondeo",14,"6500","Automatic","Diesel",207997
"ford","Ford Mondeo",14,"7990","Manual","Petrol",146500
"ford","Ford Mondeo",14,"10999","Manual","Petrol",115534
"ford","Ford Mondeo",14,"7490","Manual","Diesel",173000
"ford","Ford Mondeo",14,"7000","Manual","Petrol",152000
"ford","Ford Mondeo",14,"3900","Manual","Diesel",307826
"ford","Ford Mondeo",14,"5500","Automatic","Diesel",220950
"ford","Ford Mondeo",14,"5500","Manual","Diesel",240000
"ford","Ford Mondeo",14,"4100","Automatic","Diesel",240000
"ford","Ford Mondeo",14,"3450","Automatic","Diesel",379289
"ford","Ford Mondeo",14,"9990","Automatic","Petrol",96000
"ford","Ford Mondeo",14,"2900","Manual","Diesel",335285
"ford","Ford Mondeo",14,"2985","Manual","Diesel",326390
"ford","Ford Mondeo",14,"4900","Manual","Diesel",250000
"ford","Ford Mondeo",14,"4100","Automatic","Diesel",303524
"ford","Ford Mondeo",14,"7500","Manual","Petrol",143000
"ford","Ford Mondeo",14,"4000","Automatic","Diesel",180000
"ford","Ford Mondeo",14,"7400","Manual","Petrol",131000
"ford","Ford Mondeo",14,"3899","Manual","Petrol",271626
"ford","Ford Mondeo",14,"5000","Manual","Diesel",205000
"ford","Ford Mondeo",14,"8950","Automatic","Petrol",230320
"ford","Ford Mondeo",14,"2500","Manual","Diesel",427000
"ford","Ford Mondeo",14,"4500","Manual","Diesel",228000
"ford","Ford Mondeo",14,"5000","Manual","Diesel",250000
"ford","Ford Mondeo",14,"11470","Manual","Diesel",135911
"ford","Ford Mondeo",14,"5990","Manual","Diesel",152403
"ford","Ford Mondeo",14,"7980","Manual","Diesel",112345
"ford","Ford Mondeo",14,"9390","Manual","Petrol",133700
"ford","Ford Mondeo",14,"6490","Manual","Petrol",136000
"ford","Ford Mondeo",14,"9000","Manual","Petrol",16000
"ford","Ford Mondeo",14,"6450","Manual","Petrol",144000
"ford","Ford Mondeo",14,"5000","Automatic","Petrol",172580
"ford","Ford Mondeo",13,"8999","Automatic","Petrol",146824
"ford","Ford Mondeo",13,"7990","Automatic","Petrol",169701
"ford","Ford Mondeo",13,"6990","Manual","Petrol",145709
"ford","Ford Mondeo",13,"7300","Manual","Diesel",209000
"ford","Ford Mondeo",13,"10000","Automatic","Diesel",145000
"ford","Ford Mondeo",13,"6400","Manual","Diesel",235000
"ford","Ford Mondeo",13,"7950","Manual","Diesel",170000
"ford","Ford Mondeo",13,"6499","Manual","Diesel",261750
"ford","Ford Mondeo",13,"5500","Manual","Diesel",240744
"ford","Ford Mondeo",13,"4400","Automatic","Diesel",367000
"ford","Ford Mondeo",13,"7300","Manual","Petrol",124530
"ford","Ford Mondeo",13,"6999","Manual","Diesel",193760
"ford","Ford Mondeo",13,"8500","Manual","Petrol",155655
"ford","Ford Mondeo",13,"3300","Manual","Petrol",126018
"ford","Ford Mondeo",13,"22999","Manual","Diesel",117200
"ford","Ford Mondeo",13,"7900","Manual","Diesel",191000
"ford","Ford Mondeo",13,"7290","Manual","Petrol",139000
"ford","Ford Mondeo",13,"8999","Automatic","Diesel",140200
"ford","Ford Mondeo",13,"10580","Manual","Diesel",149600
"ford","Ford Mondeo",13,"9200","Automatic","Diesel",162333
"ford","Ford Mondeo",13,"3695","Manual","Diesel",236626
"ford","Ford Mondeo",13,"5950","Manual","Diesel",199500
"ford","Ford Mondeo",13,"9999","Manual","Diesel",248000
"ford","Ford Mondeo",13,"10499","Manual","Diesel",54840
"ford","Ford Mondeo",13,"5700","Automatic","Diesel",140568
"ford","Ford Mondeo",13,"9300","Manual","Petrol",112000
"ford","Ford Mondeo",13,"9950","Automatic","Diesel",155887
"ford","Ford Mondeo",13,"9500","Manual","Petrol",82200
"ford","Ford Mondeo",13,"5900","Automatic","Diesel",235000
"ford","Ford Mondeo",13,"7000","Manual","Diesel",211000
"ford","Ford Mondeo",13,"7000","Manual","Diesel",211000
"ford","Ford Mondeo",12,"6700","Automatic","Diesel",192475
"ford","Ford Mondeo",12,"8500","Manual","Petrol",230000
"ford","Ford Mondeo",12,"10887","Automatic","Diesel",137289
"ford","Ford Mondeo",12,"10490","Automatic","Diesel",121026
"ford","Ford Mondeo",12,"9490","Manual","Petrol",159134
"ford","Ford Mondeo",12,"8500","Automatic","Petrol",167000
"ford","Ford Mondeo",12,"6699","Automatic","Diesel",222000
"ford","Ford Mondeo",12,"6999","Manual","Diesel",160000
"ford","Ford Mondeo",12,"7499","Automatic","Diesel",220000
"ford","Ford Mondeo",12,"4400","Manual","Petrol",210000
"ford","Ford Mondeo",12,"8700","Manual","Diesel",198000
"ford","Ford Mondeo",12,"6550","Manual","Diesel",167000
"ford","Ford Mondeo",12,"9250","Manual","Diesel",145000
"ford","Ford Mondeo",12,"9990","Automatic","Diesel",172100
"ford","Ford Mondeo",12,"6400","Manual","Diesel",292000
"ford","Ford Mondeo",12,"8399","Manual","Diesel",150000
"ford","Ford Mondeo",12,"8950","Manual","Diesel",176515
"ford","Ford Mondeo",12,"10990","Manual","Diesel",159000
"ford","Ford Mondeo",12,"10499","Manual","Diesel",134234
"ford","Ford Mondeo",12,"5490","Manual","Diesel",97200
"ford","Ford Mondeo",12,"9290","Manual","Petrol",140000
"ford","Ford Mondeo",12,"4400","Automatic","Petrol",126000
"ford","Ford Mondeo",12,"3850","Automatic","Diesel",231225
"ford","Ford Mondeo",12,"4250","Manual","Diesel",177569
"ford","Ford Mondeo",12,"4300","Manual","Diesel",3e+05
"ford","Ford Mondeo",12,"4500","Automatic","Diesel",297409
"ford","Ford Mondeo",12,"9500","Automatic","Petrol",94000
"ford","Ford Mondeo",12,"3800","Manual","Petrol",91200
"ford","Ford Mondeo",12,"11900","Automatic","Diesel",320000
"ford","Ford Mondeo",12,"5200","Automatic","Diesel",298000
"ford","Ford Mondeo",12,"7500","Automatic","Diesel",305000
"ford","Ford Mondeo",11,"6990","Automatic","Diesel",270000
"ford","Ford Mondeo",11,"5490","Manual","Diesel",270700
"ford","Ford Mondeo",11,"13000","Automatic","Petrol",123000
"ford","Ford Mondeo",11,"5850","Manual","Diesel",275000
"ford","Ford Mondeo",11,"9799","Manual","Petrol",117000
"ford","Ford Mondeo",11,"4000","Manual","Petrol",161100
"ford","Ford Mondeo",11,"9990","Manual","Diesel",129000
"ford","Ford Mondeo",11,"6000","Manual","Petrol",239000
"ford","Ford Mondeo",11,"8700","Automatic","Diesel",271569
"ford","Ford Mondeo",11,"9499","Automatic","Diesel",182000
"ford","Ford Mondeo",11,"12990","Manual","Diesel",126400
"ford","Ford Mondeo",11,"8200","Automatic","Diesel",189600
"ford","Ford Mondeo",11,"13999","Automatic","Diesel",135000
"ford","Ford Mondeo",11,"7850","Manual","Diesel",165675
"ford","Ford Mondeo",11,"11700","Manual","Petrol",130000
"ford","Ford Mondeo",11,"6990","Manual","Petrol",138000
"ford","Ford Mondeo",11,"10199","Manual","Petrol",126000
"ford","Ford Mondeo",11,"8999","Manual","Diesel",143000
"ford","Ford Mondeo",11,"10490","Manual","Diesel",146000
"ford","Ford Mondeo",11,"6880","Automatic","Diesel",266000
"ford","Ford Mondeo",11,"8900","Automatic","Petrol",113000
"ford","Ford Mondeo",11,"13490","Manual","Diesel",48000
"ford","Ford Mondeo",11,"5800","Manual","Diesel",149890
"ford","Ford Mondeo",11,"8500","Automatic","Diesel",153000
"ford","Ford Mondeo",11,"7490","Manual","Diesel",249980
"ford","Ford Mondeo",11,"7880","Manual","Petrol",175000
"ford","Ford Mondeo",11,"9299","Manual","Petrol",88000
"ford","Ford Mondeo",11,"9450","Manual","Diesel",160300
"ford","Ford Mondeo",11,"8750","Manual","Diesel",136000
"ford","Ford Mondeo",11,"7500","Automatic","Petrol",166680
"ford","Ford Mondeo",11,"14899","Automatic","Petrol",110500
"ford","Ford Mondeo",11,"6000","Automatic","Diesel",320000
"ford","Ford Mondeo",11,"5300","Automatic","Diesel",188000
"ford","Ford Mondeo",10,"11900","Automatic","Diesel",36218
"ford","Ford Mondeo",10,"11900","Automatic","Diesel",45000
"ford","Ford Mondeo",10,"8580","Automatic","Diesel",86200
"ford","Ford Mondeo",10,"6900","Manual","Diesel",190000
"ford","Ford Mondeo",10,"7000","Automatic","Petrol",165000
"ford","Ford Mondeo",10,"12400","Automatic","Diesel",97880
"ford","Ford Mondeo",10,"9900","Automatic","Diesel",184950
"ford","Ford Mondeo",10,"10850","Manual","Diesel",107487
"ford","Ford Mondeo",10,"13999","Manual","Petrol",99500
"ford","Ford Mondeo",10,"6990","Manual","Diesel",203500
"ford","Ford Mondeo",10,"13750","Manual","Petrol",136000
"ford","Ford Mondeo",10,"9500","Manual","Diesel",160000
"ford","Ford Mondeo",10,"7500","Manual","Diesel",234000
"ford","Ford Mondeo",10,"12495","Automatic","Diesel",126300
"ford","Ford Mondeo",10,"11890","Manual","Diesel",220900
"ford","Ford Mondeo",10,"11490","Automatic","Diesel",174650
"ford","Ford Mondeo",10,"10999","Manual","Diesel",191000
"ford","Ford Mondeo",10,"9950","Manual","Petrol",91000
"ford","Ford Mondeo",10,"9990","Manual","Diesel",189990
"ford","Ford Mondeo",10,"15000","Manual","Petrol",1e+05
"ford","Ford Mondeo",10,"12400","Automatic","Diesel",180000
"ford","Ford Mondeo",10,"9000","Manual","Petrol",107455
"ford","Ford Mondeo",10,"8350","Manual","Diesel",168134
"ford","Ford Mondeo",10,"10950","Manual","Diesel",205000
"ford","Ford Mondeo",10,"13950","Manual","Diesel",85000
"ford","Ford Mondeo",10,"8200","Automatic","Diesel",210089
"ford","Ford Mondeo",10,"9690","Automatic","Diesel",187238
"ford","Ford Mondeo",10,"6500","Automatic","Diesel",229742
"ford","Ford Mondeo",10,"7999","Manual","Diesel",128200
"ford","Ford Mondeo",10,"11650","Automatic","Diesel",126080
"ford","Ford Mondeo",10,"9799","Automatic","Diesel",180000
"ford","Ford Mondeo",10,"10490","Automatic","Diesel",120500
"ford","Ford Mondeo",10,"12950","Manual","Petrol",122650
"ford","Ford Mondeo",10,"11450","Manual","Petrol",78590
"ford","Ford Mondeo",10,"7590","Manual","Petrol",150000
"ford","Ford Mondeo",10,"16675","Manual","Diesel",97850
"ford","Ford Mondeo",9,"10500","Manual","Diesel",230000
"ford","Ford Mondeo",9,"12890","Manual","Diesel",103000
"ford","Ford Mondeo",9,"10700","Manual","Diesel",188000
"ford","Ford Mondeo",9,"13349","Manual","Diesel",131403
"ford","Ford Mondeo",9,"8490","Manual","Petrol",224200
"ford","Ford Mondeo",9,"12990","Automatic","Diesel",85100
"ford","Ford Mondeo",9,"16780","Manual","Petrol",51924
"ford","Ford Mondeo",9,"13840","Manual","Petrol",100061
"ford","Ford Mondeo",9,"13690","Manual","Petrol",132363
"ford","Ford Mondeo",9,"17450","Manual","Diesel",63000
"ford","Ford Mondeo",9,"15990","Manual","Petrol",85000
"ford","Ford Mondeo",9,"16950","Automatic","Petrol",102420
"ford","Ford Mondeo",9,"16550","Manual","Petrol",73825
"ford","Ford Mondeo",9,"11497","Manual","Diesel",206000
"ford","Ford Mondeo",9,"13990","Automatic","Diesel",149679
"ford","Ford Mondeo",9,"11999","Manual","Diesel",149500
"ford","Ford Mondeo",9,"16999","Automatic","Diesel",91774
"ford","Ford Mondeo",9,"11999","Automatic","Diesel",206000
"ford","Ford Mondeo",9,"10790","Automatic","Diesel",178500
"ford","Ford Mondeo",9,"15790","Manual","Diesel",78500
"ford","Ford Mondeo",9,"15400","Automatic","Diesel",110000
"ford","Ford Mondeo",9,"17990","Automatic","Petrol",51033
"ford","Ford Mondeo",9,"15499","Automatic","Diesel",55000
"ford","Ford Mondeo",9,"15990","Manual","Petrol",102133
"ford","Ford Mondeo",9,"21990","Automatic","Petrol",43039
"ford","Ford Mondeo",9,"16990","Automatic","Diesel",81291
"ford","Ford Mondeo",9,"14900","Manual","Diesel",97350
"ford","Ford Mondeo",9,"18790","Automatic","Diesel",101607
"ford","Ford Mondeo",9,"22000","Automatic","Petrol",88000
"ford","Ford Mondeo",9,"17980","Manual","Petrol",91990
"ford","Ford Mondeo",9,"14990","Manual","Petrol",123922
"ford","Ford Mondeo",9,"18740","Manual","Petrol",92066
"ford","Ford Mondeo",9,"13899","Manual","Diesel",159000
"ford","Ford Mondeo",9,"9390","Manual","Petrol",191400
"ford","Ford Mondeo",9,"15990","Manual","Petrol",113161
"ford","Ford Mondeo",9,"13500","Automatic","Diesel",210000
"ford","Ford Mondeo",9,"17390","Manual","Petrol",35194
"ford","Ford Mondeo",9,"12600","Automatic","Diesel",228900
"ford","Ford Mondeo",9,"6008","Manual","Petrol",220000
"ford","Ford Mondeo",9,"13990","Manual","Petrol",120000
"ford","Ford Mondeo",9,"20755","Automatic","Petrol",49900
"ford","Ford Mondeo",9,"16900","Automatic","Petrol",71549
"ford","Ford Mondeo",9,"22170","Manual","Diesel",103778
"ford","Ford Mondeo",9,"12498","Manual","Petrol",126268
"ford","Ford Mondeo",9,"16950","Automatic","Petrol",41522
"ford","Ford Mondeo",9,"11990","Manual","Petrol",57800
"ford","Ford Mondeo",9,"22980","Automatic","Diesel",82062
"ford","Ford Mondeo",9,"7300","Automatic","Diesel",108000
"ford","Ford Mondeo",9,"27900","Automatic","Diesel",129000
"ford","Ford Mondeo",9,"9699","Manual","Diesel",171003
"ford","Ford Mondeo",9,"13950","Manual","Petrol",1e+05
"ford","Ford Mondeo",9,"14890","Manual","Diesel",106000
"ford","Ford Mondeo",9,"11550","Manual","Diesel",48000
"ford","Ford Mondeo",9,"4799","Automatic","Petrol",132000
"ford","Ford Mondeo",9,"9000","Manual","Petrol",97655
"ford","Ford Mondeo",9,"13470","Manual","Diesel",161000
"ford","Ford Mondeo",9,"14680","Automatic","Diesel",137500
"ford","Ford Mondeo",9,"17840","Automatic","Diesel",79640
"ford","Ford Mondeo",9,"17940","Automatic","Petrol",75223
"ford","Ford Mondeo",9,"15799","Automatic","Diesel",148550
"ford","Ford Mondeo",9,"14890","Automatic","Diesel",96692
"ford","Ford Mondeo",9,"9600","Manual","Diesel",200724
"ford","Ford Mondeo",9,"10950","Manual","Diesel",222000
"ford","Ford Mondeo",9,"17600","Automatic","Petrol",110827
"ford","Ford Mondeo",9,"18990","Automatic","Petrol",102067
"ford","Ford Mondeo",9,"9750","Manual","Diesel",203816
"ford","Ford Mondeo",9,"17900","Automatic","Diesel",124476
"ford","Ford Mondeo",9,"18990","Manual","Petrol",97523
"ford","Ford Mondeo",9,"19440","Manual","Diesel",66000
"ford","Ford Mondeo",9,"17890","Manual","Petrol",94392
"ford","Ford Mondeo",9,"18890","Manual","Petrol",94392
"ford","Ford Mondeo",9,"15500","Automatic","Diesel",155000
"ford","Ford Mondeo",9,"12000","Automatic","Diesel",177000
"ford","Ford Mondeo",9,"9500","Automatic","Petrol",1e+05
"ford","Ford Mondeo",9,"16990","Automatic","Petrol",106798
"ford","Ford Mondeo",9,"15000","Automatic","Petrol",130258
"ford","Ford Mondeo",9,"15500","Automatic","Diesel",121000
"ford","Ford Mondeo",9,"24300","Automatic","Petrol",65000
"ford","Ford Mondeo",9,"19500","Automatic","Petrol",45750
"ford","Ford Mondeo",9,"10199","Manual","Diesel",125400
"ford","Ford Mondeo",9,"10799","Manual","Petrol",152000
"ford","Ford Mondeo",9,"9990","Automatic","Diesel",267000
"ford","Ford Mondeo",9,"10990","Manual","Diesel",125000
"ford","Ford Mondeo",9,"15370","Manual","Petrol",75370
"ford","Ford Mondeo",9,"15000","Automatic","Diesel",214619
"ford","Ford Mondeo",9,"9499","Manual","Diesel",195000
"ford","Ford Mondeo",9,"17500","Automatic","Diesel",105000
"ford","Ford Mondeo",9,"11600","Manual","Diesel",141585
"ford","Ford Mondeo",9,"12450","Manual","Diesel",103400
"ford","Ford Mondeo",8,"14650","Automatic","Diesel",164000
"ford","Ford Mondeo",8,"15100","Manual","Diesel",101550
"ford","Ford Mondeo",8,"11600","Manual","Diesel",176000
"ford","Ford Mondeo",8,"10899","Automatic","Diesel",122178
"ford","Ford Mondeo",8,"12500","Manual","Diesel",130500
"ford","Ford Mondeo",8,"15499","Automatic","Diesel",49000
"ford","Ford Mondeo",8,"13785","Automatic","Diesel",125000
"ford","Ford Mondeo",8,"11995","Manual","Diesel",134000
"ford","Ford Mondeo",8,"10990","Manual","Diesel",181900
"ford","Ford Mondeo",8,"16900","Manual","Diesel",145404
"ford","Ford Mondeo",8,"12999","Automatic","Diesel",180000
"ford","Ford Mondeo",8,"13290","Automatic","Diesel",146000
"ford","Ford Mondeo",8,"12999","Automatic","Diesel",180000
"ford","Ford Mondeo",8,"14850","Automatic","Diesel",86450
"ford","Ford Mondeo",8,"18750","Automatic","Diesel",127630
"ford","Ford Mondeo",8,"16900","Automatic","Petrol",94077
"ford","Ford Mondeo",8,"15900","Manual","Petrol",8500
"ford","Ford Mondeo",8,"15890","Manual","Diesel",141000
"ford","Ford Mondeo",8,"15999","Automatic","Diesel",143344
"ford","Ford Mondeo",8,"15590","Automatic","Diesel",176000
"ford","Ford Mondeo",8,"11650","Manual","Diesel",175000
"ford","Ford Mondeo",8,"19950","Automatic","Petrol",83500
"ford","Ford Mondeo",8,"15970","Automatic","Diesel",181000
"ford","Ford Mondeo",8,"19945","Manual","Diesel",61900
"ford","Ford Mondeo",8,"14990","Manual","Diesel",142285
"ford","Ford Mondeo",8,"9300","Automatic","Diesel",86644
"ford","Ford Mondeo",8,"19777","Automatic","Diesel",82337
"ford","Ford Mondeo",8,"14800","Manual","Diesel",118005
"ford","Ford Mondeo",8,"13969","Automatic","Diesel",158000
"ford","Ford Mondeo",8,"14000","Manual","Diesel",120000
"ford","Ford Mondeo",8,"15350","Automatic","Petrol",47000
"ford","Ford Mondeo",8,"14600","Manual","Diesel",120444
"ford","Ford Mondeo",8,"13900","Automatic","Diesel",215000
"ford","Ford Mondeo",8,"17113","Manual","Petrol",58000
"ford","Ford Mondeo",8,"13600","Automatic","Diesel",187875
"ford","Ford Mondeo",8,"14950","Manual","Diesel",105250
"ford","Ford Mondeo",8,"17000","Automatic","Diesel",168000
"ford","Ford Mondeo",8,"13990","Automatic","Diesel",151000
"ford","Ford Mondeo",8,"17800","Automatic","Petrol",65200
"ford","Ford Mondeo",8,"10690","Automatic","Diesel",189680
"ford","Ford Mondeo",8,"18950","Manual","Petrol",67700
"ford","Ford Mondeo",8,"9199","Manual","Diesel",149372
"ford","Ford Mondeo",8,"17900","Automatic","Petrol",109373
"ford","Ford Mondeo",8,"14690","Automatic","Diesel",145850
"ford","Ford Mondeo",8,"13890","Manual","Petrol",130232
"ford","Ford Mondeo",8,"20900","Automatic","Diesel",80410
"ford","Ford Mondeo",8,"16999","Automatic","Diesel",119005
"ford","Ford Mondeo",8,"11980","Manual","Diesel",169425
"ford","Ford Mondeo",8,"16880","Manual","Petrol",73631
"ford","Ford Mondeo",8,"17750","Manual","Diesel",97159
"ford","Ford Mondeo",8,"11500","Manual","Diesel",200016
"ford","Ford Mondeo",8,"20990","Automatic","Petrol",94288
"ford","Ford Mondeo",8,"11650","Manual","Diesel",175000
"ford","Ford Mondeo",8,"17990","Automatic","Petrol",63000
"ford","Ford Mondeo",8,"17500","Automatic","Diesel",142000
"ford","Ford Mondeo",8,"12880","Automatic","Petrol",112515
"ford","Ford Mondeo",8,"19980","Automatic","Diesel",144700
"ford","Ford Mondeo",8,"17900","Manual","Diesel",118000
"ford","Ford Mondeo",8,"15000","Automatic","Petrol",62000
"ford","Ford Mondeo",8,"11499","Automatic","Diesel",126125
"ford","Ford Mondeo",8,"14100","Automatic","Diesel",150000
"ford","Ford Mondeo",8,"12200","Manual","Diesel",121111
"ford","Ford Mondeo",8,"17490","Automatic","Diesel",74900
"ford","Ford Mondeo",8,"16950","Manual","Diesel",95090
"ford","Ford Mondeo",8,"14990","Automatic","Diesel",108361
"ford","Ford Mondeo",8,"13990","Manual","Petrol",112445
"ford","Ford Mondeo",8,"9600","Automatic","Diesel",90200
"ford","Ford Mondeo",8,"16980","Automatic","Diesel",115000
"ford","Ford Mondeo",8,"19980","Automatic","Diesel",100200
"ford","Ford Mondeo",8,"17980","Automatic","Diesel",63428
"ford","Ford Mondeo",8,"15700","Automatic","Diesel",81500
"ford","Ford Mondeo",8,"19300","Automatic","Diesel",99600
"ford","Ford Mondeo",8,"15740","Automatic","Diesel",179450
"ford","Ford Mondeo",8,"16990","Automatic","Diesel",141920
"ford","Ford Mondeo",8,"16990","Automatic","Diesel",159000
"ford","Ford Mondeo",8,"10995","Automatic","Diesel",207768
"ford","Ford Mondeo",8,"16400","Automatic","Diesel",157000
"ford","Ford Mondeo",8,"15900","Automatic","Diesel",77000
"ford","Ford Mondeo",8,"23455","Automatic","Diesel",63200
"ford","Ford Mondeo",8,"15830","Manual","Diesel",92668
"ford","Ford Mondeo",8,"8500","Automatic","Diesel",68444
"ford","Ford Mondeo",8,"6800","Automatic","Diesel",103000
"ford","Ford Mondeo",8,"14000","Manual","Diesel",155000
"ford","Ford Mondeo",8,"20500","Automatic","Diesel",94000
"ford","Ford Mondeo",8,"17600","Automatic","Diesel",142000
"ford","Ford Mondeo",8,"19400","Automatic","Petrol",104350
"ford","Ford Mondeo",8,"12850","Manual","Diesel",162366
"ford","Ford Mondeo",8,"18000","Manual","Diesel",151000
"ford","Ford Mondeo",8,"18590","Manual","Petrol",93000
"ford","Ford Mondeo",8,"7990","Automatic","Diesel",185400
"ford","Ford Mondeo",8,"13500","Automatic","Diesel",140000
"ford","Ford Mondeo",8,"14000","Automatic","Diesel",129000
"ford","Ford Mondeo",8,"13950","Manual","Petrol",112655
"ford","Ford Mondeo",8,"14450","Automatic","Diesel",138497
"ford","Ford Mondeo",8,"17950","Automatic","Diesel",77032
"ford","Ford Mondeo",8,"14990","Manual","Petrol",110000
"ford","Ford Mondeo",8,"18750","Automatic","Petrol",58883
"ford","Ford Mondeo",8,"10900","Automatic","Diesel",177000
"ford","Ford Mondeo",8,"14900","Automatic","Diesel",154000
"ford","Ford Mondeo",8,"16900","Automatic","Diesel",125000
"ford","Ford Mondeo",8,"14500","Automatic","Diesel",195000
"ford","Ford Mondeo",8,"13900","Manual","Diesel",94775
"ford","Ford Mondeo",8,"14500","Automatic","Diesel",174000
"ford","Ford Mondeo",8,"13900","Manual","Diesel",138000
"ford","Ford Mondeo",8,"8200","Manual","Diesel",3e+05
"ford","Ford Mondeo",8,"18490","Manual","Petrol",88399
"ford","Ford Mondeo",8,"13990","Manual","Diesel",143000
"ford","Ford Mondeo",8,"18890","Automatic","Petrol",107000
"ford","Ford Mondeo",8,"17990","Manual","Petrol",77486
"ford","Ford Mondeo",8,"19235","Manual","Petrol",52500
"ford","Ford Mondeo",8,"14900","Manual","Diesel",99013
"ford","Ford Mondeo",7,"15100","Automatic","Diesel",122000
"ford","Ford Mondeo",7,"20900","Automatic","Petrol",58063
"ford","Ford Mondeo",7,"17990","Manual","Diesel",50000
"ford","Ford Mondeo",7,"11479","Manual","Diesel",142250
"ford","Ford Mondeo",7,"21999","Automatic","Petrol",75600
"ford","Ford Mondeo",7,"13990","Automatic","Diesel",149000
"ford","Ford Mondeo",7,"15600","Manual","Diesel",120000
"ford","Ford Mondeo",7,"13890","Manual","Diesel",149856
"ford","Ford Mondeo",7,"14790","Manual","Diesel",108000
"ford","Ford Mondeo",7,"9900","Manual","Diesel",239950
"ford","Ford Mondeo",7,"16830","Manual","Petrol",83964
"ford","Ford Mondeo",7,"8990","Manual","Diesel",235000
"ford","Ford Mondeo",7,"13995","Manual","Diesel",149000
"ford","Ford Mondeo",7,"13949","Manual","Diesel",94955
"ford","Ford Mondeo",7,"23440","Automatic","Diesel",59836
"ford","Ford Mondeo",7,"19490","Automatic","Petrol",94500
"ford","Ford Mondeo",7,"13799","Automatic","Diesel",101843
"ford","Ford Mondeo",7,"12500","Manual","Diesel",141320
"ford","Ford Mondeo",7,"15000","Manual","Diesel",104187
"ford","Ford Mondeo",7,"14980","Manual","Diesel",95000
"ford","Ford Mondeo",7,"15400","Manual","Petrol",89657
"ford","Ford Mondeo",7,"19900","Automatic","Petrol",97148
"ford","Ford Mondeo",7,"18990","Automatic","Diesel",124950
"ford","Ford Mondeo",7,"18900","Manual","Petrol",56732
"ford","Ford Mondeo",7,"15490","Manual","Diesel",94700
"ford","Ford Mondeo",7,"19990","Automatic","Diesel",77000
"ford","Ford Mondeo",7,"14900","Automatic","Petrol",92000
"ford","Ford Mondeo",7,"14790","Manual","Petrol",87000
"ford","Ford Mondeo",7,"11700","Automatic","Diesel",206500
"ford","Ford Mondeo",7,"17450","Automatic","Diesel",126750
"ford","Ford Mondeo",7,"14500","Manual","Petrol",125155
"ford","Ford Mondeo",7,"14900","Manual","Diesel",166115
"ford","Ford Mondeo",7,"14999","Automatic","Diesel",110363
"ford","Ford Mondeo",7,"19890","Manual","Petrol",35500
"ford","Ford Mondeo",7,"19490","Automatic","Diesel",74990
"ford","Ford Mondeo",7,"19448","Automatic","Diesel",137315
"ford","Ford Mondeo",7,"9990","Automatic","Diesel",224330
"ford","Ford Mondeo",7,"17740","Manual","Petrol",69990
"ford","Ford Mondeo",7,"21630","Automatic","Petrol",76634
"ford","Ford Mondeo",7,"20990","Automatic","Petrol",84150
"ford","Ford Mondeo",7,"22955","Automatic","Diesel",88700
"ford","Ford Mondeo",7,"17700","Automatic","Petrol",93000
"ford","Ford Mondeo",7,"18990","Manual","Diesel",111000
"ford","Ford Mondeo",7,"13350","Manual","Diesel",173000
"ford","Ford Mondeo",7,"12200","Manual","Diesel",234000
"ford","Ford Mondeo",7,"18970","Automatic","Diesel",92600
"ford","Ford Mondeo",7,"21200","Automatic","Petrol",54000
"ford","Ford Mondeo",7,"17700","Automatic","Diesel",108400
"ford","Ford Mondeo",7,"16990","Manual","Diesel",96400
"ford","Ford Mondeo",7,"15680","Automatic","Diesel",129494
"ford","Ford Mondeo",7,"18980","Automatic","Diesel",74683
"ford","Ford Mondeo",7,"22700","Automatic","Diesel",64000
"ford","Ford Mondeo",7,"17905","Manual","Diesel",106188
"ford","Ford Mondeo",7,"19590","Automatic","Diesel",76400
"ford","Ford Mondeo",7,"19600","Manual","Petrol",66500
"ford","Ford Mondeo",7,"14990","Manual","Diesel",86000
"ford","Ford Mondeo",7,"16400","Manual","Diesel",153784
"ford","Ford Mondeo",7,"18990","Automatic","Diesel",88200
"ford","Ford Mondeo",7,"17995","Automatic","Diesel",104000
"ford","Ford Mondeo",7,"22490","Automatic","Diesel",70800
"ford","Ford Mondeo",7,"18900","Automatic","Diesel",65105
"ford","Ford Mondeo",7,"19790","Automatic","Petrol",1e+05
"ford","Ford Mondeo",7,"14750","Manual","Diesel",123788
"ford","Ford Mondeo",7,"11399","Automatic","Diesel",174950
"ford","Ford Mondeo",7,"10790","Manual","Diesel",198000
"ford","Ford Mondeo",7,"19990","Automatic","Diesel",99803
"ford","Ford Mondeo",7,"20950","Automatic","Diesel",112793
"ford","Ford Mondeo",7,"21500","Automatic","Petrol",55000
"ford","Ford Mondeo",7,"14369","Manual","Diesel",103000
"ford","Ford Mondeo",7,"20950","Automatic","Diesel",80940
"ford","Ford Mondeo",7,"14690","Manual","Petrol",109343
"ford","Ford Mondeo",7,"19750","Manual","Diesel",103000
"ford","Ford Mondeo",7,"31000","Automatic","Diesel",133960
"ford","Ford Mondeo",7,"16990","Automatic","Diesel",118000
"ford","Ford Mondeo",7,"18500","Manual","Diesel",140000
"ford","Ford Mondeo",7,"18450","Automatic","Diesel",69000
"ford","Ford Mondeo",7,"16580","Automatic","Diesel",176216
"ford","Ford Mondeo",7,"14999","Manual","Petrol",85000
"ford","Ford Mondeo",7,"13750","Manual","Diesel",58200
"ford","Ford Mondeo",7,"16999","Automatic","Diesel",88342
"ford","Ford Mondeo",7,"21990","Automatic","Petrol",67500
"ford","Ford Mondeo",7,"16300","Automatic","Diesel",140000
"ford","Ford Mondeo",7,"16995","Automatic","Diesel",81000
"ford","Ford Mondeo",7,"16950","Automatic","Diesel",128804
"ford","Ford Mondeo",7,"15149","Manual","Diesel",61450
"ford","Ford Mondeo",7,"15700","Automatic","Diesel",163000
"ford","Ford Mondeo",7,"15950","Automatic","Diesel",124650
"ford","Ford Mondeo",7,"24300","Automatic","Diesel",165017
"ford","Ford Mondeo",7,"18390","Manual","Diesel",103716
"ford","Ford Mondeo",7,"14000","Automatic","Diesel",137500
"ford","Ford Mondeo",7,"13250","Automatic","Diesel",190000
"ford","Ford Mondeo",7,"22840","Automatic","Diesel",39004
"ford","Ford Mondeo",7,"16490","Manual","Diesel",82000
"ford","Ford Mondeo",7,"16980","Manual","Diesel",82000
"ford","Ford Mondeo",7,"22000","Automatic","Diesel",80500
"ford","Ford Mondeo",7,"15990","Automatic","Diesel",92745
"ford","Ford Mondeo",7,"11999","Automatic","Diesel",238000
"ford","Ford Mondeo",7,"18980","Automatic","Diesel",109030
"ford","Ford Mondeo",7,"14900","Automatic","Diesel",133584
"ford","Ford Mondeo",7,"18990","Automatic","Diesel",120050
"ford","Ford Mondeo",7,"23000","Automatic","Petrol",80000
"ford","Ford Mondeo",7,"18690","Manual","Diesel",91748
"ford","Ford Mondeo",7,"30500","Automatic","Petrol",109430
"ford","Ford Mondeo",7,"14480","Automatic","Diesel",145520
"ford","Ford Mondeo",7,"16850","Manual","Diesel",127390
"ford","Ford Mondeo",7,"14450","Manual","Diesel",160161
"ford","Ford Mondeo",7,"25990","Automatic","Petrol",49842
"ford","Ford Mondeo",7,"19900","Automatic","Diesel",66000
"ford","Ford Mondeo",7,"13740","Manual","Diesel",151477
"ford","Ford Mondeo",7,"21190","Manual","Petrol",50000
"ford","Ford Mondeo",7,"14990","Automatic","Diesel",53400
"ford","Ford Mondeo",7,"13700","Manual","Diesel",120600
"ford","Ford Mondeo",7,"15995","Automatic","Diesel",95620
"ford","Ford Mondeo",7,"14399","Automatic","Diesel",136500
"ford","Ford Mondeo",7,"14599","Automatic","Diesel",107309
"ford","Ford Mondeo",7,"17990","Manual","Petrol",24072
"ford","Ford Mondeo",7,"38900","Automatic","Diesel",83655
"ford","Ford Mondeo",7,"19900","Manual","Diesel",109551
"ford","Ford Mondeo",7,"13900","Automatic","Petrol",32000
"ford","Ford Mondeo",7,"13950","Manual","Diesel",85000
"ford","Ford Mondeo",7,"12850","Manual","Diesel",160000
"ford","Ford Mondeo",7,"12900","Manual","Diesel",136950
"ford","Ford Mondeo",7,"13990","Automatic","Diesel",205127
"ford","Ford Mondeo",7,"10690","Manual","Petrol",17000
"ford","Ford Mondeo",7,"12990","Manual","Diesel",148000
"ford","Ford Mondeo",7,"14850","Manual","Diesel",120750
"ford","Ford Mondeo",7,"14490","Manual","Diesel",133400
"ford","Ford Mondeo",7,"14999","Automatic","Diesel",95270
"ford","Ford Mondeo",7,"14279","Automatic","Diesel",128320
"ford","Ford Mondeo",7,"22990","Manual","Diesel",89997
"ford","Ford Mondeo",7,"13450","Manual","Diesel",99977
"ford","Ford Mondeo",7,"19990","Automatic","Diesel",92000
"ford","Ford Mondeo",7,"13999","Automatic","Diesel",138540
"ford","Ford Mondeo",7,"7600","Manual","Diesel",291000
"ford","Ford Mondeo",7,"16690","Automatic","Diesel",90000
"ford","Ford Mondeo",7,"17990","Manual","Diesel",78000
"ford","Ford Mondeo",7,"18749","Automatic","Diesel",73450
"ford","Ford Mondeo",7,"10990","Manual","Diesel",176500
"ford","Ford Mondeo",7,"20490","Automatic","Petrol",88000
"ford","Ford Mondeo",7,"16300","Manual","Petrol",60000
"ford","Ford Mondeo",7,"9950","Manual","Diesel",167700
"ford","Ford Mondeo",7,"25990","Automatic","Petrol",56259
"ford","Ford Mondeo",7,"10000","Automatic","Diesel",180000
"ford","Ford Mondeo",7,"17990","Manual","Diesel",173220
"ford","Ford Mondeo",7,"10900","Automatic","Petrol",94650
"ford","Ford Mondeo",7,"20490","Automatic","Diesel",118350
"ford","Ford Mondeo",7,"13900","Manual","Diesel",114642
"ford","Ford Mondeo",7,"19995","Automatic","Diesel",107696
"ford","Ford Mondeo",7,"15960","Manual","Diesel",162000
"ford","Ford Mondeo",7,"19440","Automatic","Petrol",56040
"ford","Ford Mondeo",7,"21790","Automatic","Diesel",60000
"ford","Ford Mondeo",7,"18150","Manual","Diesel",92100
"ford","Ford Mondeo",7,"15749","Manual","Petrol",88900
"ford","Ford Mondeo",6,"12250","Automatic","Petrol",54277
"ford","Ford Mondeo",6,"15750","Manual","Diesel",69717
"ford","Ford Mondeo",6,"25700","Automatic","Petrol",75000
"ford","Ford Mondeo",6,"11950","Manual","Diesel",177846
"ford","Ford Mondeo",6,"18990","Automatic","Diesel",77000
"ford","Ford Mondeo",6,"15999","Manual","Diesel",134700
"ford","Ford Mondeo",6,"33299","Automatic","Diesel",65000
"ford","Ford Mondeo",6,"19989","Manual","Diesel",75309
"ford","Ford Mondeo",6,"15990","Automatic","Diesel",199800
"ford","Ford Mondeo",6,"20924","Automatic","Diesel",36330
"ford","Ford Mondeo",6,"23749","Automatic","Diesel",66450
"ford","Ford Mondeo",6,"18450","Automatic","Petrol",90000
"ford","Ford Mondeo",6,"20900","Automatic","Petrol",74700
"ford","Ford Mondeo",6,"19990","Manual","Petrol",90000
"ford","Ford Mondeo",6,"20780","Automatic","Diesel",78779
"ford","Ford Mondeo",6,"23300","Automatic","Diesel",51000
"ford","Ford Mondeo",6,"10400","Manual","Petrol",174845
"ford","Ford Mondeo",6,"19990","Manual","Petrol",75137
"ford","Ford Mondeo",6,"16970","Manual","Petrol",84234
"ford","Ford Mondeo",6,"20888","Automatic","Diesel",47271
"ford","Ford Mondeo",6,"21900","Manual","Petrol",80000
"ford","Ford Mondeo",6,"19990","Automatic","Diesel",53236
"ford","Ford Mondeo",6,"15950","Manual","Diesel",62004
"ford","Ford Mondeo",6,"19990","Automatic","Petrol",122000
"ford","Ford Mondeo",6,"21490","Automatic","Petrol",34985
"ford","Ford Mondeo",6,"18880","Automatic","Diesel",147000
"ford","Ford Mondeo",6,"17950","Manual","Petrol",71609
"ford","Ford Mondeo",6,"18990","Automatic","Diesel",111000
"ford","Ford Mondeo",6,"18950","Manual","Petrol",80485
"ford","Ford Mondeo",6,"23490","Automatic","Diesel",94224
"ford","Ford Mondeo",6,"20950","Automatic","Diesel",1e+05
"ford","Ford Mondeo",6,"13949","Manual","Diesel",150000
"ford","Ford Mondeo",6,"17270","Automatic","Petrol",66000
"ford","Ford Mondeo",6,"18900","Automatic","Petrol",110000
"ford","Ford Mondeo",6,"21999","Automatic","Petrol",72814
"ford","Ford Mondeo",6,"19500","Automatic","Diesel",111550
"ford","Ford Mondeo",6,"22500","Automatic","Petrol",50990
"ford","Ford Mondeo",6,"19990","Manual","Diesel",48800
"ford","Ford Mondeo",6,"17950","Manual","Petrol",84450
"ford","Ford Mondeo",6,"12990","Automatic","Diesel",229950
"ford","Ford Mondeo",6,"20390","Automatic","Diesel",94500
"ford","Ford Mondeo",6,"18490","Automatic","Diesel",83000
"ford","Ford Mondeo",6,"16650","Manual","Diesel",128000
"ford","Ford Mondeo",6,"12890","Automatic","Diesel",223000
"ford","Ford Mondeo",6,"21299","Automatic","Diesel",74500
"ford","Ford Mondeo",6,"22990","Manual","Petrol",57294
"ford","Ford Mondeo",6,"20650","Automatic","Diesel",105000
"ford","Ford Mondeo",6,"18950","Manual","Petrol",49515
"ford","Ford Mondeo",6,"18490","Manual","Petrol",58547
"ford","Ford Mondeo",6,"19999","Manual","Petrol",38728
"ford","Ford Mondeo",6,"17890","Automatic","Diesel",110800
"ford","Ford Mondeo",6,"9999","Automatic","Diesel",289896
"ford","Ford Mondeo",6,"20450","Manual","Petrol",73853
"ford","Ford Mondeo",6,"20450","Manual","Petrol",73853
"ford","Ford Mondeo",6,"18790","Automatic","Diesel",129000
"ford","Ford Mondeo",6,"20990","Automatic","Diesel",57000
"ford","Ford Mondeo",6,"16680","Manual","Diesel",1e+05
"ford","Ford Mondeo",6,"12499","Manual","Diesel",118077
"ford","Ford Mondeo",6,"17490","Automatic","Diesel",139860
"ford","Ford Mondeo",6,"16700","Manual","Petrol",62000
"ford","Ford Mondeo",6,"43000","Manual","Diesel",109820
"ford","Ford Mondeo",6,"16479","Automatic","Diesel",167103
"ford","Ford Mondeo",6,"24990","Automatic","Petrol",64500
"ford","Ford Mondeo",6,"19990","Automatic","Diesel",103350
"ford","Ford Mondeo",6,"14499","Automatic","Diesel",159950
"ford","Ford Mondeo",6,"19998","Manual","Diesel",60000
"ford","Ford Mondeo",6,"19830","Manual","Petrol",41478
"ford","Ford Mondeo",6,"17990","Manual","Petrol",72480
"ford","Ford Mondeo",6,"29999","Automatic","Petrol",82000
"ford","Ford Mondeo",6,"17999","Automatic","Diesel",105000
"ford","Ford Mondeo",6,"19990","Manual","Diesel",85464
"ford","Ford Mondeo",6,"28999","Automatic","Diesel",162000
"ford","Ford Mondeo",6,"18460","Manual","Petrol",73186
"ford","Ford Mondeo",6,"23000","Automatic","Petrol",48000
"ford","Ford Mondeo",6,"13750","Manual","Diesel",162447
"ford","Ford Mondeo",6,"19790","Manual","Diesel",34391
"ford","Ford Mondeo",6,"28900","Automatic","Diesel",64090
"ford","Ford Mondeo",6,"13900","Automatic","Diesel",174000
"ford","Ford Mondeo",6,"16990","Automatic","Diesel",108400
"ford","Ford Mondeo",6,"20990","Automatic","Diesel",103800
"ford","Ford Mondeo",6,"14649","Manual","Diesel",128000
"ford","Ford Mondeo",6,"14900","Manual","Diesel",150000
"ford","Ford Mondeo",6,"16979","Automatic","Diesel",99940
"ford","Ford Mondeo",6,"18999","Manual","Diesel",97000
"ford","Ford Mondeo",6,"20950","Automatic","Diesel",59246
"ford","Ford Mondeo",6,"13749","Manual","Diesel",140000
"ford","Ford Mondeo",6,"15500","Automatic","Diesel",135900
"ford","Ford Mondeo",6,"14850","Manual","Petrol",108500
"ford","Ford Mondeo",6,"19799","Automatic","Diesel",74397
"ford","Ford Mondeo",6,"14850","Automatic","Petrol",120900
"ford","Ford Mondeo",6,"16695","Manual","Diesel",110838
"ford","Ford Mondeo",6,"11797","Automatic","Diesel",240000
"ford","Ford Mondeo",6,"17999","Manual","Diesel",78000
"ford","Ford Mondeo",6,"15999","Manual","Diesel",111500
"ford","Ford Mondeo",6,"15450","Automatic","Diesel",146000
"ford","Ford Mondeo",6,"16850","Manual","Diesel",123400
"ford","Ford Mondeo",6,"15999","Manual","Diesel",56000
"ford","Ford Mondeo",6,"19990","Automatic","Petrol",80904
"ford","Ford Mondeo",6,"15490","Manual","Diesel",79000
"ford","Ford Mondeo",6,"17990","Manual","Diesel",95000
"ford","Ford Mondeo",6,"14380","Automatic","Diesel",98894
"ford","Ford Mondeo",6,"29840","Automatic","Petrol",59300
"ford","Ford Mondeo",6,"22990","Manual","Petrol",57273
"ford","Ford Mondeo",6,"13289","Automatic","Diesel",171075
"ford","Ford Mondeo",6,"22990","Manual","Petrol",60850
"ford","Ford Mondeo",6,"12980","Automatic","Diesel",150301
"ford","Ford Mondeo",6,"21330","Manual","Diesel",117631
"ford","Ford Mondeo",6,"21500","Automatic","Petrol",93000
"ford","Ford Mondeo",6,"22840","Automatic","Diesel",47521
"ford","Ford Mondeo",6,"22740","Manual","Diesel",24456
"ford","Ford Mondeo",6,"15480","Manual","Diesel",131000
"ford","Ford Mondeo",6,"12980","Manual","Diesel",136703
"ford","Ford Mondeo",6,"23490","Automatic","Petrol",44500
"ford","Ford Mondeo",6,"25490","Automatic","Petrol",69800
"ford","Ford Mondeo",6,"13485","Automatic","Diesel",175000
"ford","Ford Mondeo",6,"24955","Automatic","Diesel",52600
"ford","Ford Mondeo",6,"13990","Manual","Diesel",145300
"ford","Ford Mondeo",6,"24990","Automatic","Diesel",43980
"ford","Ford Mondeo",6,"13999","Manual","Diesel",158200
"ford","Ford Mondeo",6,"20950","Automatic","Diesel",90875
"ford","Ford Mondeo",6,"14780","Automatic","Diesel",148149
"ford","Ford Mondeo",6,"17390","Automatic","Petrol",79500
"ford","Ford Mondeo",6,"26990","Automatic","Diesel",53000
"ford","Ford Mondeo",6,"12750","Automatic","Petrol",61339
"ford","Ford Mondeo",6,"22495","Automatic","Diesel",70980
"ford","Ford Mondeo",6,"10950","Manual","Petrol",46100
"ford","Ford Mondeo",6,"17950","Automatic","Diesel",81100
"ford","Ford Mondeo",6,"19890","Automatic","Diesel",64481
"ford","Ford Mondeo",6,"11599","Manual","Diesel",182666
"ford","Ford Mondeo",6,"26840","Automatic","Diesel",22763
"ford","Ford Mondeo",6,"19980","Automatic","Petrol",72900
"ford","Ford Mondeo",6,"24990","Automatic","Petrol",57150
"ford","Ford Mondeo",6,"12000","Automatic","Diesel",210750
"ford","Ford Mondeo",6,"21950","Automatic","Petrol",31500
"ford","Ford Mondeo",6,"21990","Manual","Diesel",29000
"ford","Ford Mondeo",6,"14990","Manual","Petrol",83000
"ford","Ford Mondeo",6,"17900","Automatic","Diesel",83527
"ford","Ford Mondeo",6,"26880","Automatic","Diesel",40000
"ford","Ford Mondeo",6,"25990","Automatic","Petrol",66017
"ford","Ford Mondeo",6,"17990","Automatic","Diesel",62965
"ford","Ford Mondeo",6,"20120","Manual","Diesel",43805
"ford","Ford Mondeo",6,"22290","Automatic","Diesel",95600
"ford","Ford Mondeo",6,"25950","Automatic","Petrol",55400
"ford","Ford Mondeo",6,"17390","Automatic","Diesel",80000
"ford","Ford Mondeo",5,"21990","Automatic","Diesel",82662
"ford","Ford Mondeo",5,"19990","Automatic","Diesel",113295
"ford","Ford Mondeo",5,"23990","Manual","Petrol",47250
"ford","Ford Mondeo",5,"23890","Automatic","Diesel",100255
"ford","Ford Mondeo",5,"18450","Automatic","Diesel",120750
"ford","Ford Mondeo",5,"22999","Automatic","Diesel",36000
"ford","Ford Mondeo",5,"21490","Automatic","Diesel",100390
"ford","Ford Mondeo",5,"18950","Automatic","Diesel",89066
"ford","Ford Mondeo",5,"18890","Automatic","Diesel",125650
"ford","Ford Mondeo",5,"13779","Manual","Diesel",149950
"ford","Ford Mondeo",5,"36000","Automatic","Diesel",72842
"ford","Ford Mondeo",5,"23990","Automatic","Diesel",91928
"ford","Ford Mondeo",5,"23900","Manual","Diesel",57800
"ford","Ford Mondeo",5,"17580","Automatic","Diesel",114500
"ford","Ford Mondeo",5,"18950","Automatic","Petrol",66760
"ford","Ford Mondeo",5,"22995","Automatic","Diesel",76800
"ford","Ford Mondeo",5,"20000","Manual","Diesel",56666
"ford","Ford Mondeo",5,"20695","Manual","Petrol",26500
"ford","Ford Mondeo",5,"15750","Manual","Petrol",72700
"ford","Ford Mondeo",5,"26090","Automatic","Diesel",57765
"ford","Ford Mondeo",5,"20724","Manual","Petrol",23224
"ford","Ford Mondeo",5,"15470","Automatic","Diesel",123131
"ford","Ford Mondeo",5,"18600","Manual","Petrol",49980
"ford","Ford Mondeo",5,"20900","Automatic","Diesel",79300
"ford","Ford Mondeo",5,"23990","Automatic","Diesel",49575
"ford","Ford Mondeo",5,"19950","Automatic","Diesel",118115
"ford","Ford Mondeo",5,"18650","Automatic","Diesel",134075
"ford","Ford Mondeo",5,"21000","Automatic","Diesel",76000
"ford","Ford Mondeo",5,"29986","Automatic","Petrol",42157
"ford","Ford Mondeo",5,"28999","Manual","Diesel",50700
"ford","Ford Mondeo",5,"18490","Automatic","Petrol",18250
"ford","Ford Mondeo",5,"16790","Automatic","Diesel",44586
"ford","Ford Mondeo",5,"20890","Automatic","Diesel",64740
"ford","Ford Mondeo",5,"22990","Automatic","Petrol",63990
"ford","Ford Mondeo",5,"22900","Manual","Petrol",23974
"ford","Ford Mondeo",5,"21990","Automatic","Diesel",59753
"ford","Ford Mondeo",5,"30750","Automatic","Diesel",59100
"ford","Ford Mondeo",5,"23430","Manual","Diesel",40023
"ford","Ford Mondeo",5,"22450","Automatic","Diesel",76800
"ford","Ford Mondeo",5,"23999","Automatic","Diesel",47400
"ford","Ford Mondeo",5,"17390","Automatic","Diesel",103190
"ford","Ford Mondeo",5,"12800","Automatic","Diesel",153000
"ford","Ford Mondeo",5,"21900","Automatic","Diesel",97458
"ford","Ford Mondeo",5,"27750","Automatic","Diesel",29861
"ford","Ford Mondeo",5,"32950","Automatic","Diesel",38000
"ford","Ford Mondeo",5,"18950","Automatic","Diesel",131665
"ford","Ford Mondeo",5,"13950","Automatic","Diesel",188000
"ford","Ford Mondeo",5,"24000","Manual","Petrol",49500
"ford","Ford Mondeo",5,"20500","Manual","Diesel",54200
"ford","Ford Mondeo",5,"12499","Manual","Diesel",185700
"ford","Ford Mondeo",5,"23600","Automatic","Diesel",76682
"ford","Ford Mondeo",5,"23888","Automatic","Diesel",55000
"ford","Ford Mondeo",5,"21640","Automatic","Petrol",27003
"ford","Ford Mondeo",5,"17995","Automatic","Diesel",96245
"ford","Ford Mondeo",5,"25390","Automatic","Diesel",48735
"ford","Ford Mondeo",5,"13250","Manual","Diesel",171900
"ford","Ford Mondeo",5,"17620","Manual","Petrol",106456
"ford","Ford Mondeo",5,"26489","Manual","Diesel",23000
"ford","Ford Mondeo",5,"13770","Automatic","Diesel",185991
"ford","Ford Mondeo",5,"13900","Automatic","Petrol",128831
"ford","Ford Mondeo",5,"13950","Automatic","Diesel",188000
"ford","Ford Mondeo",5,"14870","Automatic","Diesel",134095
"ford","Ford Mondeo",5,"17999","Automatic","Diesel",99500
"ford","Ford Mondeo",5,"9990","Automatic","Diesel",59300
"ford","Ford Mondeo",5,"16400","Automatic","Diesel",89095
"ford","Ford Mondeo",5,"13990","Manual","Diesel",149788
"ford","Ford Mondeo",5,"29495","Automatic","Diesel",29980
"ford","Ford Mondeo",5,"19200","Automatic","Diesel",94800
"ford","Ford Mondeo",5,"25390","Automatic","Diesel",75000
"ford","Ford Mondeo",5,"14980","Manual","Diesel",105113
"ford","Ford Mondeo",5,"14042","Automatic","Diesel",140970
"ford","Ford Mondeo",5,"18990","Automatic","Diesel",121476
"ford","Ford Mondeo",5,"23799","Manual","Petrol",33500
"ford","Ford Mondeo",5,"28490","Manual","Diesel",39738
"ford","Ford Mondeo",5,"27947","Automatic","Diesel",131435
"ford","Ford Mondeo",5,"18470","Automatic","Petrol",73180
"ford","Ford Mondeo",5,"24184","Automatic","Petrol",80000
"ford","Ford Mondeo",5,"18290","Manual","Diesel",47300
"ford","Ford Mondeo",5,"29996","Automatic","Diesel",48500
"ford","Ford Mondeo",5,"19990","Manual","Diesel",64000
"ford","Ford Mondeo",5,"25900","Manual","Diesel",27000
"ford","Ford Mondeo",5,"23399","Automatic","Diesel",67445
"ford","Ford Mondeo",5,"17590","Automatic","Diesel",112900
"ford","Ford Mondeo",5,"19925","Automatic","Petrol",40300
"ford","Ford Mondeo",5,"16999","Manual","Petrol",42000
"ford","Ford Mondeo",5,"23390","Automatic","Diesel",72890
"ford","Ford Mondeo",5,"17777","Manual","Diesel",88000
"ford","Ford Mondeo",5,"16480","Automatic","Diesel",138358
"ford","Ford Mondeo",5,"15995","Automatic","Diesel",121985
"ford","Ford Mondeo",5,"18250","Automatic","Diesel",77500
"ford","Ford Mondeo",5,"18990","Automatic","Diesel",178980
"ford","Ford Mondeo",5,"19900","Automatic","Petrol",65800
"ford","Ford Mondeo",5,"15950","Automatic","Petrol",95811
"ford","Ford Mondeo",4,"27490","Automatic","Diesel",49000
"ford","Ford Mondeo",4,"33350","Automatic","Diesel",24500
"ford","Ford Mondeo",4,"16270","Manual","Diesel",146000
"ford","Ford Mondeo",4,"30400","Automatic","Diesel",37000
"ford","Ford Mondeo",4,"21199","Manual","Diesel",33890
"ford","Ford Mondeo",4,"29490","Automatic","Diesel",48236
"ford","Ford Mondeo",4,"24840","Automatic","Diesel",69274
"ford","Ford Mondeo",4,"29690","Automatic","Diesel",48236
"ford","Ford Mondeo",4,"15599","Automatic","Diesel",125228
"ford","Ford Mondeo",4,"15980","Automatic","Diesel",189634
"ford","Ford Mondeo",4,"24500","Automatic","Diesel",33000
"ford","Ford Mondeo",4,"33990","Automatic","Diesel",18990
"ford","Ford Mondeo",4,"20450","Automatic","Diesel",110005
"ford","Ford Mondeo",4,"15890","Automatic","Diesel",135038
"ford","Ford Mondeo",4,"33888","Automatic","Diesel",54242
"ford","Ford Mondeo",4,"34450","Automatic","Diesel",13480
"ford","Ford Mondeo",4,"27840","Automatic","Diesel",73994
"ford","Ford Mondeo",4,"15870","Automatic","Diesel",129332
"ford","Ford Mondeo",4,"21900","Automatic","Diesel",49600
"ford","Ford Mondeo",4,"21786","Automatic","Diesel",96700
"ford","Ford Mondeo",4,"24860","Automatic","Diesel",25781
"ford","Ford Mondeo",4,"15480","Manual","Diesel",112684
"ford","Ford Mondeo",4,"24988","Automatic","Petrol",47412
"ford","Ford Mondeo",4,"34580","Automatic","Diesel",26080
"ford","Ford Mondeo",4,"21900","Automatic","Diesel",106126
"ford","Ford Mondeo",4,"24988","Automatic","Petrol",47412
"ford","Ford Mondeo",4,"34980","Automatic","Diesel",86614
"ford","Ford Mondeo",4,"19950","Manual","Diesel",58751
"ford","Ford Mondeo",4,"23990","Automatic","Diesel",81021
"ford","Ford Mondeo",4,"21990","Automatic","Diesel",73004
"ford","Ford Mondeo",4,"17390","Automatic","Diesel",131722
"ford","Ford Mondeo",4,"33985","Automatic","Diesel",25100
"ford","Ford Mondeo",4,"14979","Automatic","Diesel",149950
"ford","Ford Mondeo",4,"25188","Manual","Diesel",134704
"ford","Ford Mondeo",4,"20988","Automatic","Petrol",47412
"ford","Ford Mondeo",4,"25999","Manual","Diesel",48380
"ford","Ford Mondeo",4,"19980","Automatic","Diesel",85000
"ford","Ford Mondeo",4,"25330","Automatic","Diesel",32249
"ford","Ford Mondeo",4,"20150","Manual","Diesel",58751
"ford","Ford Mondeo",4,"20990","Automatic","Diesel",105655
"ford","Ford Mondeo",4,"25450","Automatic","Diesel",43000
"ford","Ford Mondeo",4,"15970","Automatic","Diesel",43000
"ford","Ford Mondeo",4,"19490","Automatic","Diesel",130289
"ford","Ford Mondeo",4,"19999","Automatic","Diesel",160000
"ford","Ford Mondeo",4,"27990","Automatic","Diesel",52377
"ford","Ford Mondeo",4,"25990","Automatic","Diesel",73451
"ford","Ford Mondeo",4,"16988","Automatic","Diesel",96100
"ford","Ford Mondeo",4,"16870","Automatic","Diesel",101362
"ford","Ford Mondeo",4,"25990","Automatic","Diesel",33000
"ford","Ford Mondeo",4,"33990","Automatic","Diesel",46460
"ford","Ford Mondeo",4,"13190","Automatic","Diesel",176095
"ford","Ford Mondeo",3,"25000","Automatic","Diesel",52000
"ford","Ford Mondeo",3,"35490","Automatic","Diesel",13390
"ford","Ford Mondeo",3,"30640","Automatic","Petrol",22410
"ford","Ford Mondeo",3,"30440","Automatic","Petrol",22410
"ford","Ford Mondeo",3,"29640","Manual","Diesel",29020
"ford","Ford Mondeo",3,"32850","Automatic","Petrol",20000
"ford","Ford Mondeo",3,"31950","Automatic","Diesel",20425
"ford","Ford Mondeo",3,"27670","Manual","Diesel",20940
"ford","Ford Mondeo",3,"31740","Automatic","Petrol",28230
"ford","Ford Mondeo",3,"26980","Automatic","Diesel",73295
"ford","Ford Mondeo",3,"32840","Manual","Diesel",19378
"ford","Ford Mondeo",3,"33990","Automatic","Diesel",20371
"ford","Ford Mondeo",3,"33440","Automatic","Petrol",15990
"ford","Ford Mondeo",3,"35490","Automatic","Diesel",18945
"ford","Ford Mondeo",3,"42600","Automatic","Diesel",7000
"ford","Ford Mondeo",3,"34990","Automatic","Diesel",18276
"ford","Ford Mondeo",3,"29990","Manual","Diesel",21947
"ford","Ford Mondeo",3,"31560","Manual","Diesel",8620
"ford","Ford Mondeo",3,"32840","Manual","Diesel",26339
"ford","Ford Mondeo",3,"30180","Automatic","Petrol",37882
"ford","Ford Mondeo",3,"25950","Automatic","Petrol",18473
"ford","Ford Mondeo",3,"36290","Automatic","Diesel",30734
"ford","Ford Mondeo",3,"34990","Manual","Diesel",24738
"ford","Ford Mondeo",3,"25950","Automatic","Petrol",20274
"ford","Ford Mondeo",3,"29990","Manual","Diesel",49560
"ford","Ford Mondeo",3,"31990","Automatic","Diesel",24500
"ford","Ford Mondeo",3,"36490","Automatic","Diesel",30734
"ford","Ford Mondeo",3,"34990","Manual","Diesel",24172
"ford","Ford Mondeo",3,"26980","Manual","Diesel",29630
"ford","Ford Mondeo",3,"36190","Automatic","Diesel",18990
"ford","Ford Mondeo",3,"60400","Automatic","Diesel",13810
"ford","Ford Mondeo",3,"33990","Automatic","Diesel",21735
"ford","Ford Mondeo",3,"24180","Manual","Diesel",51078
"ford","Ford Mondeo",3,"25185","Manual","Diesel",15000
"ford","Ford Mondeo",3,"29990","Manual","Diesel",18719
"ford","Ford Mondeo",3,"35960","Automatic","Diesel",17470
"ford","Ford Mondeo",3,"36890","Automatic","Diesel",17010
"ford","Ford Mondeo",3,"26940","Automatic","Petrol",7702
"ford","Ford Mondeo",3,"32440","Automatic","Diesel",27500
"ford","Ford Mondeo",3,"32150","Manual","Diesel",12068
"ford","Ford Mondeo",3,"24975","Manual","Diesel",12068
"ford","Ford Mondeo",3,"22990","Manual","Diesel",18374
"ford","Ford Mondeo",3,"22300","Automatic","Diesel",52936
"ford","Ford Mondeo",3,"26990","Manual","Diesel",25000
"ford","Ford Mondeo",3,"28800","Manual","Diesel",39800
"ford","Ford Mondeo",3,"25890","Manual","Diesel",66400
"ford","Ford Mondeo",3,"27990","Manual","Diesel",31500
"ford","Ford Mondeo",2,"34180","Automatic","Petrol",16280
"ford","Ford Mondeo",2,"28824","Automatic","Petrol",11604
"ford","Ford Mondeo",2,"25950","Automatic","Petrol",19662
"ford","Ford Mondeo",1,"16850","Automatic","Diesel",108000
