"brand","model","year","price_in_euro","transmission_type","fuel_type","mileage_in_km"
"ford","Ford EcoSport",10,"11190","Manual","Petrol",89240
"ford","Ford EcoSport",10,"8450","Manual","Petrol",110000
"ford","Ford EcoSport",10,"9890","Manual","Petrol",106901
"ford","Ford EcoSport",10,"11498","Manual","Petrol",46600
"ford","Ford EcoSport",10,"10900","Manual","Petrol",79608
"ford","Ford EcoSport",10,"8390","Manual","Petrol",143000
"ford","Ford EcoSport",10,"10290","Manual","Petrol",94586
"ford","Ford EcoSport",10,"23000","Manual","Petrol",73000
"ford","Ford EcoSport",10,"15999","Manual","Petrol",63600
"ford","Ford EcoSport",10,"16500","Manual","Petrol",98509
"ford","Ford EcoSport",10,"12900","Manual","Petrol",18500
"ford","Ford EcoSport",10,"12750","Manual","Petrol",67874
"ford","Ford EcoSport",10,"11599","Manual","Diesel",58600
"ford","Ford EcoSport",10,"8800","Manual","Petrol",146196
"ford","Ford EcoSport",10,"6200","Manual","Petrol",77200
"ford","Ford EcoSport",10,"9490","Manual","Petrol",90000
"ford","Ford EcoSport",10,"12980","Manual","Petrol",51400
"ford","Ford EcoSport",9,"13990","Automatic","Petrol",36980
"ford","Ford EcoSport",9,"13199","Automatic","Petrol",64000
"ford","Ford EcoSport",9,"10990","Manual","Petrol",54000
"ford","Ford EcoSport",9,"10950","Manual","Petrol",69987
"ford","Ford EcoSport",9,"11200","Manual","Petrol",69000
"ford","Ford EcoSport",9,"7950","Manual","Diesel",192173
"ford","Ford EcoSport",9,"8800","Manual","Petrol",116850
"ford","Ford EcoSport",9,"11690","Manual","Petrol",29400
"ford","Ford EcoSport",9,"12990","Manual","Diesel",30483
"ford","Ford EcoSport",9,"13980","Manual","Petrol",77300
"ford","Ford EcoSport",9,"12490","Manual","Petrol",93880
"ford","Ford EcoSport",9,"11000","Manual","Petrol",111600
"ford","Ford EcoSport",9,"15500","Manual","Petrol",95000
"ford","Ford EcoSport",9,"7990","Manual","Petrol",97000
"ford","Ford EcoSport",9,"7999","Manual","Petrol",147000
"ford","Ford EcoSport",9,"10999","Manual","Petrol",55000
"ford","Ford EcoSport",9,"10500","Manual","Petrol",69500
"ford","Ford EcoSport",9,"10800","Manual","Petrol",81000
"ford","Ford EcoSport",9,"9900","Manual","Petrol",81000
"ford","Ford EcoSport",9,"9490","Manual","Petrol",101207
"ford","Ford EcoSport",9,"8700","Manual","Petrol",117000
"ford","Ford EcoSport",9,"12450","Manual","Petrol",81600
"ford","Ford EcoSport",9,"11950","Manual","Petrol",89730
"ford","Ford EcoSport",9,"11500","Manual","Petrol",75000
"ford","Ford EcoSport",9,"11500","Manual","Petrol",84000
"ford","Ford EcoSport",9,"12490","Manual","Petrol",42277
"ford","Ford EcoSport",9,"10990","Manual","Petrol",78394
"ford","Ford EcoSport",9,"9700","Manual","Petrol",107000
"ford","Ford EcoSport",9,"11400","Manual","Petrol",55000
"ford","Ford EcoSport",9,"12900","Manual","Petrol",53500
"ford","Ford EcoSport",9,"11990","Manual","Petrol",92000
"ford","Ford EcoSport",8,"10990","Manual","Petrol",81569
"ford","Ford EcoSport",8,"11750","Manual","Petrol",92937
"ford","Ford EcoSport",8,"9970","Manual","Petrol",104000
"ford","Ford EcoSport",8,"11290","Manual","Petrol",95000
"ford","Ford EcoSport",8,"10500","Manual","Diesel",90300
"ford","Ford EcoSport",8,"14690","Automatic","Petrol",69000
"ford","Ford EcoSport",8,"12490","Manual","Petrol",75151
"ford","Ford EcoSport",8,"10874","Manual","Petrol",103078
"ford","Ford EcoSport",8,"10990","Manual","Diesel",117272
"ford","Ford EcoSport",8,"12999","Automatic","Petrol",61150
"ford","Ford EcoSport",8,"13990","Manual","Petrol",88942
"ford","Ford EcoSport",8,"12580","Manual","Petrol",44850
"ford","Ford EcoSport",8,"11890","Manual","Petrol",41000
"ford","Ford EcoSport",8,"11450","Manual","Petrol",87050
"ford","Ford EcoSport",8,"11950","Manual","Petrol",63570
"ford","Ford EcoSport",8,"12200","Manual","Petrol",36700
"ford","Ford EcoSport",8,"12999","Manual","Petrol",19790
"ford","Ford EcoSport",8,"9480","Manual","Petrol",126501
"ford","Ford EcoSport",8,"9950","Manual","Petrol",123000
"ford","Ford EcoSport",8,"12500","Manual","Petrol",52000
"ford","Ford EcoSport",8,"14799","Manual","Petrol",47000
"ford","Ford EcoSport",8,"15829","Manual","Petrol",28462
"ford","Ford EcoSport",8,"13990","Manual","Petrol",65755
"ford","Ford EcoSport",8,"11290","Manual","Diesel",117000
"ford","Ford EcoSport",8,"12990","Manual","Petrol",85503
"ford","Ford EcoSport",8,"12926","Manual","Petrol",49333
"ford","Ford EcoSport",8,"12850","Manual","Petrol",64295
"ford","Ford EcoSport",8,"14490","Manual","Petrol",89993
"ford","Ford EcoSport",8,"10000","Automatic","Petrol",20000
"ford","Ford EcoSport",8,"8989","Manual","Petrol",56750
"ford","Ford EcoSport",8,"6999","Manual","Petrol",63500
"ford","Ford EcoSport",8,"12500","Manual","Petrol",38474
"ford","Ford EcoSport",8,"9950","Manual","Petrol",87221
"ford","Ford EcoSport",8,"10950","Manual","Petrol",84000
"ford","Ford EcoSport",8,"10290","Manual","Petrol",110000
"ford","Ford EcoSport",8,"12500","Manual","Petrol",69320
"ford","Ford EcoSport",8,"12970","Manual","Petrol",58700
"ford","Ford EcoSport",8,"13990","Manual","Petrol",74984
"ford","Ford EcoSport",8,"13990","Automatic","Petrol",97600
"ford","Ford EcoSport",8,"11990","Manual","Petrol",95850
"ford","Ford EcoSport",8,"12340","Manual","Petrol",29986
"ford","Ford EcoSport",8,"13890","Manual","Petrol",37030
"ford","Ford EcoSport",8,"9990","Manual","Petrol",108000
"ford","Ford EcoSport",8,"6999","Manual","Petrol",142595
"ford","Ford EcoSport",8,"10190","Manual","Petrol",50000
"ford","Ford EcoSport",8,"10800","Manual","Petrol",62353
"ford","Ford EcoSport",8,"9500","Manual","Petrol",103000
"ford","Ford EcoSport",8,"10500","Manual","Petrol",1e+05
"ford","Ford EcoSport",8,"10350","Manual","Petrol",122500
"ford","Ford EcoSport",8,"10790","Manual","Petrol",88000
"ford","Ford EcoSport",8,"10800","Manual","Petrol",82895
"ford","Ford EcoSport",8,"11500","Manual","Diesel",71000
"ford","Ford EcoSport",8,"13299","Manual","Petrol",79700
"ford","Ford EcoSport",8,"12990","Manual","Petrol",99990
"ford","Ford EcoSport",7,"15850","Automatic","Petrol",30970
"ford","Ford EcoSport",7,"12950","Manual","Petrol",67820
"ford","Ford EcoSport",7,"13690","Manual","Petrol",34952
"ford","Ford EcoSport",7,"12900","Manual","Petrol",46893
"ford","Ford EcoSport",7,"12990","Manual","Petrol",78000
"ford","Ford EcoSport",7,"11480","Manual","Petrol",84900
"ford","Ford EcoSport",7,"11490","Manual","Petrol",116000
"ford","Ford EcoSport",7,"12890","Manual","Petrol",86837
"ford","Ford EcoSport",7,"17290","Manual","Petrol",40536
"ford","Ford EcoSport",7,"13800","Manual","Petrol",84700
"ford","Ford EcoSport",7,"13450","Manual","Petrol",51100
"ford","Ford EcoSport",7,"12980","Manual","Petrol",75748
"ford","Ford EcoSport",7,"13900","Manual","Petrol",41800
"ford","Ford EcoSport",7,"14900","Manual","Petrol",54000
"ford","Ford EcoSport",7,"10500","Manual","Petrol",102300
"ford","Ford EcoSport",7,"13500","Manual","Petrol",99258
"ford","Ford EcoSport",7,"14490","Manual","Petrol",90351
"ford","Ford EcoSport",7,"11900","Manual","Petrol",49861
"ford","Ford EcoSport",7,"9990","Manual","Petrol",99000
"ford","Ford EcoSport",7,"9900","Manual","Petrol",91000
"ford","Ford EcoSport",7,"12850","Manual","Petrol",64827
"ford","Ford EcoSport",7,"14950","Manual","Petrol",39999
"ford","Ford EcoSport",7,"13600","Manual","Petrol",91900
"ford","Ford EcoSport",7,"12950","Manual","Petrol",54712
"ford","Ford EcoSport",7,"14790","Automatic","Petrol",44200
"ford","Ford EcoSport",7,"14890","Manual","Petrol",76800
"ford","Ford EcoSport",7,"16590","Manual","Petrol",58531
"ford","Ford EcoSport",7,"12480","Manual","Petrol",117154
"ford","Ford EcoSport",7,"14790","Manual","Petrol",86000
"ford","Ford EcoSport",7,"14890","Manual","Petrol",76753
"ford","Ford EcoSport",7,"12990","Manual","Petrol",86041
"ford","Ford EcoSport",7,"16990","Manual","Petrol",36290
"ford","Ford EcoSport",7,"18999","Manual","Diesel",52676
"ford","Ford EcoSport",7,"12799","Manual","Petrol",83127
"ford","Ford EcoSport",7,"19980","Manual","Diesel",62000
"ford","Ford EcoSport",7,"14650","Manual","Petrol",71388
"ford","Ford EcoSport",7,"13990","Manual","Petrol",36889
"ford","Ford EcoSport",7,"12000","Manual","Petrol",23423
"ford","Ford EcoSport",7,"14530","Manual","Petrol",23423
"ford","Ford EcoSport",7,"15990","Manual","Petrol",48000
"ford","Ford EcoSport",7,"14690","Manual","Petrol",69250
"ford","Ford EcoSport",7,"16000","Automatic","Petrol",48844
"ford","Ford EcoSport",7,"9499","Manual","Diesel",179220
"ford","Ford EcoSport",7,"13450","Manual","Petrol",92044
"ford","Ford EcoSport",7,"16990","Manual","Petrol",49468
"ford","Ford EcoSport",7,"13800","Manual","Petrol",64274
"ford","Ford EcoSport",7,"23900","Manual","Petrol",42450
"ford","Ford EcoSport",7,"12999","Manual","Petrol",62000
"ford","Ford EcoSport",7,"12500","Manual","Petrol",81200
"ford","Ford EcoSport",7,"12000","Manual","Petrol",106000
"ford","Ford EcoSport",7,"13491","Automatic","Petrol",30000
"ford","Ford EcoSport",7,"11500","Automatic","Petrol",69000
"ford","Ford EcoSport",7,"12499","Automatic","Petrol",57213
"ford","Ford EcoSport",7,"12980","Manual","Petrol",55000
"ford","Ford EcoSport",7,"14490","Automatic","Petrol",29500
"ford","Ford EcoSport",7,"15900","Automatic","Petrol",29500
"ford","Ford EcoSport",7,"16990","Automatic","Petrol",53740
"ford","Ford EcoSport",7,"13000","Manual","Petrol",91853
"ford","Ford EcoSport",7,"17990","Automatic","Petrol",40300
"ford","Ford EcoSport",7,"16830","Automatic","Petrol",11300
"ford","Ford EcoSport",7,"14390","Automatic","Petrol",64675
"ford","Ford EcoSport",7,"12470","Manual","Petrol",98700
"ford","Ford EcoSport",7,"12840","Manual","Diesel",58182
"ford","Ford EcoSport",7,"12999","Manual","Petrol",50000
"ford","Ford EcoSport",7,"10990","Manual","Petrol",97690
"ford","Ford EcoSport",7,"14441","Automatic","Petrol",24800
"ford","Ford EcoSport",7,"13300","Manual","Petrol",55000
"ford","Ford EcoSport",7,"11700","Manual","Petrol",65884
"ford","Ford EcoSport",7,"14370","Manual","Petrol",35070
"ford","Ford EcoSport",7,"17490","Automatic","Petrol",31655
"ford","Ford EcoSport",7,"11499","Manual","Petrol",82100
"ford","Ford EcoSport",7,"14990","Automatic","Petrol",71000
"ford","Ford EcoSport",7,"10790","Manual","Petrol",94000
"ford","Ford EcoSport",7,"13500","Manual","Petrol",47000
"ford","Ford EcoSport",7,"12999","Manual","Petrol",46800
"ford","Ford EcoSport",7,"14470","Manual","Diesel",26554
"ford","Ford EcoSport",6,"17490","Automatic","Petrol",13770
"ford","Ford EcoSport",6,"12499","Manual","Diesel",116000
"ford","Ford EcoSport",6,"17770","Automatic","Petrol",27329
"ford","Ford EcoSport",6,"18320","Automatic","Petrol",46990
"ford","Ford EcoSport",6,"14290","Manual","Petrol",79672
"ford","Ford EcoSport",6,"16930","Manual","Petrol",41796
"ford","Ford EcoSport",6,"16900","Manual","Petrol",83000
"ford","Ford EcoSport",6,"16490","Manual","Petrol",42000
"ford","Ford EcoSport",6,"18990","Automatic","Petrol",19500
"ford","Ford EcoSport",6,"18990","Automatic","Petrol",34031
"ford","Ford EcoSport",6,"16990","Manual","Petrol",52857
"ford","Ford EcoSport",6,"19940","Manual","Diesel",51000
"ford","Ford EcoSport",6,"17500","Automatic","Petrol",49480
"ford","Ford EcoSport",6,"13890","Manual","Petrol",81600
"ford","Ford EcoSport",6,"16990","Manual","Diesel",40720
"ford","Ford EcoSport",6,"17999","Automatic","Petrol",56366
"ford","Ford EcoSport",6,"16690","Manual","Petrol",13500
"ford","Ford EcoSport",6,"15490","Manual","Petrol",17566
"ford","Ford EcoSport",6,"20490","Automatic","Petrol",12672
"ford","Ford EcoSport",6,"18290","Manual","Petrol",40000
"ford","Ford EcoSport",6,"17900","Automatic","Petrol",64000
"ford","Ford EcoSport",6,"19700","Automatic","Petrol",50000
"ford","Ford EcoSport",6,"15900","Manual","Petrol",44350
"ford","Ford EcoSport",6,"17999","Automatic","Petrol",21600
"ford","Ford EcoSport",6,"14490","Manual","Petrol",52165
"ford","Ford EcoSport",6,"16999","Automatic","Petrol",34980
"ford","Ford EcoSport",6,"19490","Automatic","Petrol",21000
"ford","Ford EcoSport",6,"16490","Manual","Petrol",38690
"ford","Ford EcoSport",6,"14990","Manual","Petrol",72600
"ford","Ford EcoSport",6,"16897","Manual","Petrol",22545
"ford","Ford EcoSport",6,"14990","Manual","Petrol",60502
"ford","Ford EcoSport",6,"16900","Manual","Petrol",32500
"ford","Ford EcoSport",6,"16999","Manual","Petrol",47100
"ford","Ford EcoSport",6,"16850","Manual","Petrol",86224
"ford","Ford EcoSport",6,"16490","Manual","Petrol",78506
"ford","Ford EcoSport",6,"18450","Manual","Petrol",39670
"ford","Ford EcoSport",6,"16450","Manual","Petrol",41100
"ford","Ford EcoSport",6,"16990","Manual","Petrol",84501
"ford","Ford EcoSport",6,"16235","Manual","Petrol",51300
"ford","Ford EcoSport",6,"17000","Manual","Petrol",50415
"ford","Ford EcoSport",6,"15950","Manual","Petrol",51080
"ford","Ford EcoSport",6,"16390","Manual","Petrol",57816
"ford","Ford EcoSport",6,"16450","Manual","Petrol",77500
"ford","Ford EcoSport",6,"19750","Automatic","Petrol",30250
"ford","Ford EcoSport",6,"18800","Manual","Petrol",46800
"ford","Ford EcoSport",6,"18490","Automatic","Petrol",38180
"ford","Ford EcoSport",6,"15450","Manual","Petrol",59987
"ford","Ford EcoSport",6,"17990","Manual","Petrol",72036
"ford","Ford EcoSport",6,"17990","Manual","Petrol",47000
"ford","Ford EcoSport",6,"15991","Manual","Petrol",49000
"ford","Ford EcoSport",6,"13990","Manual","Petrol",56500
"ford","Ford EcoSport",6,"14700","Manual","Petrol",45500
"ford","Ford EcoSport",6,"19990","Automatic","Petrol",12750
"ford","Ford EcoSport",6,"19500","Manual","Petrol",15000
"ford","Ford EcoSport",6,"16900","Manual","Petrol",25000
"ford","Ford EcoSport",6,"20950","Manual","Diesel",21200
"ford","Ford EcoSport",6,"19400","Automatic","Petrol",28804
"ford","Ford EcoSport",6,"18990","Manual","Petrol",30315
"ford","Ford EcoSport",6,"15400","Manual","Petrol",49000
"ford","Ford EcoSport",6,"16990","Manual","Petrol",46000
"ford","Ford EcoSport",6,"17950","Manual","Petrol",44519
"ford","Ford EcoSport",6,"16888","Manual","Petrol",64826
"ford","Ford EcoSport",6,"16888","Manual","Petrol",64826
"ford","Ford EcoSport",6,"18750","Automatic","Petrol",64800
"ford","Ford EcoSport",6,"14440","Manual","Petrol",63514
"ford","Ford EcoSport",6,"19690","Manual","Petrol",28787
"ford","Ford EcoSport",6,"14499","Manual","Petrol",64000
"ford","Ford EcoSport",6,"16790","Automatic","Petrol",49000
"ford","Ford EcoSport",6,"17890","Manual","Diesel",47000
"ford","Ford EcoSport",6,"18988","Manual","Petrol",33666
"ford","Ford EcoSport",6,"14990","Manual","Petrol",21100
"ford","Ford EcoSport",6,"21000","Manual","Petrol",36900
"ford","Ford EcoSport",6,"18490","Automatic","Petrol",66823
"ford","Ford EcoSport",6,"14000","Manual","Petrol",33000
"ford","Ford EcoSport",6,"16490","Manual","Petrol",56600
"ford","Ford EcoSport",6,"15990","Manual","Petrol",63700
"ford","Ford EcoSport",6,"15990","Manual","Petrol",63000
"ford","Ford EcoSport",6,"15580","Manual","Petrol",53545
"ford","Ford EcoSport",6,"15350","Manual","Petrol",43819
"ford","Ford EcoSport",6,"14290","Manual","Petrol",47475
"ford","Ford EcoSport",6,"14990","Manual","Petrol",35309
"ford","Ford EcoSport",6,"17900","Automatic","Petrol",50600
"ford","Ford EcoSport",6,"15999","Automatic","Petrol",92720
"ford","Ford EcoSport",6,"16990","Manual","Petrol",29384
"ford","Ford EcoSport",6,"15990","Manual","Petrol",12000
"ford","Ford EcoSport",6,"12924","Manual","Petrol",84950
"ford","Ford EcoSport",6,"17900","Manual","Petrol",45000
"ford","Ford EcoSport",6,"15955","Manual","Petrol",53400
"ford","Ford EcoSport",6,"15990","Manual","Petrol",55893
"ford","Ford EcoSport",6,"14490","Manual","Petrol",94200
"ford","Ford EcoSport",6,"13300","Manual","Petrol",91000
"ford","Ford EcoSport",6,"13500","Manual","Petrol",34000
"ford","Ford EcoSport",6,"14690","Manual","Petrol",17800
"ford","Ford EcoSport",6,"16596","Manual","Petrol",3700
"ford","Ford EcoSport",6,"15250","Manual","Petrol",91485
"ford","Ford EcoSport",6,"16800","Manual","Petrol",69990
"ford","Ford EcoSport",6,"16990","Manual","Petrol",33600
"ford","Ford EcoSport",6,"15990","Manual","Petrol",65104
"ford","Ford EcoSport",6,"17750","Manual","Petrol",57130
"ford","Ford EcoSport",6,"20900","Automatic","Petrol",26587
"ford","Ford EcoSport",6,"16290","Manual","Petrol",81065
"ford","Ford EcoSport",6,"15889","Manual","Petrol",26900
"ford","Ford EcoSport",6,"17490","Manual","Diesel",76798
"ford","Ford EcoSport",6,"20990","Automatic","Petrol",15769
"ford","Ford EcoSport",6,"17950","Automatic","Petrol",46214
"ford","Ford EcoSport",6,"16000","Manual","Petrol",56500
"ford","Ford EcoSport",6,"11700","Manual","Petrol",104000
"ford","Ford EcoSport",6,"13200","Manual","Petrol",68865
"ford","Ford EcoSport",6,"13979","Manual","Petrol",36500
"ford","Ford EcoSport",6,"18999","Automatic","Petrol",35500
"ford","Ford EcoSport",6,"13488","Manual","Petrol",74283
"ford","Ford EcoSport",6,"18390","Manual","Petrol",48260
"ford","Ford EcoSport",6,"18955","Manual","Petrol",21900
"ford","Ford EcoSport",6,"15490","Manual","Petrol",69600
"ford","Ford EcoSport",6,"17400","Manual","Petrol",62662
"ford","Ford EcoSport",6,"15690","Manual","Petrol",65500
"ford","Ford EcoSport",6,"19990","Automatic","Petrol",25000
"ford","Ford EcoSport",6,"17690","Manual","Petrol",23855
"ford","Ford EcoSport",6,"16990","Manual","Petrol",72870
"ford","Ford EcoSport",6,"14990","Manual","Petrol",55500
"ford","Ford EcoSport",6,"14500","Manual","Petrol",83000
"ford","Ford EcoSport",6,"16900","Manual","Petrol",61200
"ford","Ford EcoSport",6,"15590","Manual","Petrol",31135
"ford","Ford EcoSport",5,"19900","Manual","Petrol",20000
"ford","Ford EcoSport",5,"20990","Automatic","Petrol",44221
"ford","Ford EcoSport",5,"19950","Manual","Diesel",52665
"ford","Ford EcoSport",5,"17990","Manual","Petrol",8753
"ford","Ford EcoSport",5,"22690","Automatic","Petrol",38700
"ford","Ford EcoSport",5,"14580","Manual","Petrol",94705
"ford","Ford EcoSport",5,"16990","Manual","Petrol",60000
"ford","Ford EcoSport",5,"15990","Manual","Petrol",12600
"ford","Ford EcoSport",5,"17090","Manual","Petrol",21400
"ford","Ford EcoSport",5,"18990","Manual","Petrol",23345
"ford","Ford EcoSport",5,"19900","Manual","Petrol",22000
"ford","Ford EcoSport",5,"14980","Manual","Petrol",36400
"ford","Ford EcoSport",5,"13900","Manual","Petrol",21065
"ford","Ford EcoSport",5,"16890","Manual","Petrol",59500
"ford","Ford EcoSport",5,"34950","Manual","Petrol",21400
"ford","Ford EcoSport",5,"18890","Automatic","Petrol",15528
"ford","Ford EcoSport",5,"19880","Manual","Petrol",45675
"ford","Ford EcoSport",5,"15900","Manual","Petrol",17400
"ford","Ford EcoSport",5,"21390","Manual","Petrol",81000
"ford","Ford EcoSport",5,"15950","Manual","Petrol",40800
"ford","Ford EcoSport",5,"15995","Manual","Petrol",36542
"ford","Ford EcoSport",5,"20980","Automatic","Petrol",27500
"ford","Ford EcoSport",5,"17700","Automatic","Petrol",59600
"ford","Ford EcoSport",5,"15900","Manual","Petrol",14500
"ford","Ford EcoSport",5,"15890","Manual","Petrol",24500
"ford","Ford EcoSport",5,"18650","Manual","Petrol",47000
"ford","Ford EcoSport",5,"15899","Manual","Petrol",73960
"ford","Ford EcoSport",5,"18990","Automatic","Petrol",17879
"ford","Ford EcoSport",5,"16990","Automatic","Petrol",25800
"ford","Ford EcoSport",5,"15950","Manual","Petrol",45629
"ford","Ford EcoSport",5,"14990","Manual","Petrol",30000
"ford","Ford EcoSport",5,"15990","Manual","Petrol",22960
"ford","Ford EcoSport",5,"13430","Manual","Petrol",73143
"ford","Ford EcoSport",5,"17900","Manual","Petrol",29434
"ford","Ford EcoSport",5,"16896","Manual","Petrol",32844
"ford","Ford EcoSport",5,"18750","Manual","Petrol",33420
"ford","Ford EcoSport",5,"18990","Automatic","Petrol",21916
"ford","Ford EcoSport",5,"17500","Manual","Petrol",17300
"ford","Ford EcoSport",5,"18490","Manual","Petrol",31000
"ford","Ford EcoSport",5,"16990","Manual","Diesel",27030
"ford","Ford EcoSport",5,"15490","Manual","Diesel",76338
"ford","Ford EcoSport",5,"18990","Manual","Petrol",24513
"ford","Ford EcoSport",5,"19220","Manual","Petrol",38800
"ford","Ford EcoSport",5,"16985","Manual","Petrol",45400
"ford","Ford EcoSport",5,"14900","Manual","Petrol",47350
"ford","Ford EcoSport",5,"17950","Manual","Petrol",41700
"ford","Ford EcoSport",5,"17600","Manual","Petrol",6410
"ford","Ford EcoSport",5,"18990","Manual","Petrol",15000
"ford","Ford EcoSport",5,"16990","Manual","Petrol",32109
"ford","Ford EcoSport",5,"17900","Automatic","Petrol",59995
"ford","Ford EcoSport",5,"17490","Manual","Petrol",36492
"ford","Ford EcoSport",5,"16480","Manual","Petrol",48600
"ford","Ford EcoSport",5,"18777","Automatic","Petrol",37451
"ford","Ford EcoSport",5,"19500","Automatic","Petrol",15200
"ford","Ford EcoSport",5,"17900","Manual","Petrol",50486
"ford","Ford EcoSport",5,"14690","Manual","Petrol",48899
"ford","Ford EcoSport",5,"24990","Automatic","Petrol",32763
"ford","Ford EcoSport",5,"17900","Manual","Petrol",17400
"ford","Ford EcoSport",5,"17000","Manual","Petrol",6500
"ford","Ford EcoSport",5,"17399","Automatic","Petrol",37500
"ford","Ford EcoSport",5,"17900","Manual","Petrol",25800
"ford","Ford EcoSport",5,"18116","Manual","Diesel",50150
"ford","Ford EcoSport",5,"14980","Manual","Petrol",26000
"ford","Ford EcoSport",5,"15064","Manual","Petrol",9800
"ford","Ford EcoSport",5,"16790","Manual","Petrol",24500
"ford","Ford EcoSport",5,"16500","Manual","Diesel",80367
"ford","Ford EcoSport",5,"13400","Manual","Petrol",98900
"ford","Ford EcoSport",5,"16950","Manual","Petrol",35736
"ford","Ford EcoSport",5,"18790","Manual","Petrol",22644
"ford","Ford EcoSport",5,"18950","Automatic","Petrol",30431
"ford","Ford EcoSport",5,"17490","Manual","Petrol",61811
"ford","Ford EcoSport",5,"17990","Manual","Petrol",51654
"ford","Ford EcoSport",5,"17450","Manual","Petrol",21138
"ford","Ford EcoSport",5,"17480","Manual","Petrol",31000
"ford","Ford EcoSport",5,"16150","Manual","Petrol",32363
"ford","Ford EcoSport",5,"21970","Automatic","Petrol",57959
"ford","Ford EcoSport",5,"19950","Manual","Petrol",45136
"ford","Ford EcoSport",5,"16490","Manual","Petrol",66562
"ford","Ford EcoSport",5,"14895","Manual","Petrol",66605
"ford","Ford EcoSport",5,"17890","Manual","Petrol",26459
"ford","Ford EcoSport",5,"15950","Manual","Petrol",32363
"ford","Ford EcoSport",5,"14950","Manual","Petrol",59710
"ford","Ford EcoSport",5,"18790","Manual","Petrol",32500
"ford","Ford EcoSport",5,"18490","Manual","Petrol",27000
"ford","Ford EcoSport",5,"16875","Manual","Petrol",5008
"ford","Ford EcoSport",5,"26990","Manual","Diesel",68900
"ford","Ford EcoSport",5,"15890","Automatic","Petrol",26600
"ford","Ford EcoSport",5,"15990","Manual","Petrol",53460
"ford","Ford EcoSport",5,"17750","Automatic","Petrol",86650
"ford","Ford EcoSport",5,"16300","Manual","Petrol",31400
"ford","Ford EcoSport",5,"15690","Manual","Petrol",58000
"ford","Ford EcoSport",5,"17980","Automatic","Petrol",39437
"ford","Ford EcoSport",5,"15450","Manual","Petrol",32700
"ford","Ford EcoSport",5,"17490","Manual","Petrol",35845
"ford","Ford EcoSport",5,"20400","Automatic","Petrol",21935
"ford","Ford EcoSport",5,"12950","Manual","Petrol",101286
"ford","Ford EcoSport",5,"21990","Automatic","Petrol",15990
"ford","Ford EcoSport",5,"15950","Manual","Petrol",16000
"ford","Ford EcoSport",5,"22500","Manual","Petrol",25883
"ford","Ford EcoSport",5,"18650","Manual","Petrol",21535
"ford","Ford EcoSport",5,"32588","Manual","Petrol",32650
"ford","Ford EcoSport",5,"19500","Automatic","Petrol",12440
"ford","Ford EcoSport",5,"15790","Manual","Petrol",41500
"ford","Ford EcoSport",5,"18149","Manual","Petrol",42000
"ford","Ford EcoSport",5,"17990","Manual","Petrol",19800
"ford","Ford EcoSport",5,"15999","Manual","Petrol",42000
"ford","Ford EcoSport",5,"8990","Automatic","Petrol",36000
"ford","Ford EcoSport",5,"15900","Manual","Petrol",53367
"ford","Ford EcoSport",5,"18950","Automatic","Petrol",32950
"ford","Ford EcoSport",5,"17999","Automatic","Petrol",15000
"ford","Ford EcoSport",5,"13995","Manual","Petrol",56200
"ford","Ford EcoSport",5,"18990","Automatic","Petrol",39968
"ford","Ford EcoSport",5,"18499","Automatic","Petrol",52321
"ford","Ford EcoSport",5,"17990","Automatic","Petrol",35235
"ford","Ford EcoSport",5,"12890","Manual","Diesel",32744
"ford","Ford EcoSport",5,"19550","Manual","Petrol",49639
"ford","Ford EcoSport",5,"16790","Manual","Petrol",76150
"ford","Ford EcoSport",5,"21970","Manual","Petrol",21219
"ford","Ford EcoSport",5,"19894","Manual","Petrol",31377
"ford","Ford EcoSport",5,"19950","Manual","Diesel",33900
"ford","Ford EcoSport",5,"15980","Manual","Petrol",34000
"ford","Ford EcoSport",5,"19700","Manual","Diesel",22200
"ford","Ford EcoSport",5,"15550","Manual","Petrol",42250
"ford","Ford EcoSport",5,"15990","Manual","Petrol",12967
"ford","Ford EcoSport",5,"15479","Manual","Petrol",28183
"ford","Ford EcoSport",5,"15950","Manual","Petrol",45381
"ford","Ford EcoSport",5,"18600","Manual","Petrol",36700
"ford","Ford EcoSport",5,"18450","Manual","Petrol",16457
"ford","Ford EcoSport",5,"16960","Manual","Petrol",79000
"ford","Ford EcoSport",5,"18890","Manual","Petrol",31059
"ford","Ford EcoSport",5,"20900","Automatic","Petrol",27200
"ford","Ford EcoSport",5,"17439","Manual","Petrol",49639
"ford","Ford EcoSport",5,"16600","Manual","Petrol",27800
"ford","Ford EcoSport",5,"18379","Automatic","Petrol",20438
"ford","Ford EcoSport",5,"15990","Automatic","Petrol",32167
"ford","Ford EcoSport",5,"18990","Automatic","Petrol",39987
"ford","Ford EcoSport",5,"17900","Manual","Petrol",45400
"ford","Ford EcoSport",5,"19490","Manual","Petrol",32961
"ford","Ford EcoSport",5,"15999","Manual","Diesel",70800
"ford","Ford EcoSport",5,"21700","Automatic","Petrol",19386
"ford","Ford EcoSport",5,"19180","Automatic","Petrol",38907
"ford","Ford EcoSport",5,"20190","Automatic","Petrol",57700
"ford","Ford EcoSport",5,"19990","Automatic","Petrol",57700
"ford","Ford EcoSport",5,"15990","Manual","Petrol",25982
"ford","Ford EcoSport",5,"18950","Automatic","Petrol",38792
"ford","Ford EcoSport",5,"18490","Automatic","Petrol",34000
"ford","Ford EcoSport",5,"17490","Manual","Petrol",36722
"ford","Ford EcoSport",5,"19950","Manual","Petrol",19000
"ford","Ford EcoSport",5,"16990","Automatic","Petrol",29791
"ford","Ford EcoSport",5,"17480","Manual","Petrol",38500
"ford","Ford EcoSport",5,"14890","Manual","Petrol",47300
"ford","Ford EcoSport",5,"19750","Automatic","Petrol",33400
"ford","Ford EcoSport",5,"16990","Manual","Petrol",28600
"ford","Ford EcoSport",5,"11780","Manual","Petrol",125000
"ford","Ford EcoSport",5,"17110","Manual","Petrol",40721
"ford","Ford EcoSport",5,"17850","Automatic","Petrol",22900
"ford","Ford EcoSport",5,"19490","Automatic","Petrol",23128
"ford","Ford EcoSport",5,"15450","Manual","Petrol",33590
"ford","Ford EcoSport",5,"17999","Manual","Petrol",25900
"ford","Ford EcoSport",5,"15850","Manual","Petrol",28000
"ford","Ford EcoSport",5,"19325","Automatic","Petrol",48000
"ford","Ford EcoSport",5,"17490","Manual","Petrol",19500
"ford","Ford EcoSport",5,"18500","Manual","Petrol",29999
"ford","Ford EcoSport",5,"16490","Manual","Petrol",43795
"ford","Ford EcoSport",5,"18990","Manual","Petrol",16979
"ford","Ford EcoSport",5,"18790","Automatic","Petrol",16500
"ford","Ford EcoSport",5,"14850","Manual","Petrol",11104
"ford","Ford EcoSport",5,"15650","Manual","Petrol",28000
"ford","Ford EcoSport",5,"18980","Automatic","Petrol",31300
"ford","Ford EcoSport",5,"16950","Manual","Petrol",26500
"ford","Ford EcoSport",5,"16950","Manual","Petrol",15000
"ford","Ford EcoSport",5,"10500","Manual","Petrol",32000
"ford","Ford EcoSport",5,"15999","Manual","Petrol",59000
"ford","Ford EcoSport",5,"16000","Manual","Petrol",25100
"ford","Ford EcoSport",5,"20970","Manual","Petrol",46476
"ford","Ford EcoSport",5,"13990","Manual","Petrol",82704
"ford","Ford EcoSport",5,"9950","Manual","Diesel",196000
"ford","Ford EcoSport",5,"19990","Automatic","Petrol",32000
"ford","Ford EcoSport",5,"16969","Manual","Petrol",56741
"ford","Ford EcoSport",5,"15940","Automatic","Petrol",23245
"ford","Ford EcoSport",5,"18570","Manual","Petrol",8987
"ford","Ford EcoSport",5,"13900","Manual","Petrol",107257
"ford","Ford EcoSport",5,"14000","Manual","Petrol",75639
"ford","Ford EcoSport",5,"17450","Manual","Petrol",43800
"ford","Ford EcoSport",5,"17950","Automatic","Petrol",44850
"ford","Ford EcoSport",5,"19800","Automatic","Petrol",32340
"ford","Ford EcoSport",5,"21490","Manual","Petrol",26277
"ford","Ford EcoSport",5,"14890","Manual","Petrol",42000
"ford","Ford EcoSport",5,"15988","Manual","Petrol",22600
"ford","Ford EcoSport",5,"15490","Manual","Petrol",70000
"ford","Ford EcoSport",5,"18999","Manual","Petrol",26000
"ford","Ford EcoSport",5,"13940","Manual","Petrol",64500
"ford","Ford EcoSport",5,"19899","Manual","Petrol",15982
"ford","Ford EcoSport",5,"20700","Manual","Petrol",17000
"ford","Ford EcoSport",5,"20490","Manual","Petrol",6374
"ford","Ford EcoSport",5,"10450","Manual","Petrol",15000
"ford","Ford EcoSport",5,"14950","Manual","Petrol",48800
"ford","Ford EcoSport",5,"21970","Manual","Petrol",32315
"ford","Ford EcoSport",5,"17790","Manual","Petrol",45000
"ford","Ford EcoSport",5,"17990","Manual","Petrol",58625
"ford","Ford EcoSport",4,"17999","Automatic","Petrol",34825
"ford","Ford EcoSport",4,"17799","Manual","Petrol",26200
"ford","Ford EcoSport",4,"17220","Manual","Petrol",18822
"ford","Ford EcoSport",4,"18650","Manual","Petrol",36236
"ford","Ford EcoSport",4,"16480","Manual","Petrol",7808
"ford","Ford EcoSport",4,"13990","Manual","Petrol",99000
"ford","Ford EcoSport",4,"19990","Manual","Petrol",17360
"ford","Ford EcoSport",4,"16790","Manual","Petrol",39395
"ford","Ford EcoSport",4,"17880","Manual","Petrol",21538
"ford","Ford EcoSport",4,"18900","Manual","Petrol",35160
"ford","Ford EcoSport",4,"17990","Manual","Petrol",17012
"ford","Ford EcoSport",4,"28990","Manual","Petrol",31500
"ford","Ford EcoSport",4,"18995","Manual","Petrol",44754
"ford","Ford EcoSport",4,"17990","Manual","Petrol",34541
"ford","Ford EcoSport",4,"20690","Manual","Diesel",25000
"ford","Ford EcoSport",4,"22970","Manual","Petrol",59807
"ford","Ford EcoSport",4,"18657","Manual","Petrol",43976
"ford","Ford EcoSport",4,"21990","Manual","Petrol",19660
"ford","Ford EcoSport",4,"21900","Manual","Diesel",35200
"ford","Ford EcoSport",4,"19450","Manual","Petrol",43200
"ford","Ford EcoSport",4,"17950","Manual","Petrol",24478
"ford","Ford EcoSport",4,"17990","Manual","Petrol",5000
"ford","Ford EcoSport",4,"17990","Manual","Petrol",13900
"ford","Ford EcoSport",4,"13600","Manual","Diesel",115000
"ford","Ford EcoSport",4,"15950","Manual","Petrol",13534
"ford","Ford EcoSport",4,"29990","Manual","Petrol",24360
"ford","Ford EcoSport",4,"20450","Manual","Petrol",7325
"ford","Ford EcoSport",4,"21350","Manual","Petrol",23250
"ford","Ford EcoSport",4,"18350","Manual","Petrol",31622
"ford","Ford EcoSport",4,"17990","Manual","Petrol",25300
"ford","Ford EcoSport",4,"18999","Manual","Petrol",24800
"ford","Ford EcoSport",4,"19970","Manual","Petrol",21165
"ford","Ford EcoSport",4,"17350","Manual","Petrol",22112
"ford","Ford EcoSport",4,"17500","Manual","Petrol",45020
"ford","Ford EcoSport",4,"17450","Manual","Petrol",41117
"ford","Ford EcoSport",4,"20690","Manual","Petrol",10770
"ford","Ford EcoSport",4,"15999","Manual","Petrol",48000
"ford","Ford EcoSport",4,"17880","Manual","Petrol",45500
"ford","Ford EcoSport",4,"19950","Automatic","Petrol",40000
"ford","Ford EcoSport",4,"18850","Manual","Petrol",25600
"ford","Ford EcoSport",4,"18350","Manual","Petrol",35310
"ford","Ford EcoSport",4,"22990","Manual","Petrol",17167
"ford","Ford EcoSport",4,"26970","Automatic","Petrol",19949
"ford","Ford EcoSport",4,"18490","Manual","Petrol",50527
"ford","Ford EcoSport",4,"22990","Automatic","Petrol",43110
"ford","Ford EcoSport",4,"18900","Manual","Petrol",35648
"ford","Ford EcoSport",4,"19980","Manual","Petrol",30500
"ford","Ford EcoSport",4,"18990","Manual","Petrol",4500
"ford","Ford EcoSport",4,"19988","Manual","Petrol",27135
"ford","Ford EcoSport",4,"18350","Manual","Petrol",29650
"ford","Ford EcoSport",4,"21500","Manual","Petrol",21550
"ford","Ford EcoSport",4,"17990","Manual","Diesel",60650
"ford","Ford EcoSport",4,"21188","Manual","Diesel",7454
"ford","Ford EcoSport",4,"14730","Manual","Diesel",7454
"ford","Ford EcoSport",4,"21790","Manual","Petrol",18700
"ford","Ford EcoSport",4,"20188","Manual","Petrol",27135
"ford","Ford EcoSport",4,"20188","Manual","Petrol",27135
"ford","Ford EcoSport",4,"20790","Manual","Petrol",5498
"ford","Ford EcoSport",4,"20988","Manual","Diesel",7454
"ford","Ford EcoSport",4,"18490","Manual","Petrol",39450
"ford","Ford EcoSport",4,"19988","Manual","Petrol",27135
"ford","Ford EcoSport",4,"21188","Manual","Diesel",7454
"ford","Ford EcoSport",4,"17490","Manual","Petrol",46703
"ford","Ford EcoSport",4,"17970","Manual","Petrol",30890
"ford","Ford EcoSport",4,"20900","Manual","Petrol",32100
"ford","Ford EcoSport",4,"17980","Manual","Petrol",36318
"ford","Ford EcoSport",4,"18980","Manual","Petrol",12000
"ford","Ford EcoSport",4,"16900","Manual","Petrol",48411
"ford","Ford EcoSport",4,"39490","Manual","Petrol",22030
"ford","Ford EcoSport",4,"19450","Manual","Diesel",42838
"ford","Ford EcoSport",4,"17990","Manual","Diesel",41890
"ford","Ford EcoSport",4,"23970","Manual","Petrol",42306
"ford","Ford EcoSport",4,"19690","Manual","Petrol",36600
"ford","Ford EcoSport",4,"21950","Automatic","Petrol",19250
"ford","Ford EcoSport",4,"20850","Manual","Petrol",19950
"ford","Ford EcoSport",3,"17900","Manual","Petrol",30700
"ford","Ford EcoSport",3,"21500","Manual","Petrol",6900
"ford","Ford EcoSport",3,"21950","Manual","Petrol",10
"ford","Ford EcoSport",3,"22390","Manual","Petrol",3540
"ford","Ford EcoSport",3,"21950","Manual","Petrol",12000
"ford","Ford EcoSport",3,"16980","Manual","Petrol",69800
"ford","Ford EcoSport",3,"17440","Manual","Petrol",33089
"ford","Ford EcoSport",3,"19900","Manual","Petrol",14800
"ford","Ford EcoSport",3,"19750","Manual","Petrol",10
"ford","Ford EcoSport",3,"22990","Manual","Petrol",16500
"ford","Ford EcoSport",3,"18900","Manual","Petrol",9500
"ford","Ford EcoSport",3,"23989","Manual","Petrol",11790
"ford","Ford EcoSport",3,"17465","Manual","Petrol",31336
"ford","Ford EcoSport",3,"20500","Manual","Petrol",21055
"ford","Ford EcoSport",3,"19990","Manual","Petrol",19000
"ford","Ford EcoSport",3,"21990","Manual","Petrol",50
"ford","Ford EcoSport",3,"18950","Manual","Petrol",6686
"ford","Ford EcoSport",3,"18040","Manual","Petrol",25915
"ford","Ford EcoSport",3,"20990","Manual","Petrol",6900
"ford","Ford EcoSport",3,"18990","Manual","Petrol",35407
"ford","Ford EcoSport",3,"20980","Manual","Petrol",4025
"ford","Ford EcoSport",3,"23970","Manual","Petrol",85
"ford","Ford EcoSport",3,"22990","Manual","Petrol",27000
"ford","Ford EcoSport",3,"21990","Manual","Petrol",16436
"ford","Ford EcoSport",3,"19490","Manual","Petrol",5700
"ford","Ford EcoSport",3,"21950","Manual","Petrol",10
"ford","Ford EcoSport",3,"21490","Manual","Petrol",17250
"ford","Ford EcoSport",3,"17380","Manual","Petrol",55000
"ford","Ford EcoSport",3,"16490","Manual","Petrol",69307
"ford","Ford EcoSport",3,"22195","Manual","Petrol",7895
"ford","Ford EcoSport",3,"21900","Manual","Petrol",9000
"ford","Ford EcoSport",3,"24900","Manual","Petrol",1885
"ford","Ford EcoSport",3,"21290","Manual","Petrol",11400
"ford","Ford EcoSport",3,"21299","Manual","Petrol",11250
"ford","Ford EcoSport",3,"24490","Manual","Petrol",3050
"ford","Ford EcoSport",3,"19800","Manual","Petrol",14000
"ford","Ford EcoSport",3,"18490","Manual","Petrol",25000
"ford","Ford EcoSport",3,"24585","Manual","Petrol",6600
"ford","Ford EcoSport",3,"20990","Manual","Petrol",48960
"ford","Ford EcoSport",3,"23580","Manual","Petrol",13860
"ford","Ford EcoSport",3,"19990","Manual","Petrol",34750
"ford","Ford EcoSport",3,"19990","Manual","Petrol",34750
"ford","Ford EcoSport",3,"16450","Manual","Petrol",61359
"ford","Ford EcoSport",3,"20990","Manual","Petrol",17467
"ford","Ford EcoSport",3,"21990","Manual","Petrol",18622
"ford","Ford EcoSport",3,"21980","Manual","Petrol",10
"ford","Ford EcoSport",3,"21900","Manual","Petrol",17500
"ford","Ford EcoSport",3,"19980","Manual","Petrol",13878
"ford","Ford EcoSport",3,"22990","Manual","Petrol",9990
"ford","Ford EcoSport",3,"17640","Manual","Petrol",39648
"ford","Ford EcoSport",3,"21880","Manual","Petrol",17100
"ford","Ford EcoSport",3,"21990","Manual","Petrol",19350
"ford","Ford EcoSport",3,"17440","Manual","Petrol",39648
"ford","Ford EcoSport",3,"23470","Manual","Petrol",10
"ford","Ford EcoSport",3,"24185","Manual","Petrol",5803
"ford","Ford EcoSport",3,"19950","Manual","Petrol",13500
"ford","Ford EcoSport",3,"18490","Manual","Petrol",66594
"ford","Ford EcoSport",3,"23985","Manual","Petrol",5803
"ford","Ford EcoSport",3,"21950","Manual","Petrol",10600
"ford","Ford EcoSport",3,"21490","Manual","Petrol",24500
"ford","Ford EcoSport",3,"17750","Manual","Petrol",12490
"ford","Ford EcoSport",3,"20990","Manual","Petrol",9800
"ford","Ford EcoSport",3,"19999","Manual","Petrol",10418
"ford","Ford EcoSport",3,"41790","Manual","Petrol",10418
"ford","Ford EcoSport",3,"20970","Manual","Petrol",35780
"ford","Ford EcoSport",3,"18900","Manual","Petrol",6500
"ford","Ford EcoSport",2,"24190","Automatic","Petrol",20
"ford","Ford EcoSport",2,"21490","Manual","Petrol",15
"ford","Ford EcoSport",2,"19810","Manual","Petrol",25000
"ford","Ford EcoSport",2,"24190","Automatic","Petrol",20
"ford","Ford EcoSport",2,"20010","Manual","Petrol",25000
"ford","Ford EcoSport",2,"22590","Manual","Petrol",10
"ford","Ford EcoSport",2,"21980","Manual","Petrol",10900
"ford","Ford EcoSport",2,"24490","Manual","Petrol",10
"ford","Ford EcoSport",2,"26270","Manual","Petrol",8
"ford","Ford EcoSport",2,"23790","Manual","Petrol",150
"ford","Ford EcoSport",2,"22890","Manual","Petrol",6700
"ford","Ford EcoSport",2,"20980","Manual","Petrol",7216
"ford","Ford EcoSport",2,"22499","Automatic","Petrol",100
"ford","Ford EcoSport",2,"23990","Automatic","Petrol",20
"ford","Ford EcoSport",2,"20999","Manual","Petrol",13200
"ford","Ford EcoSport",2,"24990","Automatic","Petrol",7
"ford","Ford EcoSport",2,"24990","Automatic","Petrol",12
"ford","Ford EcoSport",2,"22990","Manual","Petrol",5990
"ford","Ford EcoSport",2,"24990","Automatic","Petrol",6
"ford","Ford EcoSport",2,"24990","Automatic","Petrol",7
"ford","Ford EcoSport",2,"24990","Automatic","Petrol",6
"ford","Ford EcoSport",2,"24990","Manual","Petrol",50
"ford","Ford EcoSport",2,"25390","Automatic","Petrol",20
"ford","Ford EcoSport",2,"24900","Manual","Petrol",5300
"ford","Ford EcoSport",2,"23980","Manual","Petrol",4786
"ford","Ford EcoSport",2,"24990","Automatic","Petrol",7
"ford","Ford EcoSport",2,"19940","Manual","Petrol",17383
"ford","Ford EcoSport",2,"19840","Manual","Petrol",21017
"ford","Ford EcoSport",2,"22290","Manual","Petrol",50
"ford","Ford EcoSport",2,"22990","Manual","Petrol",15
"ford","Ford EcoSport",2,"20850","Manual","Petrol",6411
"ford","Ford EcoSport",2,"19980","Manual","Petrol",12930
"ford","Ford EcoSport",2,"20250","Manual","Petrol",13550
"ford","Ford EcoSport",2,"22980","Manual","Petrol",3097
"ford","Ford EcoSport",2,"23990","Manual","Petrol",4999
"ford","Ford EcoSport",2,"20980","Manual","Petrol",20000
"ford","Ford EcoSport",2,"22900","Manual","Petrol",6400
"ford","Ford EcoSport",2,"25280","Manual","Petrol",14000
"ford","Ford EcoSport",2,"22380","Manual","Petrol",1
"ford","Ford EcoSport",2,"23490","Manual","Petrol",21150
"ford","Ford EcoSport",2,"23690","Manual","Petrol",5000
"ford","Ford EcoSport",2,"21634","Manual","Petrol",7
"ford","Ford EcoSport",2,"27900","Manual","Petrol",5811
"ford","Ford EcoSport",2,"24990","Manual","Petrol",2564
"ford","Ford EcoSport",2,"19390","Manual","Petrol",14621
"ford","Ford EcoSport",2,"19910","Manual","Petrol",45000
"ford","Ford EcoSport",2,"18990","Manual","Petrol",20420
"ford","Ford EcoSport",2,"23990","Manual","Petrol",4000
"ford","Ford EcoSport",2,"23940","Manual","Petrol",3000
"ford","Ford EcoSport",2,"20950","Manual","Petrol",10928
"ford","Ford EcoSport",2,"19550","Manual","Petrol",26274
"ford","Ford EcoSport",2,"19350","Manual","Petrol",28915
"ford","Ford EcoSport",2,"20101","Manual","Petrol",2666
"ford","Ford EcoSport",2,"18950","Manual","Petrol",13942
"ford","Ford EcoSport",2,"19450","Manual","Petrol",9989
"ford","Ford EcoSport",2,"23650","Manual","Petrol",1050
"ford","Ford EcoSport",2,"22500","Manual","Petrol",2487
"ford","Ford EcoSport",2,"19990","Manual","Petrol",20541
"ford","Ford EcoSport",2,"23288","Manual","Petrol",10331
"ford","Ford EcoSport",2,"22490","Manual","Petrol",6500
"ford","Ford EcoSport",2,"22990","Manual","Petrol",5990
"ford","Ford EcoSport",2,"22480","Manual","Petrol",2625
"ford","Ford EcoSport",2,"20780","Manual","Petrol",7500
"ford","Ford EcoSport",2,"19990","Manual","Petrol",50
"ford","Ford EcoSport",2,"23990","Automatic","Petrol",20
"ford","Ford EcoSport",2,"21947","Manual","Petrol",567
"ford","Ford EcoSport",1,"23990","Manual","Petrol",20
"ford","Ford EcoSport",1,"23990","Manual","Petrol",15
"ford","Ford EcoSport",1,"23850","Manual","Petrol",150
"ford","Ford EcoSport",1,"24990","Manual","Petrol",100
"ford","Ford EcoSport",1,"22499","Automatic","Petrol",100
"ford","Ford EcoSport",1,"22499","Automatic","Petrol",100
"ford","Ford EcoSport",1,"22499","Automatic","Petrol",100
"ford","Ford EcoSport",1,"22450","Manual","Petrol",4
"ford","Ford EcoSport",1,"25350","Manual","Petrol",150
"ford","Ford EcoSport",1,"23990","Manual","Petrol",7
"ford","Ford EcoSport",1,"23990","Manual","Petrol",100
"ford","Ford EcoSport",1,"22374","Manual","Petrol",189
"ford","Ford EcoSport",1,"22930","Manual","Petrol",3000
"ford","Ford EcoSport",1,"23950","Manual","Petrol",2650
"ford","Ford EcoSport",1,"23980","Manual","Petrol",2000
"ford","Ford EcoSport",1,"24990","Manual","Petrol",10
"ford","Ford EcoSport",1,"22499","Automatic","Petrol",100
"ford","Ford EcoSport",1,"22450","Manual","Petrol",6
"ford","Ford EcoSport",1,"22990","Manual","Petrol",0
"ford","Ford EcoSport",1,"22990","Manual","Petrol",0
"ford","Ford EcoSport",1,"26480","Manual","Petrol",150
"ford","Ford EcoSport",1,"22450","Manual","Petrol",6
"ford","Ford EcoSport",1,"25198","Manual","Petrol",10
"ford","Ford EcoSport",1,"22450","Manual","Petrol",6
"ford","Ford EcoSport",1,"24988","Manual","Petrol",10
"ford","Ford EcoSport",1,"22980","Manual","Petrol",2980
"ford","Ford EcoSport",1,"22450","Manual","Petrol",6
"ford","Ford EcoSport",1,"24788","Manual","Petrol",10
"ford","Ford EcoSport",1,"25398","Manual","Petrol",10
"ford","Ford EcoSport",1,"23980","Manual","Petrol",400
"ford","Ford EcoSport",1,"23950","Manual","Petrol",20
"ford","Ford EcoSport",1,"22990","Manual","Petrol",0
"ford","Ford EcoSport",1,"22450","Manual","Petrol",6
"ford","Ford EcoSport",1,"23890","Manual","Petrol",100
"ford","Ford EcoSport",1,"23990","Manual","Petrol",1500
"ford","Ford EcoSport",1,"23580","Manual","Petrol",25
"ford","Ford EcoSport",1,"24490","Manual","Petrol",100
"ford","Ford EcoSport",1,"22499","Automatic","Petrol",100
"ford","Ford EcoSport",1,"25990","Manual","Petrol",2500
"ford","Ford EcoSport",1,"23690","Manual","Petrol",10
"ford","Ford EcoSport",1,"24850","Manual","Petrol",150
"ford","Ford EcoSport",1,"26465","Manual","Petrol",1500
"ford","Ford EcoSport",1,"23980","Manual","Petrol",3000
"ford","Ford EcoSport",1,"24990","Manual","Petrol",3000
"ford","Ford EcoSport",1,"25980","Manual","Petrol",1
"ford","Ford EcoSport",1,"24890","Manual","Petrol",5000
"ford","Ford EcoSport",1,"23980","Manual","Petrol",1
"ford","Ford EcoSport",1,"22488","Manual","Petrol",10
"ford","Ford EcoSport",1,"24388","Manual","Petrol",10
"ford","Ford EcoSport",1,"25490","Manual","Petrol",2000
"ford","Ford EcoSport",1,"22376","Manual","Petrol",50
"ford","Ford EcoSport",1,"24980","Manual","Petrol",10
"ford","Ford EcoSport",1,"23990","Manual","Petrol",15
"ford","Ford EcoSport",1,"22688","Manual","Petrol",10
"ford","Ford EcoSport",1,"29350","Manual","Petrol",10
"ford","Ford EcoSport",1,"24588","Manual","Petrol",10
"ford","Ford EcoSport",1,"23990","Manual","Petrol",0
"ford","Ford EcoSport",1,"26795","Manual","Petrol",80
"ford","Ford EcoSport",1,"22490","Manual","Petrol",4900
"ford","Ford EcoSport",1,"23390","Manual","Petrol",20
"ford","Ford EcoSport",1,"25550","Manual","Petrol",20
"ford","Ford EcoSport",1,"24980","Manual","Petrol",1000
"ford","Ford EcoSport",1,"24980","Manual","Petrol",1000
"ford","Ford EcoSport",1,"22499","Automatic","Petrol",100
"ford","Ford EcoSport",1,"24980","Manual","Petrol",1000
"ford","Ford EcoSport",1,"24980","Manual","Petrol",1000
"ford","Ford EcoSport",1,"23590","Manual","Petrol",10
"ford","Ford EcoSport",1,"23590","Manual","Petrol",10
"ford","Ford EcoSport",1,"24980","Manual","Petrol",2000
"ford","Ford EcoSport",1,"23590","Manual","Petrol",10
"ford","Ford EcoSport",1,"25550","Manual","Petrol",1110
"ford","Ford EcoSport",1,"24980","Manual","Petrol",2000
"ford","Ford EcoSport",1,"23590","Manual","Petrol",10
"ford","Ford EcoSport",1,"23590","Manual","Petrol",10
"ford","Ford EcoSport",1,"24750","Manual","Petrol",3500
"ford","Ford EcoSport",1,"22440","Manual","Petrol",2000
"ford","Ford EcoSport",1,"21950","Manual","Petrol",3
"ford","Ford EcoSport",1,"22150","Manual","Petrol",3
"ford","Ford EcoSport",1,"26590","Manual","Petrol",250
"ford","Ford EcoSport",1,"21950","Manual","Petrol",3
"ford","Ford EcoSport",1,"22499","Automatic","Petrol",100
"ford","Ford EcoSport",1,"21950","Manual","Petrol",3
"ford","Ford EcoSport",1,"21950","Manual","Petrol",3
"ford","Ford EcoSport",1,"21950","Manual","Petrol",3
"ford","Ford EcoSport",1,"23990","Manual","Petrol",500
"ford","Ford EcoSport",1,"21950","Manual","Petrol",3
"ford","Ford EcoSport",1,"21930","Manual","Petrol",3000
"ford","Ford EcoSport",1,"25990","Manual","Petrol",5
"ford","Ford EcoSport",1,"22870","Manual","Petrol",3500
"ford","Ford EcoSport",1,"22990","Manual","Petrol",100
"ford","Ford EcoSport",1,"21950","Manual","Petrol",3
"ford","Ford EcoSport",1,"24490","Manual","Petrol",10
"ford","Ford EcoSport",1,"25398","Manual","Petrol",10
"ford","Ford EcoSport",1,"25198","Manual","Petrol",10
"ford","Ford EcoSport",1,"25198","Manual","Petrol",10
"ford","Ford EcoSport",1,"24988","Manual","Petrol",10
"ford","Ford EcoSport",1,"24900","Manual","Petrol",10
"ford","Ford EcoSport",1,"21950","Manual","Petrol",101
"ford","Ford EcoSport",1,"23990","Manual","Petrol",3000
"ford","Ford EcoSport",1,"22430","Manual","Petrol",3000
"ford","Ford EcoSport",1,"26499","Manual","Petrol",1000
"ford","Ford EcoSport",1,"21950","Manual","Petrol",101
"ford","Ford EcoSport",1,"22990","Manual","Petrol",0
"ford","Ford EcoSport",1,"21950","Manual","Petrol",3
"ford","Ford EcoSport",1,"21990","Manual","Petrol",12
"ford","Ford EcoSport",1,"21950","Manual","Petrol",101
"ford","Ford EcoSport",1,"25598","Manual","Petrol",10
"ford","Ford EcoSport",1,"25398","Manual","Petrol",10
"ford","Ford EcoSport",1,"25188","Manual","Petrol",10
"ford","Ford EcoSport",1,"23390","Manual","Petrol",15
"ford","Ford EcoSport",1,"24688","Manual","Petrol",10
"ford","Ford EcoSport",1,"24588","Manual","Petrol",10
"ford","Ford EcoSport",1,"24588","Manual","Petrol",10
"ford","Ford EcoSport",1,"24688","Manual","Petrol",10
"ford","Ford EcoSport",1,"23988","Manual","Petrol",10
"ford","Ford EcoSport",1,"23988","Manual","Petrol",10
"ford","Ford EcoSport",1,"23988","Manual","Petrol",10
"ford","Ford EcoSport",1,"23988","Manual","Petrol",10
"ford","Ford EcoSport",1,"26190","Manual","Petrol",0
"ford","Ford EcoSport",1,"23988","Manual","Petrol",10
"ford","Ford EcoSport",1,"24488","Manual","Petrol",10
"ford","Ford EcoSport",1,"21950","Manual","Petrol",101
"ford","Ford EcoSport",1,"23988","Manual","Petrol",10
"ford","Ford EcoSport",1,"23988","Manual","Petrol",10
"ford","Ford EcoSport",1,"21950","Manual","Petrol",101
"ford","Ford EcoSport",1,"24188","Manual","Petrol",10
"ford","Ford EcoSport",1,"24588","Manual","Petrol",10
"ford","Ford EcoSport",1,"24688","Manual","Petrol",10
"ford","Ford EcoSport",1,"24488","Manual","Petrol",10
"ford","Ford EcoSport",1,"21950","Manual","Petrol",101
"ford","Ford EcoSport",1,"23390","Manual","Petrol",20
"ford","Ford EcoSport",1,"24688","Manual","Petrol",10
"ford","Ford EcoSport",1,"25398","Manual","Petrol",10
"ford","Ford EcoSport",1,"24188","Manual","Petrol",10
"ford","Ford EcoSport",1,"26750","Manual","Petrol",3500
"ford","Ford EcoSport",1,"22890","Manual","Petrol",3900
"ford","Ford EcoSport",1,"23980","Manual","Petrol",25
"ford","Ford EcoSport",1,"24990","Manual","Petrol",10
"ford","Ford EcoSport",1,"24850","Manual","Petrol",150
"ford","Ford EcoSport",1,"24990","Manual","Petrol",2500
"ford","Ford EcoSport",1,"23290","Manual","Petrol",100
"ford","Ford EcoSport",1,"22950","Manual","Petrol",5000
