"brand","model","year","price_in_euro","transmission_type","fuel_type","mileage_in_km"
"kia","Kia Rio","2000","1950","Manual","Petrol",102400
"kia","Kia Rio","2009","2699","Manual","Petrol",97000
"kia","Kia Rio","2009","2800","Manual","Petrol",214000
"kia","Kia Rio","2010","4000","Manual","Petrol",129000
"kia","Kia Rio","2011","3950","Manual","Petrol",120203
"kia","Kia Rio","2011","3590","Manual","Petrol",240000
"kia","Kia Rio","2011","4999","Manual","Petrol",146253
"kia","Kia Rio","2011","6350","Manual","Petrol",119860
"kia","Kia Rio","2012","10999","Manual","Petrol",78000
"kia","Kia Rio","2012","11200","Manual","Petrol",60500
"kia","Kia Rio","2012","4999","Manual","Diesel",110000
"kia","Kia Rio","2012","6500","Manual","Petrol",98000
"kia","Kia Rio","2012","6800","Manual","Petrol",82700
"kia","Kia Rio","2012","8200","Manual","Petrol",45000
"kia","Kia Rio","2012","6490","Manual","Diesel",123000
"kia","Kia Rio","2012","7600","Manual","Diesel",119000
"kia","Kia Rio","2012","6450","Manual","Petrol",113400
"kia","Kia Rio","2012","8990","Automatic","Petrol",99000
"kia","Kia Rio","2012","7999","Manual","Diesel",113429
"kia","Kia Rio","2012","3980","Manual","Diesel",172960
"kia","Kia Rio","2012","4440","Manual","Diesel",192000
"kia","Kia Rio","2013","6490","Manual","Petrol",118810
"kia","Kia Rio","2013","5700","Manual","Petrol",170000
"kia","Kia Rio","2013","6900","Manual","Petrol",73000
"kia","Kia Rio","2013","8380","Manual","Petrol",60000
"kia","Kia Rio","2013","6990","Manual","Petrol",90500
"kia","Kia Rio","2013","5999","Manual","Diesel",136277
"kia","Kia Rio","2013","7590","Manual","Petrol",103956
"kia","Kia Rio","2013","8755","Manual","Petrol",38150
"kia","Kia Rio","2013","6580","Manual","Petrol",156000
"kia","Kia Rio","2013","6499","Manual","Petrol",111237
"kia","Kia Rio","2013","7865","Manual","Petrol",85800
"kia","Kia Rio","2013","3999","Manual","Diesel",286500
"kia","Kia Rio","2013","8490","Manual","Petrol",95642
"kia","Kia Rio","2013","4500","Manual","Diesel",250000
"kia","Kia Rio","2013","7990","Manual","Petrol",88000
"kia","Kia Rio","2013","4700","Manual","Petrol",159500
"kia","Kia Rio","2013","12980","Automatic","Petrol",14498
"kia","Kia Rio","2013","7990","Manual","Petrol",88000
"kia","Kia Rio","2014","9000","Manual","Petrol",85000
"kia","Kia Rio","2014","11450","Manual","Petrol",37400
"kia","Kia Rio","2014","11450","Manual","Petrol",37400
"kia","Kia Rio","2014","9900","Manual","Diesel",65740
"kia","Kia Rio","2014","7400","Manual","Diesel",112099
"kia","Kia Rio","2014","10990","Manual","Diesel",47000
"kia","Kia Rio","2014","9900","Manual","Petrol",104000
"kia","Kia Rio","2014","6490","Manual","Petrol",132000
"kia","Kia Rio","2014","5980","Manual","Petrol",165183
"kia","Kia Rio","2014","8999","Manual","Petrol",85500
"kia","Kia Rio","2014","7500","Manual","Petrol",78892
"kia","Kia Rio","2014","8750","Manual","Petrol",52000
"kia","Kia Rio","2014","8800","Manual","Petrol",52800
"kia","Kia Rio","2014","10950","Manual","Diesel",59100
"kia","Kia Rio","2014","6990","Manual","Petrol",98700
"kia","Kia Rio","2014","5999","Manual","Petrol",123998
"kia","Kia Rio","2014","5999","Manual","Petrol",154999
"kia","Kia Rio","2014","6200","Manual","Petrol",147000
"kia","Kia Rio","2015","10200","Manual","Petrol",59800
"kia","Kia Rio","2015","9350","Manual","Petrol",98900
"kia","Kia Rio","2015","6305","Manual","Diesel",187000
"kia","Kia Rio","2015","8450","Manual","Petrol",78000
"kia","Kia Rio","2015","12990","Manual","Petrol",31802
"kia","Kia Rio","2015","13990","Automatic","Petrol",40000
"kia","Kia Rio","2015","10980","Manual","Petrol",80198
"kia","Kia Rio","2015","9990","Manual","Petrol",93775
"kia","Kia Rio","2015","8990","Manual","Petrol",66000
"kia","Kia Rio","2015","7490","Manual","Petrol",144000
"kia","Kia Rio","2015","8500","Manual","Petrol",60000
"kia","Kia Rio","2015","6200","Manual","Petrol",192800
"kia","Kia Rio","2015","7599","Manual","Petrol",113850
"kia","Kia Rio","2015","8000","Manual","Petrol",130000
"kia","Kia Rio","2015","13000","Automatic","Petrol",49000
"kia","Kia Rio","2015","9200","Automatic","Petrol",71104
"kia","Kia Rio","2015","10667","Manual","Petrol",97000
"kia","Kia Rio","2015","8499","Manual","Petrol",63184
"kia","Kia Rio","2016","11990","Manual","Petrol",92187
"kia","Kia Rio","2016","9050","Manual","Petrol",69000
"kia","Kia Rio","2016","10990","Manual","Petrol",15806
"kia","Kia Rio","2016","12490","Manual","Petrol",39770
"kia","Kia Rio","2016","13980","Automatic","Petrol",110000
"kia","Kia Rio","2016","9900","Manual","Petrol",76500
"kia","Kia Rio","2016","8450","Manual","Petrol",136621
"kia","Kia Rio","2016","10998","Manual","Petrol",92000
"kia","Kia Rio","2016","10200","Manual","Petrol",62000
"kia","Kia Rio","2016","9870","Manual","Petrol",87000
"kia","Kia Rio","2016","21999","Manual","Petrol",64931
"kia","Kia Rio","2016","9780","Manual","Petrol",121600
"kia","Kia Rio","2016","9199","Manual","Petrol",48600
"kia","Kia Rio","2016","9199","Manual","Petrol",48600
"kia","Kia Rio","2016","10480","Manual","Petrol",31675
"kia","Kia Rio","2016","9950","Manual","Petrol",79000
"kia","Kia Rio","2016","7700","Manual","Petrol",87000
"kia","Kia Rio","2016","8999","Manual","Petrol",75000
"kia","Kia Rio","2016","9990","Manual","Petrol",114567
"kia","Kia Rio","2016","9410","Manual","Petrol",73000
"kia","Kia Rio","2016","9690","Manual","Petrol",96500
"kia","Kia Rio","2016","13500","Automatic","Petrol",76000
"kia","Kia Rio","2016","8990","Manual","Diesel",95000
"kia","Kia Rio","2017","12990","Manual","Petrol",47462
"kia","Kia Rio","2017","12990","Manual","Petrol",47462
"kia","Kia Rio","2017","13410","Manual","Petrol",62000
"kia","Kia Rio","2017","7999","Manual","Petrol",143540
"kia","Kia Rio","2017","13790","Manual","Petrol",75000
"kia","Kia Rio","2017","13790","Manual","Petrol",75000
"kia","Kia Rio","2017","10900","Manual","Petrol",74900
"kia","Kia Rio","2017","12235","Manual","Petrol",64877
"kia","Kia Rio","2017","10550","Manual","Petrol",74000
"kia","Kia Rio","2017","14990","Manual","Petrol",28903
"kia","Kia Rio","2017","22390","Automatic","Petrol",80000
"kia","Kia Rio","2017","15490","Manual","Petrol",86500
"kia","Kia Rio","2017","20288","Manual","Petrol",17000
"kia","Kia Rio","2017","18950","Manual","Petrol",64000
"kia","Kia Rio","2017","17999","Manual","Petrol",69000
"kia","Kia Rio","2017","11200","Manual","Diesel",97855
"kia","Kia Rio","2017","14271","Manual","Petrol",63780
"kia","Kia Rio","2017","15930","Automatic","Petrol",50192
"kia","Kia Rio","2017","14490","Manual","Petrol",68910
"kia","Kia Rio","2017","14990","Manual","Petrol",57861
"kia","Kia Rio","2017","17870","Manual","Petrol",31607
"kia","Kia Rio","2017","13489","Manual","Petrol",40000
"kia","Kia Rio","2017","8990","Manual","Petrol",99911
"kia","Kia Rio","2017","28390","Manual","Petrol",47000
"kia","Kia Rio","2017","20480","Manual","Petrol",65120
"kia","Kia Rio","2017","21435","Manual","Petrol",85000
"kia","Kia Rio","2017","10979","Manual","Petrol",62872
"kia","Kia Rio","2017","19500","Manual","Petrol",107283
"kia","Kia Rio","2017","13999","Manual","Petrol",85000
"kia","Kia Rio","2017","14444","Automatic","Petrol",78850
"kia","Kia Rio","2017","13500","Manual","Petrol",97678
"kia","Kia Rio","2017","16500","Manual","Petrol",33000
"kia","Kia Rio","2017","16990","Automatic","Petrol",93782
"kia","Kia Rio","2017","12900","Manual","Petrol",64700
"kia","Kia Rio","2017","11900","Manual","Petrol",23800
"kia","Kia Rio","2017","10700","Manual","Petrol",50439
"kia","Kia Rio","2017","10850","Manual","Petrol",64000
"kia","Kia Rio","2017","10950","Manual","Petrol",49980
"kia","Kia Rio","2017","11479","Manual","Petrol",59058
"kia","Kia Rio","2017","9500","Manual","Petrol",110000
"kia","Kia Rio","2017","23890","Manual","Petrol",87320
"kia","Kia Rio","2017","13700","Manual","Petrol",110000
"kia","Kia Rio","2017","8499","Manual","Petrol",59973
"kia","Kia Rio","2017","12721","Automatic","Petrol",96250
"kia","Kia Rio","2018","14460","Manual","Petrol",25740
"kia","Kia Rio","2018","17450","Manual","Petrol",33157
"kia","Kia Rio","2018","15950","Manual","Petrol",64402
"kia","Kia Rio","2018","17450","Manual","Petrol",33157
"kia","Kia Rio","2018","13450","Manual","Petrol",48646
"kia","Kia Rio","2018","14290","Manual","Petrol",22123
"kia","Kia Rio","2018","16900","Manual","Petrol",24418
"kia","Kia Rio","2018","13450","Manual","Petrol",48646
"kia","Kia Rio","2018","14290","Manual","Petrol",22123
"kia","Kia Rio","2018","13440","Manual","Petrol",46282
"kia","Kia Rio","2018","12900","Manual","Petrol",118271
"kia","Kia Rio","2018","14990","Automatic","Petrol",76672
"kia","Kia Rio","2018","14990","Manual","Petrol",46556
"kia","Kia Rio","2018","14970","Manual","Petrol",56000
"kia","Kia Rio","2018","13000","Manual","Petrol",36900
"kia","Kia Rio","2018","14690","Manual","Petrol",73000
"kia","Kia Rio","2018","13300","Manual","Petrol",46660
"kia","Kia Rio","2018","14484","Manual","Petrol",60000
"kia","Kia Rio","2018","15490","Manual","Petrol",68190
"kia","Kia Rio","2018","14990","Manual","Petrol",77729
"kia","Kia Rio","2018","16500","Manual","Petrol",21000
"kia","Kia Rio","2018","24990","Manual","Petrol",79405
"kia","Kia Rio","2018","25999","Manual","Petrol",57000
"kia","Kia Rio","2018","11300","Manual","Petrol",58900
"kia","Kia Rio","2018","14960","Manual","Petrol",22442
"kia","Kia Rio","2018","14990","Manual","Petrol",57553
"kia","Kia Rio","2018","12990","Manual","Petrol",91923
"kia","Kia Rio","2018","18950","Automatic","Petrol",31170
"kia","Kia Rio","2018","11930","Manual","Petrol",99409
"kia","Kia Rio","2018","15800","Manual","Petrol",37800
"kia","Kia Rio","2018","16950","Automatic","Petrol",79407
"kia","Kia Rio","2018","13950","Manual","Petrol",54300
"kia","Kia Rio","2018","12999","Manual","Petrol",79800
"kia","Kia Rio","2018","13490","Manual","Petrol",38050
"kia","Kia Rio","2018","12995","Manual","Petrol",45200
"kia","Kia Rio","2018","14880","Manual","Petrol",61690
"kia","Kia Rio","2018","12490","Manual","Petrol",63000
"kia","Kia Rio","2018","30950","Manual","Petrol",67179
"kia","Kia Rio","2018","15990","Manual","Petrol",37950
"kia","Kia Rio","2018","16880","Manual","Petrol",78950
"kia","Kia Rio","2018","15870","Manual","Petrol",71800
"kia","Kia Rio","2018","11999","Manual","Petrol",45000
"kia","Kia Rio","2018","15950","Manual","Petrol",78379
"kia","Kia Rio","2018","11690","Manual","Petrol",89700
"kia","Kia Rio","2018","16900","Manual","Petrol",25060
"kia","Kia Rio","2018","12450","Manual","Petrol",46997
"kia","Kia Rio","2018","14490","Manual","Petrol",22832
"kia","Kia Rio","2019","17490","Manual","Petrol",36690
"kia","Kia Rio","2019","18987","Manual","Petrol",23623
"kia","Kia Rio","2019","12790","Manual","Petrol",58900
"kia","Kia Rio","2019","12490","Manual","Petrol",56400
"kia","Kia Rio","2019","16790","Manual","Petrol",41035
"kia","Kia Rio","2019","17300","Manual","Petrol",21200
"kia","Kia Rio","2019","19390","Automatic","Petrol",38500
"kia","Kia Rio","2019","13799","Manual","Petrol",59436
"kia","Kia Rio","2019","16999","Automatic","Petrol",51500
"kia","Kia Rio","2019","15490","Manual","Petrol",62500
"kia","Kia Rio","2019","14650","Manual","Petrol",77000
"kia","Kia Rio","2019","24990","Manual","Petrol",34699
"kia","Kia Rio","2019","15090","Manual","Petrol",15000
"kia","Kia Rio","2019","14890","Manual","Petrol",15000
"kia","Kia Rio","2019","15990","Manual","Petrol",19990
"kia","Kia Rio","2019","12000","Manual","Petrol",85000
"kia","Kia Rio","2019","15950","Manual","Petrol",32576
"kia","Kia Rio","2019","12890","Manual","Petrol",54082
"kia","Kia Rio","2019","12890","Manual","Petrol",54082
"kia","Kia Rio","2019","15090","Manual","Petrol",45000
"kia","Kia Rio","2019","14890","Manual","Petrol",45000
"kia","Kia Rio","2019","15450","Manual","Petrol",47500
"kia","Kia Rio","2019","14490","Manual","Petrol",27316
"kia","Kia Rio","2019","18800","Automatic","Petrol",43000
"kia","Kia Rio","2019","14500","Manual","Petrol",25500
"kia","Kia Rio","2019","16690","Manual","Petrol",54038
"kia","Kia Rio","2019","25890","Manual","Petrol",25932
"kia","Kia Rio","2019","14480","Manual","Petrol",34600
"kia","Kia Rio","2019","15450","Automatic","Petrol",40000
"kia","Kia Rio","2019","18999","Automatic","Petrol",36550
"kia","Kia Rio","2019","16479","Manual","Petrol",50039
"kia","Kia Rio","2019","18390","Manual","Petrol",33100
"kia","Kia Rio","2019","13490","Manual","Petrol",72600
"kia","Kia Rio","2019","14850","Manual","Petrol",27000
"kia","Kia Rio","2019","13930","Manual","Petrol",43698
"kia","Kia Rio","2019","14490","Manual","Petrol",59957
"kia","Kia Rio","2019","15990","Manual","Petrol",53800
"kia","Kia Rio","2019","15990","Manual","Petrol",89654
"kia","Kia Rio","2019","11979","Manual","Petrol",53336
"kia","Kia Rio","2020","13950","Manual","Petrol",20000
"kia","Kia Rio","2020","19990","Manual","Petrol",18474
"kia","Kia Rio","2020","15990","Manual","Petrol",4251
"kia","Kia Rio","2020","13950","Manual","Petrol",20000
"kia","Kia Rio","2020","13950","Manual","Petrol",20000
"kia","Kia Rio","2020","13950","Manual","Petrol",20000
"kia","Kia Rio","2020","14746","Manual","Petrol",9344
"kia","Kia Rio","2020","15950","Manual","Petrol",65100
"kia","Kia Rio","2020","17490","Manual","Petrol",40750
"kia","Kia Rio","2020","15550","Automatic","Petrol",93300
"kia","Kia Rio","2020","13950","Manual","Petrol",20000
"kia","Kia Rio","2020","13950","Manual","Petrol",20000
"kia","Kia Rio","2020","13950","Manual","Petrol",20000
"kia","Kia Rio","2020","17750","Manual","Petrol",26470
"kia","Kia Rio","2020","21990","Automatic","Petrol",28535
"kia","Kia Rio","2020","13950","Manual","Petrol",20000
"kia","Kia Rio","2020","12699","Manual","Petrol",44500
"kia","Kia Rio","2020","18990","Manual","Petrol",25990
"kia","Kia Rio","2020","13950","Manual","Petrol",20000
"kia","Kia Rio","2020","13950","Manual","Petrol",20000
"kia","Kia Rio","2020","13950","Manual","Petrol",20000
"kia","Kia Rio","2020","14990","Manual","Petrol",14300
"kia","Kia Rio","2020","17990","Automatic","Petrol",10100
"kia","Kia Rio","2020","12200","Manual","Petrol",93000
"kia","Kia Rio","2020","14900","Manual","Petrol",31188
"kia","Kia Rio","2020","13950","Manual","Petrol",20000
"kia","Kia Rio","2020","13950","Manual","Petrol",20000
"kia","Kia Rio","2021","20990","Automatic","Petrol",50
"kia","Kia Rio","2021","17990","Manual","Petrol",13330
"kia","Kia Rio","2021","15999","Manual","Petrol",33300
"kia","Kia Rio","2021","15260","Manual","Petrol",17427
"kia","Kia Rio","2021","15490","Manual","Petrol",4240
"kia","Kia Rio","2021","18600","Automatic","Petrol",12330
"kia","Kia Rio","2021","20990","Manual","Petrol",4000
"kia","Kia Rio","2021","23480","Manual","Petrol",6451
"kia","Kia Rio","2021","18400","Automatic","Petrol",12330
"kia","Kia Rio","2021","18970","Manual","Petrol",12850
"kia","Kia Rio","2021","23280","Manual","Petrol",6451
"kia","Kia Rio","2021","16900","Manual","Petrol",15
"kia","Kia Rio","2021","20950","Automatic","Petrol",11690
"kia","Kia Rio","2021","25216","Manual","Petrol",2128
"kia","Kia Rio","2021","19970","Manual","Petrol",12990
"kia","Kia Rio","2021","19990","Manual","Petrol",7550
"kia","Kia Rio","2022","20499","Manual","Petrol",50
"kia","Kia Rio","2022","19888","Manual","Petrol",1000
"kia","Kia Rio","2022","17990","Manual","Petrol",5
"kia","Kia Rio","2022","16480","Manual","Petrol",1900
"kia","Kia Rio","2022","18490","Automatic","Petrol",16635
"kia","Kia Rio","2022","18490","Automatic","Petrol",21544
"kia","Kia Rio","2022","17770","Manual","Petrol",1300
"kia","Kia Rio","2022","17770","Manual","Petrol",1300
"kia","Kia Rio","2022","19800","Manual","Petrol",6800
"kia","Kia Rio","2022","22530","Manual","Petrol",5302
"kia","Kia Rio","2022","17990","Manual","Petrol",4900
"kia","Kia Rio","2022","17470","Manual","Petrol",7294
"kia","Kia Rio","2022","18990","Manual","Petrol",5800
"kia","Kia Rio","2022","17270","Manual","Petrol",7294
"kia","Kia Rio","2022","20499","Manual","Petrol",50
"kia","Kia Rio","2022","20499","Manual","Petrol",50
"kia","Kia Rio","2022","20499","Manual","Petrol",50
"kia","Kia Rio","2022","19490","Manual","Petrol",7200
"kia","Kia Rio","2022","19490","Manual","Petrol",5500
"kia","Kia Rio","2022","20980","Manual","Petrol",10000
"kia","Kia Rio","2022","20490","Manual","Petrol",5200
"kia","Kia Rio","2022","16990","Manual","Petrol",10
"kia","Kia Rio","2022","17990","Manual","Petrol",2900
"kia","Kia Rio","2022","17890","Manual","Petrol",50
"kia","Kia Rio","2022","17770","Manual","Petrol",1400
"kia","Kia Rio","2022","17770","Manual","Petrol",1200
"kia","Kia Rio","2022","17990","Manual","Petrol",3000
"kia","Kia Rio","2022","17990","Manual","Petrol",3000
"kia","Kia Rio","2022","17990","Manual","Petrol",1500
"kia","Kia Rio","2022","23290","Manual","Petrol",4487
"kia","Kia Rio","2022","18990","Manual","Petrol",10000
"kia","Kia Rio","2022","15799","Manual","Petrol",28950
"kia","Kia Rio","2023","16290","Manual","Petrol",50
"kia","Kia Rio","2023","17990","Manual","Petrol",7
"kia","Kia Rio","2023","17990","Manual","Petrol",50
"kia","Kia Rio","2023","20345","Automatic","Petrol",10
"kia","Kia Rio","2023","20890","Automatic","Petrol",10
"kia","Kia Rio","2023","21150","Automatic","Petrol",10
"kia","Kia Rio","2023","21990","Automatic","Petrol",15
"kia","Kia Rio","2023","25990","Automatic","Petrol",15
"kia","Kia Rio","2023","19990","Manual","Petrol",10000
"kia","Kia Rio","2023","19990","Manual","Petrol",10000
"kia","Kia Rio","2023","19990","Manual","Petrol",10000
"kia","Kia Rio","2023","16490","Manual","Petrol",50
"kia","Kia Rio","2023","16490","Manual","Petrol",50
"kia","Kia Rio","2023","16990","Manual","Petrol",10
"kia","Kia Rio","2023","23750","Manual","Petrol",300
"kia","Kia Rio","2023","23750","Manual","Petrol",300
"kia","Kia Rio","2023","16499","Manual","Petrol",15
"kia","Kia Rio","2023","16990","Manual","Petrol",20
"kia","Kia Rio","2023","16990","Manual","Petrol",6000
"kia","Kia Rio","2023","16499","Manual","Petrol",50
"kia","Kia Rio","2023","27988","Manual","Petrol",15
"kia","Kia Rio","2023","17490","Manual","Petrol",100
"kia","Kia Rio","2023","16990","Manual","Petrol",1
"kia","Kia Rio","2023","18899","Manual","Petrol",50
"kia","Kia Rio","2023","36499","Manual","Petrol",15
"kia","Kia Rio","2023","17990","Manual","Petrol",7
"kia","Kia Rio","2023","18985","Manual","Petrol",10
"kia","Kia Rio","2023","22900","Automatic","Petrol",100
"kia","Kia Rio","2023","17900","Manual","Petrol",951
"kia","Kia Rio","2023","21899","Manual","Petrol",999
"kia","Kia Rio","2023","15990","Manual","Petrol",10
"kia","Kia Rio","2023","23790","Manual","Petrol",1500
"kia","Kia Rio","2023","18350","Manual","Petrol",2000
"kia","Kia Rio","2023","20490","Manual","Petrol",15
"kia","Kia Rio","2023","25990","Automatic","Petrol",15
"kia","Kia Rio","2023","20490","Manual","Petrol",15
"kia","Kia Rio","2023","25990","Automatic","Petrol",15
"kia","Kia Rio","2023","20490","Manual","Petrol",15
"kia","Kia Rio","2023","19900","Manual","Petrol",1500
"kia","Kia Rio","2023","20989","Manual","Petrol",50
"kia","Kia Rio","2023","17620","Manual","Petrol",2000
"kia","Kia Rio","2023","17990","Manual","Petrol",1000
"kia","Kia Rio","2023","20990","Manual","Petrol",3000
"kia","Kia Rio","2023","21990","Automatic","Petrol",15
"kia","Kia Rio","2023","22490","Automatic","Petrol",15
"kia","Kia Rio","2023","25990","Automatic","Petrol",15
"kia","Kia Rio","2023","19690","Automatic","Petrol",10
"kia","Kia Rio","2023","24140","Manual","Petrol",4900
"kia","Kia Rio","2023","22680","Automatic","Petrol",10
"kia","Kia Rio","2023","22190","Manual","Petrol",10
"kia","Kia Rio","2023","22490","Automatic","Petrol",15
"kia","Kia Rio","2023","20490","Manual","Petrol",15
"kia","Kia Rio","2023","25990","Automatic","Petrol",15
"kia","Kia Rio","2023","25990","Automatic","Petrol",15
"kia","Kia Rio","2023","20890","Automatic","Petrol",10
"kia","Kia Rio","2023","18950","Manual","Petrol",15
"kia","Kia Rio","2023","18980","Manual","Petrol",2000
"kia","Kia Rio","2023","23999","Automatic","Petrol",1799
"kia","Kia Rio","2023","16990","Manual","Petrol",20
"kia","Kia Rio","2023","18330","Manual","Petrol",0
"kia","Kia Rio","2023","24499","Manual","Petrol",150
"kia","Kia Rio","2023","22480","Automatic","Petrol",10
"kia","Kia Rio","2023","16900","Manual","Petrol",100
"kia","Kia Rio","2023","20990","Manual","Petrol",5000
"kia","Kia Rio","2023","20499","Manual","Petrol",15
"kia","Kia Rio","2023","20750","Manual","Petrol",6
"kia","Kia Rio","2023","20750","Manual","Petrol",6
"kia","Kia Rio","2023","20810","Manual","Petrol",1182
"kia","Kia Rio","2023","16990","Manual","Petrol",15
"kia","Kia Rio","2023","16490","Manual","Petrol",50
"kia","Kia Rio","2023","16490","Manual","Petrol",50
"kia","Kia Rio","2023","21990","Manual","Petrol",10
"kia","Kia Rio","2023","21860","Manual","Petrol",2000
"kia","Kia Rio","2023","19960","Manual","Petrol",5
"kia","Kia Rio","2023","16290","Manual","Petrol",50
"kia","Kia Rio","2023","16290","Manual","Petrol",50
"kia","Kia Rio","2023","16890","Manual","Petrol",20
"kia","Kia Rio","2023","24990","Automatic","Petrol",50
"kia","Kia Rio","2023","23490","Manual","Petrol",4000
"kia","Kia Rio","2023","19490","Automatic","Petrol",10
"kia","Kia Rio","2023","19490","Manual","Petrol",10
"kia","Kia Rio","2023","23990","Automatic","Petrol",15
"kia","Kia Rio","2023","20890","Automatic","Petrol",10
"kia","Kia Rio","2023","20490","Automatic","Petrol",40
"kia","Kia Rio","2023","21635","Manual","Petrol",4900
"kia","Kia Rio","2023","16200","Manual","Petrol",5000
"kia","Kia Rio","2023","20490","Manual","Petrol",15
"kia","Kia Rio","2023","19200","Manual","Petrol",10
"kia","Kia Rio","2023","19990","Manual","Petrol",10000
"kia","Kia Rio","2023","16500","Manual","Petrol",100
"kia","Kia Rio","2023","15790","Manual","Petrol",10
"kia","Kia Rio","2023","15790","Manual","Petrol",10
"kia","Kia Rio","2023","20490","Automatic","Petrol",40
"kia","Kia Rio","2023","23199","Automatic","Petrol",10
