"brand","model","year","price_in_euro","transmission_type","fuel_type","mileage_in_km"
"toyota","Toyota Aygo",19,"1500","Manual","Petrol",199000
"toyota","Toyota Aygo",18,"2300","Manual","Petrol",126000
"toyota","Toyota Aygo",18,"1000","Manual","Petrol",155000
"toyota","Toyota Aygo",18,"790","Manual","Petrol",207890
"toyota","Toyota Aygo",17,"2500","Manual","Petrol",174500
"toyota","Toyota Aygo",17,"3990","Manual","Petrol",116582
"toyota","Toyota Aygo",17,"3250","Manual","Petrol",123000
"toyota","Toyota Aygo",17,"2290","Manual","Petrol",150000
"toyota","Toyota Aygo",17,"3400","Manual","Petrol",105000
"toyota","Toyota Aygo",17,"2799","Manual","Petrol",138000
"toyota","Toyota Aygo",17,"3950","Manual","Petrol",95000
"toyota","Toyota Aygo",16,"4450","Manual","Petrol",124000
"toyota","Toyota Aygo",16,"3280","Manual","Petrol",84970
"toyota","Toyota Aygo",16,"3400","Manual","Petrol",162300
"toyota","Toyota Aygo",16,"3700","Manual","Petrol",87969
"toyota","Toyota Aygo",16,"3700","Manual","Petrol",97347
"toyota","Toyota Aygo",16,"2899","Manual","Petrol",184000
"toyota","Toyota Aygo",16,"2350","Manual","Petrol",168000
"toyota","Toyota Aygo",16,"3950","Manual","Petrol",88100
"toyota","Toyota Aygo",15,"5980","Manual","Petrol",100052
"toyota","Toyota Aygo",15,"3190","Manual","Petrol",131550
"toyota","Toyota Aygo",15,"3700","Manual","Petrol",108400
"toyota","Toyota Aygo",15,"3990","Manual","Petrol",119500
"toyota","Toyota Aygo",15,"2300","Manual","Petrol",186500
"toyota","Toyota Aygo",15,"3200","Manual","Petrol",133800
"toyota","Toyota Aygo",15,"3500","Manual","Petrol",1e+05
"toyota","Toyota Aygo",15,"1999","Manual","Petrol",192000
"toyota","Toyota Aygo",15,"3199","Manual","Petrol",91000
"toyota","Toyota Aygo",15,"3000","Manual","Petrol",120500
"toyota","Toyota Aygo",15,"3450","Manual","Petrol",210000
"toyota","Toyota Aygo",15,"3900","Manual","Petrol",87000
"toyota","Toyota Aygo",15,"2295","Manual","Petrol",180000
"toyota","Toyota Aygo",15,"2500","Manual","Petrol",197000
"toyota","Toyota Aygo",15,"6500","Automatic","Petrol",59711
"toyota","Toyota Aygo",15,"2700","Manual","Petrol",193000
"toyota","Toyota Aygo",15,"2990","Manual","Petrol",29252
"toyota","Toyota Aygo",15,"3000","Manual","Petrol",115052
"toyota","Toyota Aygo",15,"2200","Manual","Petrol",198000
"toyota","Toyota Aygo",15,"3900","Manual","Petrol",101050
"toyota","Toyota Aygo",15,"3228","Manual","Petrol",139565
"toyota","Toyota Aygo",15,"1285","Manual","Petrol",163862
"toyota","Toyota Aygo",15,"4000","Manual","Petrol",102000
"toyota","Toyota Aygo",14,"7690","Manual","Petrol",115640
"toyota","Toyota Aygo",14,"3790","Manual","Petrol",130100
"toyota","Toyota Aygo",14,"4200","Manual","Petrol",104098
"toyota","Toyota Aygo",14,"2980","Manual","Petrol",149500
"toyota","Toyota Aygo",14,"3900","Manual","Petrol",120570
"toyota","Toyota Aygo",14,"3500","Manual","Petrol",155000
"toyota","Toyota Aygo",14,"5950","Manual","Petrol",37000
"toyota","Toyota Aygo",14,"2900","Manual","Petrol",181000
"toyota","Toyota Aygo",14,"3990","Manual","Petrol",161671
"toyota","Toyota Aygo",14,"1600","Manual","Petrol",120000
"toyota","Toyota Aygo",14,"3850","Manual","Petrol",135600
"toyota","Toyota Aygo",14,"3600","Manual","Petrol",105000
"toyota","Toyota Aygo",14,"3800","Manual","Petrol",95000
"toyota","Toyota Aygo",14,"4299","Manual","Petrol",51933
"toyota","Toyota Aygo",14,"2995","Manual","Petrol",185660
"toyota","Toyota Aygo",14,"2600","Manual","Petrol",167104
"toyota","Toyota Aygo",13,"5800","Manual","Petrol",40000
"toyota","Toyota Aygo",13,"2300","Manual","Petrol",160000
"toyota","Toyota Aygo",12,"2999","Manual","Petrol",187700
"toyota","Toyota Aygo",12,"4499","Manual","Petrol",106000
"toyota","Toyota Aygo",12,"3500","Manual","Petrol",149000
"toyota","Toyota Aygo",12,"5550","Manual","Petrol",101100
"toyota","Toyota Aygo",12,"5200","Manual","Petrol",74000
"toyota","Toyota Aygo",12,"6000","Manual","Petrol",90364
"toyota","Toyota Aygo",12,"4599","Manual","Petrol",110000
"toyota","Toyota Aygo",12,"5280","Manual","Petrol",112213
"toyota","Toyota Aygo",12,"3790","Manual","Petrol",179000
"toyota","Toyota Aygo",11,"5990","Manual","Petrol",151386
"toyota","Toyota Aygo",11,"4500","Manual","Petrol",114508
"toyota","Toyota Aygo",11,"5200","Manual","Petrol",89000
"toyota","Toyota Aygo",11,"7490","Manual","Petrol",51068
"toyota","Toyota Aygo",11,"4200","Manual","Petrol",164000
"toyota","Toyota Aygo",11,"5990","Manual","Petrol",78350
"toyota","Toyota Aygo",11,"7980","Manual","Petrol",85500
"toyota","Toyota Aygo",11,"5450","Manual","Petrol",123000
"toyota","Toyota Aygo",11,"6400","Manual","Petrol",62292
"toyota","Toyota Aygo",11,"5000","Manual","Petrol",112235
"toyota","Toyota Aygo",11,"3399","Manual","Petrol",158000
"toyota","Toyota Aygo",11,"8950","Manual","Petrol",9200
"toyota","Toyota Aygo",10,"7890","Manual","Petrol",87167
"toyota","Toyota Aygo",10,"5799","Manual","Petrol",165000
"toyota","Toyota Aygo",10,"10790","Manual","Petrol",38000
"toyota","Toyota Aygo",10,"7900","Manual","Petrol",94500
"toyota","Toyota Aygo",10,"7500","Manual","Petrol",84900
"toyota","Toyota Aygo",10,"7210","Manual","Petrol",55023
"toyota","Toyota Aygo",10,"3199","Manual","Petrol",193400
"toyota","Toyota Aygo",10,"8498","Manual","Petrol",30000
"toyota","Toyota Aygo",10,"7970","Manual","Petrol",73397
"toyota","Toyota Aygo",10,"9590","Manual","Petrol",40799
"toyota","Toyota Aygo",10,"8600","Manual","Petrol",41000
"toyota","Toyota Aygo",9,"7870","Manual","Petrol",110000
"toyota","Toyota Aygo",9,"5980","Manual","Petrol",166168
"toyota","Toyota Aygo",9,"9690","Manual","Petrol",51050
"toyota","Toyota Aygo",9,"8990","Manual","Petrol",60500
"toyota","Toyota Aygo",9,"6555","Manual","Petrol",82000
"toyota","Toyota Aygo",9,"6900","Manual","Petrol",92000
"toyota","Toyota Aygo",9,"8445","Manual","Petrol",135000
"toyota","Toyota Aygo",9,"7100","Manual","Petrol",92000
"toyota","Toyota Aygo",9,"7860","Manual","Petrol",79057
"toyota","Toyota Aygo",9,"6000","Manual","Petrol",109800
"toyota","Toyota Aygo",9,"7930","Manual","Petrol",70257
"toyota","Toyota Aygo",8,"8710","Manual","Petrol",67882
"toyota","Toyota Aygo",8,"12340","Automatic","Petrol",8201
"toyota","Toyota Aygo",8,"12780","Automatic","Petrol",35900
"toyota","Toyota Aygo",8,"8600","Manual","Petrol",99781
"toyota","Toyota Aygo",8,"8980","Manual","Petrol",96500
"toyota","Toyota Aygo",8,"12290","Manual","Petrol",8100
"toyota","Toyota Aygo",8,"7450","Manual","Petrol",102550
"toyota","Toyota Aygo",8,"6999","Manual","Petrol",118100
"toyota","Toyota Aygo",8,"10390","Automatic","Petrol",40366
"toyota","Toyota Aygo",8,"9300","Manual","Petrol",14000
"toyota","Toyota Aygo",8,"9790","Manual","Petrol",50019
"toyota","Toyota Aygo",8,"6985","Manual","Petrol",140000
"toyota","Toyota Aygo",8,"7990","Manual","Petrol",99100
"toyota","Toyota Aygo",8,"8995","Manual","Petrol",59800
"toyota","Toyota Aygo",8,"8500","Manual","Petrol",41400
"toyota","Toyota Aygo",8,"8990","Manual","Petrol",66365
"toyota","Toyota Aygo",8,"7999","Manual","Petrol",96000
"toyota","Toyota Aygo",8,"9390","Manual","Petrol",43305
"toyota","Toyota Aygo",8,"8995","Manual","Petrol",59800
"toyota","Toyota Aygo",8,"11900","Automatic","Petrol",39500
"toyota","Toyota Aygo",8,"12500","Automatic","Petrol",25847
"toyota","Toyota Aygo",8,"7940","Manual","Petrol",70730
"toyota","Toyota Aygo",8,"7690","Manual","Petrol",67000
"toyota","Toyota Aygo",8,"10200","Manual","Petrol",68774
"toyota","Toyota Aygo",8,"9500","Manual","Petrol",44850
"toyota","Toyota Aygo",7,"7500","Manual","Petrol",92000
"toyota","Toyota Aygo",7,"9800","Manual","Petrol",61900
"toyota","Toyota Aygo",7,"6999","Automatic","Petrol",133028
"toyota","Toyota Aygo",7,"8950","Manual","Petrol",46844
"toyota","Toyota Aygo",7,"7500","Manual","Petrol",118000
"toyota","Toyota Aygo",7,"10840","Manual","Petrol",60224
"toyota","Toyota Aygo",7,"10999","Automatic","Petrol",66580
"toyota","Toyota Aygo",7,"7200","Manual","Petrol",83000
"toyota","Toyota Aygo",7,"11990","Manual","Petrol",6800
"toyota","Toyota Aygo",7,"9990","Manual","Petrol",51100
"toyota","Toyota Aygo",7,"9500","Manual","Petrol",50900
"toyota","Toyota Aygo",7,"10990","Manual","Petrol",32933
"toyota","Toyota Aygo",7,"9800","Manual","Petrol",18200
"toyota","Toyota Aygo",7,"9990","Manual","Petrol",39400
"toyota","Toyota Aygo",7,"8780","Manual","Petrol",48108
"toyota","Toyota Aygo",7,"12490","Automatic","Petrol",29270
"toyota","Toyota Aygo",7,"9399","Manual","Petrol",64000
"toyota","Toyota Aygo",7,"10350","Manual","Petrol",33900
"toyota","Toyota Aygo",7,"9990","Automatic","Petrol",93600
"toyota","Toyota Aygo",7,"9980","Manual","Petrol",57900
"toyota","Toyota Aygo",7,"11490","Manual","Petrol",23490
"toyota","Toyota Aygo",7,"12980","Manual","Petrol",6990
"toyota","Toyota Aygo",6,"9999","Manual","Petrol",61977
"toyota","Toyota Aygo",6,"13870","Automatic","Petrol",21000
"toyota","Toyota Aygo",6,"10990","Manual","Petrol",11880
"toyota","Toyota Aygo",6,"12480","Manual","Petrol",19980
"toyota","Toyota Aygo",6,"9290","Manual","Petrol",87000
"toyota","Toyota Aygo",6,"11390","Manual","Petrol",16302
"toyota","Toyota Aygo",6,"8990","Manual","Petrol",65000
"toyota","Toyota Aygo",6,"10790","Manual","Petrol",21900
"toyota","Toyota Aygo",6,"12990","Manual","Petrol",31205
"toyota","Toyota Aygo",6,"11830","Manual","Petrol",27414
"toyota","Toyota Aygo",6,"11990","Manual","Petrol",53872
"toyota","Toyota Aygo",6,"10480","Manual","Petrol",43000
"toyota","Toyota Aygo",6,"7900","Manual","Petrol",66971
"toyota","Toyota Aygo",6,"9995","Manual","Petrol",33151
"toyota","Toyota Aygo",6,"18490","Manual","Petrol",23900
"toyota","Toyota Aygo",6,"11990","Manual","Petrol",40900
"toyota","Toyota Aygo",6,"9999","Manual","Petrol",40785
"toyota","Toyota Aygo",6,"10900","Manual","Petrol",23716
"toyota","Toyota Aygo",6,"11680","Manual","Petrol",31000
"toyota","Toyota Aygo",6,"8500","Manual","Petrol",51500
"toyota","Toyota Aygo",6,"11740","Manual","Petrol",13724
"toyota","Toyota Aygo",6,"9000","Manual","Petrol",36000
"toyota","Toyota Aygo",6,"11980","Manual","Petrol",49980
"toyota","Toyota Aygo",6,"11998","Manual","Petrol",52050
"toyota","Toyota Aygo",6,"9500","Manual","Petrol",28000
"toyota","Toyota Aygo",6,"5199","Manual","Petrol",157500
"toyota","Toyota Aygo",6,"9990","Manual","Petrol",43500
"toyota","Toyota Aygo",6,"7700","Manual","Petrol",29000
"toyota","Toyota Aygo",6,"9990","Manual","Petrol",28500
"toyota","Toyota Aygo",6,"9999","Manual","Petrol",45000
"toyota","Toyota Aygo",6,"8500","Manual","Petrol",103000
"toyota","Toyota Aygo",6,"9750","Manual","Petrol",68500
"toyota","Toyota Aygo",6,"9970","Manual","Petrol",40750
"toyota","Toyota Aygo",6,"15950","Manual","Petrol",37575
"toyota","Toyota Aygo",6,"10900","Manual","Petrol",50000
"toyota","Toyota Aygo",5,"15590","Automatic","Petrol",42500
"toyota","Toyota Aygo",5,"12900","Manual","Petrol",7324
"toyota","Toyota Aygo",5,"12790","Manual","Petrol",58500
"toyota","Toyota Aygo",5,"11440","Manual","Petrol",29176
"toyota","Toyota Aygo",5,"9999","Manual","Petrol",38000
"toyota","Toyota Aygo",5,"10950","Manual","Petrol",35000
"toyota","Toyota Aygo",5,"12890","Manual","Petrol",36100
"toyota","Toyota Aygo",5,"12950","Manual","Petrol",15765
"toyota","Toyota Aygo",5,"12590","Manual","Petrol",19893
"toyota","Toyota Aygo",5,"13490","Manual","Petrol",22900
"toyota","Toyota Aygo",5,"11890","Manual","Petrol",60278
"toyota","Toyota Aygo",5,"11885","Manual","Petrol",60293
"toyota","Toyota Aygo",5,"12299","Manual","Petrol",24000
"toyota","Toyota Aygo",5,"9900","Manual","Petrol",55000
"toyota","Toyota Aygo",5,"11299","Manual","Petrol",21000
"toyota","Toyota Aygo",5,"12450","Manual","Petrol",46162
"toyota","Toyota Aygo",5,"10990","Manual","Petrol",22917
"toyota","Toyota Aygo",5,"10150","Manual","Petrol",52715
"toyota","Toyota Aygo",5,"11950","Manual","Petrol",19300
"toyota","Toyota Aygo",5,"9997","Manual","Petrol",63000
"toyota","Toyota Aygo",5,"9890","Manual","Petrol",45510
"toyota","Toyota Aygo",5,"11400","Manual","Petrol",23250
"toyota","Toyota Aygo",5,"10890","Manual","Petrol",69100
"toyota","Toyota Aygo",5,"10799","Manual","Petrol",27900
"toyota","Toyota Aygo",5,"12980","Manual","Petrol",29186
"toyota","Toyota Aygo",5,"12490","Manual","Petrol",24500
"toyota","Toyota Aygo",5,"11250","Manual","Petrol",46500
"toyota","Toyota Aygo",5,"11950","Manual","Petrol",24100
"toyota","Toyota Aygo",5,"10000","Manual","Petrol",36000
"toyota","Toyota Aygo",5,"11150","Manual","Petrol",28100
"toyota","Toyota Aygo",5,"11590","Manual","Petrol",57031
"toyota","Toyota Aygo",5,"12390","Manual","Petrol",31900
"toyota","Toyota Aygo",5,"9230","Manual","Petrol",59906
"toyota","Toyota Aygo",5,"11590","Manual","Petrol",27923
"toyota","Toyota Aygo",5,"12950","Automatic","Petrol",24650
"toyota","Toyota Aygo",5,"11890","Manual","Petrol",25300
"toyota","Toyota Aygo",5,"12990","Manual","Petrol",27905
"toyota","Toyota Aygo",5,"9990","Manual","Petrol",46803
"toyota","Toyota Aygo",5,"11200","Manual","Petrol",28000
"toyota","Toyota Aygo",5,"6790","Manual","Petrol",88000
"toyota","Toyota Aygo",5,"7400","Manual","Petrol",88500
"toyota","Toyota Aygo",5,"10870","Manual","Petrol",1850
"toyota","Toyota Aygo",5,"8590","Manual","Petrol",57997
"toyota","Toyota Aygo",5,"12390","Manual","Petrol",26190
"toyota","Toyota Aygo",5,"9990","Manual","Petrol",50982
"toyota","Toyota Aygo",5,"9999","Manual","Petrol",69300
"toyota","Toyota Aygo",5,"13220","Automatic","Petrol",40700
"toyota","Toyota Aygo",5,"13220","Automatic","Petrol",40700
"toyota","Toyota Aygo",5,"9999","Manual","Petrol",19820
"toyota","Toyota Aygo",5,"9980","Manual","Petrol",53661
"toyota","Toyota Aygo",5,"9360","Manual","Petrol",55314
"toyota","Toyota Aygo",5,"12000","Automatic","Petrol",8061
"toyota","Toyota Aygo",5,"10870","Manual","Petrol",1850
"toyota","Toyota Aygo",5,"12490","Manual","Petrol",31801
"toyota","Toyota Aygo",5,"11990","Manual","Petrol",68602
"toyota","Toyota Aygo",5,"13000","Manual","Petrol",22136
"toyota","Toyota Aygo",5,"22990","Manual","Petrol",30871
"toyota","Toyota Aygo",5,"16880","Manual","Petrol",65083
"toyota","Toyota Aygo",5,"21490","Manual","Petrol",63848
"toyota","Toyota Aygo",5,"9390","Manual","Petrol",16300
"toyota","Toyota Aygo",5,"10990","Manual","Petrol",18600
"toyota","Toyota Aygo",5,"8700","Manual","Petrol",65000
"toyota","Toyota Aygo",5,"10870","Manual","Petrol",1850
"toyota","Toyota Aygo",4,"11790","Manual","Petrol",22000
"toyota","Toyota Aygo",4,"13000","Manual","Petrol",21900
"toyota","Toyota Aygo",4,"12480","Manual","Petrol",13428
"toyota","Toyota Aygo",4,"13690","Manual","Petrol",19500
"toyota","Toyota Aygo",4,"13480","Manual","Petrol",12490
"toyota","Toyota Aygo",4,"10770","Manual","Petrol",50050
"toyota","Toyota Aygo",4,"11450","Manual","Petrol",49850
"toyota","Toyota Aygo",4,"13888","Manual","Petrol",20000
"toyota","Toyota Aygo",4,"9900","Manual","Petrol",43400
"toyota","Toyota Aygo",4,"11890","Manual","Petrol",16825
"toyota","Toyota Aygo",4,"11790","Manual","Petrol",23375
"toyota","Toyota Aygo",4,"8990","Manual","Petrol",63294
"toyota","Toyota Aygo",4,"14310","Automatic","Petrol",43275
"toyota","Toyota Aygo",4,"11100","Manual","Petrol",55000
"toyota","Toyota Aygo",4,"13499","Manual","Petrol",7690
"toyota","Toyota Aygo",4,"12490","Manual","Petrol",24213
"toyota","Toyota Aygo",4,"10790","Manual","Petrol",28162
"toyota","Toyota Aygo",4,"12280","Manual","Petrol",14653
"toyota","Toyota Aygo",4,"12990","Manual","Petrol",22370
"toyota","Toyota Aygo",4,"12390","Manual","Petrol",29104
"toyota","Toyota Aygo",4,"10490","Manual","Petrol",35440
"toyota","Toyota Aygo",4,"14590","Manual","Petrol",9186
"toyota","Toyota Aygo",4,"11990","Manual","Petrol",10550
"toyota","Toyota Aygo",4,"13500","Manual","Petrol",8900
"toyota","Toyota Aygo",4,"14990","Automatic","Petrol",17151
"toyota","Toyota Aygo",4,"11850","Manual","Petrol",26023
"toyota","Toyota Aygo",4,"8590","Manual","Petrol",65341
"toyota","Toyota Aygo",4,"21590","Manual","Petrol",26063
"toyota","Toyota Aygo",4,"12990","Manual","Petrol",30423
"toyota","Toyota Aygo",4,"14480","Automatic","Petrol",4510
"toyota","Toyota Aygo",4,"12880","Manual","Petrol",23268
"toyota","Toyota Aygo",4,"14290","Automatic","Petrol",32500
"toyota","Toyota Aygo",4,"10990","Manual","Petrol",50664
"toyota","Toyota Aygo",4,"12890","Manual","Petrol",36545
"toyota","Toyota Aygo",4,"12890","Manual","Petrol",5800
"toyota","Toyota Aygo",4,"13488","Manual","Petrol",9648
"toyota","Toyota Aygo",4,"11990","Manual","Petrol",39245
"toyota","Toyota Aygo",4,"11690","Manual","Petrol",37856
"toyota","Toyota Aygo",4,"12490","Manual","Petrol",15074
"toyota","Toyota Aygo",4,"12490","Manual","Petrol",14323
"toyota","Toyota Aygo",4,"11990","Manual","Petrol",29051
"toyota","Toyota Aygo",4,"11790","Manual","Petrol",26812
"toyota","Toyota Aygo",4,"11990","Manual","Petrol",26951
"toyota","Toyota Aygo",4,"13450","Manual","Petrol",10780
"toyota","Toyota Aygo",4,"14990","Automatic","Petrol",20723
"toyota","Toyota Aygo",4,"13190","Manual","Petrol",18800
"toyota","Toyota Aygo",4,"13780","Manual","Petrol",24415
"toyota","Toyota Aygo",4,"10990","Manual","Petrol",51196
"toyota","Toyota Aygo",4,"13490","Manual","Petrol",25378
"toyota","Toyota Aygo",4,"14990","Automatic","Petrol",23741
"toyota","Toyota Aygo",4,"10880","Manual","Petrol",31090
"toyota","Toyota Aygo",4,"12990","Automatic","Petrol",62750
"toyota","Toyota Aygo",4,"10870","Manual","Petrol",55865
"toyota","Toyota Aygo",4,"10890","Manual","Petrol",65169
"toyota","Toyota Aygo",4,"12990","Manual","Petrol",25591
"toyota","Toyota Aygo",4,"11990","Manual","Petrol",46874
"toyota","Toyota Aygo",4,"11990","Manual","Petrol",48469
"toyota","Toyota Aygo",4,"11990","Manual","Petrol",56197
"toyota","Toyota Aygo",4,"10990","Manual","Petrol",8800
"toyota","Toyota Aygo",4,"9960","Manual","Petrol",51800
"toyota","Toyota Aygo",4,"10888","Manual","Petrol",19546
"toyota","Toyota Aygo",4,"12950","Automatic","Petrol",41400
"toyota","Toyota Aygo",4,"10888","Manual","Petrol",25000
"toyota","Toyota Aygo",4,"13700","Automatic","Petrol",27124
"toyota","Toyota Aygo",4,"12990","Manual","Petrol",48800
"toyota","Toyota Aygo",4,"11890","Manual","Petrol",45000
"toyota","Toyota Aygo",4,"11880","Manual","Petrol",32579
"toyota","Toyota Aygo",4,"10450","Manual","Petrol",48530
"toyota","Toyota Aygo",4,"10450","Manual","Petrol",48530
"toyota","Toyota Aygo",4,"12450","Manual","Petrol",21545
"toyota","Toyota Aygo",4,"12880","Manual","Petrol",24279
"toyota","Toyota Aygo",4,"12885","Manual","Petrol",28292
"toyota","Toyota Aygo",4,"12990","Manual","Petrol",16322
"toyota","Toyota Aygo",4,"12990","Manual","Petrol",35801
"toyota","Toyota Aygo",3,"15000","Automatic","Petrol",21135
"toyota","Toyota Aygo",3,"10700","Manual","Petrol",18500
"toyota","Toyota Aygo",3,"13490","Manual","Petrol",29252
"toyota","Toyota Aygo",3,"11990","Manual","Petrol",34957
"toyota","Toyota Aygo",3,"11490","Manual","Petrol",23719
"toyota","Toyota Aygo",3,"11780","Manual","Petrol",32042
"toyota","Toyota Aygo",3,"13900","Manual","Petrol",1500
"toyota","Toyota Aygo",3,"12760","Manual","Petrol",56781
"toyota","Toyota Aygo",3,"12760","Manual","Petrol",56960
"toyota","Toyota Aygo",3,"14900","Manual","Petrol",12600
"toyota","Toyota Aygo",3,"8999","Manual","Petrol",18900
"toyota","Toyota Aygo",3,"10100","Manual","Petrol",68932
"toyota","Toyota Aygo",3,"11300","Manual","Petrol",14000
"toyota","Toyota Aygo",3,"12000","Manual","Petrol",14593
"toyota","Toyota Aygo",3,"10800","Manual","Petrol",39500
"toyota","Toyota Aygo",3,"13980","Manual","Petrol",11034
"toyota","Toyota Aygo",3,"13980","Manual","Petrol",11577
"toyota","Toyota Aygo",3,"13962","Manual","Petrol",5507
"toyota","Toyota Aygo",3,"14450","Manual","Petrol",26500
"toyota","Toyota Aygo",3,"15150","Manual","Petrol",20909
"toyota","Toyota Aygo",3,"8490","Manual","Petrol",68539
"toyota","Toyota Aygo",3,"11490","Manual","Petrol",30500
"toyota","Toyota Aygo",3,"12290","Manual","Petrol",16500
"toyota","Toyota Aygo",3,"11349","Manual","Petrol",39998
"toyota","Toyota Aygo",3,"11950","Manual","Petrol",33410
"toyota","Toyota Aygo",3,"10900","Manual","Petrol",3600
"toyota","Toyota Aygo",3,"14490","Manual","Petrol",13560
"toyota","Toyota Aygo",2,"18490","Manual","Petrol",1000
"toyota","Toyota Aygo",2,"16490","Manual","Petrol",4500
"toyota","Toyota Aygo",2,"19180","Manual","Petrol",5
"toyota","Toyota Aygo",2,"21290","Automatic","Petrol",500
"toyota","Toyota Aygo",2,"17890","Manual","Petrol",3491
"toyota","Toyota Aygo",2,"18480","Manual","Petrol",500
"toyota","Toyota Aygo",2,"17598","Manual","Petrol",3200
"toyota","Toyota Aygo",2,"18995","Manual","Petrol",1295
"toyota","Toyota Aygo",2,"18990","Automatic","Petrol",5
"toyota","Toyota Aygo",2,"19590","Manual","Petrol",500
"toyota","Toyota Aygo",2,"19490","Automatic","Petrol",20
"toyota","Toyota Aygo",2,"20790","Manual","Petrol",2200
"toyota","Toyota Aygo",2,"20500","Manual","Petrol",15150
"toyota","Toyota Aygo",2,"20197","Automatic","Petrol",10
"toyota","Toyota Aygo",2,"21470","Manual","Petrol",10
"toyota","Toyota Aygo",2,"16990","Manual","Petrol",6712
"toyota","Toyota Aygo",2,"17990","Manual","Petrol",5
"toyota","Toyota Aygo",2,"18490","Manual","Petrol",10
"toyota","Toyota Aygo",2,"15990","Manual","Petrol",22500
"toyota","Toyota Aygo",2,"16990","Manual","Petrol",5000
"toyota","Toyota Aygo",2,"22490","Automatic","Petrol",10
"toyota","Toyota Aygo",2,"16990","Manual","Petrol",8500
"toyota","Toyota Aygo",2,"20410","Manual","Petrol",5000
"toyota","Toyota Aygo",2,"17890","Manual","Petrol",5
"toyota","Toyota Aygo",2,"19900","Manual","Petrol",2000
"toyota","Toyota Aygo",2,"19099","Manual","Petrol",1699
"toyota","Toyota Aygo",2,"16550","Manual","Petrol",3800
"toyota","Toyota Aygo",2,"17950","Manual","Petrol",4500
"toyota","Toyota Aygo",2,"18490","Automatic","Petrol",50
"toyota","Toyota Aygo",2,"19990","Manual","Petrol",9500
"toyota","Toyota Aygo",2,"18990","Manual","Petrol",7990
"toyota","Toyota Aygo",2,"28756","Automatic","Petrol",10
"toyota","Toyota Aygo",2,"27990","Manual","Petrol",1500
"toyota","Toyota Aygo",2,"19420","Automatic","Petrol",2850
"toyota","Toyota Aygo",2,"20890","Automatic","Petrol",8800
"toyota","Toyota Aygo",2,"19990","Manual","Petrol",2490
"toyota","Toyota Aygo",2,"18590","Automatic","Petrol",10
"toyota","Toyota Aygo",2,"16970","Manual","Petrol",6000
"toyota","Toyota Aygo",2,"16840","Manual","Petrol",9169
"toyota","Toyota Aygo",2,"29450","Automatic","Petrol",2
"toyota","Toyota Aygo",2,"27890","Manual","Petrol",5000
"toyota","Toyota Aygo",2,"24850","Manual","Petrol",1900
"toyota","Toyota Aygo",2,"17680","Manual","Petrol",7600
"toyota","Toyota Aygo",2,"19890","Manual","Petrol",1000
"toyota","Toyota Aygo",2,"27980","Manual","Petrol",8500
"toyota","Toyota Aygo",2,"69290","Manual","Petrol",10
"toyota","Toyota Aygo",2,"18899","Manual","Petrol",17841
"toyota","Toyota Aygo",2,"19800","Manual","Petrol",1699
"toyota","Toyota Aygo",2,"21670","Manual","Petrol",2500
"toyota","Toyota Aygo",2,"17990","Manual","Petrol",2000
"toyota","Toyota Aygo",2,"15980","Manual","Petrol",4500
"toyota","Toyota Aygo",2,"19470","Automatic","Petrol",10
"toyota","Toyota Aygo",2,"20270","Manual","Petrol",5000
"toyota","Toyota Aygo",2,"19960","Automatic","Petrol",6000
"toyota","Toyota Aygo",2,"18810","Automatic","Petrol",4160
"toyota","Toyota Aygo",2,"19360","Manual","Petrol",300
"toyota","Toyota Aygo",2,"17890","Manual","Petrol",3500
"toyota","Toyota Aygo",2,"18390","Manual","Petrol",4239
"toyota","Toyota Aygo",2,"19960","Automatic","Petrol",11000
"toyota","Toyota Aygo",2,"18899","Manual","Petrol",1995
"toyota","Toyota Aygo",2,"19930","Automatic","Petrol",5
"toyota","Toyota Aygo",2,"19490","Automatic","Petrol",999
"toyota","Toyota Aygo",2,"18850","Manual","Petrol",2500
"toyota","Toyota Aygo",2,"19910","Automatic","Petrol",5
"toyota","Toyota Aygo",2,"19099","Manual","Petrol",1995
"toyota","Toyota Aygo",2,"18490","Manual","Petrol",15
"toyota","Toyota Aygo",2,"18990","Manual","Petrol",9500
"toyota","Toyota Aygo",2,"18990","Manual","Petrol",4900
"toyota","Toyota Aygo",2,"18750","Manual","Petrol",6500
"toyota","Toyota Aygo",2,"18950","Manual","Petrol",171
"toyota","Toyota Aygo",2,"20990","Manual","Petrol",3500
"toyota","Toyota Aygo",2,"21160","Manual","Petrol",10
"toyota","Toyota Aygo",2,"16440","Manual","Petrol",6800
"toyota","Toyota Aygo",2,"16440","Manual","Petrol",3688
"toyota","Toyota Aygo",2,"17740","Manual","Petrol",5000
"toyota","Toyota Aygo",2,"17990","Automatic","Petrol",4000
"toyota","Toyota Aygo",2,"22240","Manual","Petrol",5000
"toyota","Toyota Aygo",2,"20375","Automatic","Petrol",2785
"toyota","Toyota Aygo",2,"20375","Automatic","Petrol",1787
"toyota","Toyota Aygo",2,"20490","Automatic","Petrol",5900
"toyota","Toyota Aygo",2,"17950","Manual","Petrol",4500
"toyota","Toyota Aygo",2,"18850","Manual","Petrol",150
"toyota","Toyota Aygo",2,"18899","Manual","Petrol",2121
"toyota","Toyota Aygo",2,"19790","Automatic","Petrol",200
"toyota","Toyota Aygo",2,"17990","Manual","Petrol",5250
"toyota","Toyota Aygo",2,"19280","Automatic","Petrol",10
"toyota","Toyota Aygo",2,"19490","Manual","Petrol",20
"toyota","Toyota Aygo",2,"19480","Manual","Petrol",1739
"toyota","Toyota Aygo",2,"19250","Automatic","Petrol",5
"toyota","Toyota Aygo",2,"18950","Manual","Petrol",10
"toyota","Toyota Aygo",2,"18680","Manual","Petrol",22
"toyota","Toyota Aygo",2,"18490","Manual","Petrol",5
"toyota","Toyota Aygo",2,"21890","Manual","Petrol",6500
"toyota","Toyota Aygo",2,"18280","Manual","Petrol",10
"toyota","Toyota Aygo",2,"19490","Automatic","Petrol",8000
"toyota","Toyota Aygo",2,"38990","Manual","Petrol",5
"toyota","Toyota Aygo",2,"29660","Manual","Petrol",4500
"toyota","Toyota Aygo",2,"27980","Manual","Petrol",3500
"toyota","Toyota Aygo",2,"18680","Manual","Petrol",3464
"toyota","Toyota Aygo",2,"18480","Manual","Petrol",2500
"toyota","Toyota Aygo",2,"17490","Manual","Petrol",5
"toyota","Toyota Aygo",2,"17666","Manual","Petrol",50
"toyota","Toyota Aygo",2,"18990","Manual","Petrol",10
"toyota","Toyota Aygo",2,"17700","Manual","Petrol",15
"toyota","Toyota Aygo",2,"18590","Automatic","Petrol",10
"toyota","Toyota Aygo",2,"16990","Manual","Petrol",15
"toyota","Toyota Aygo",2,"20890","Manual","Petrol",11
"toyota","Toyota Aygo",2,"17390","Manual","Petrol",3500
"toyota","Toyota Aygo",2,"17390","Manual","Petrol",15
"toyota","Toyota Aygo",2,"17390","Manual","Petrol",15
"toyota","Toyota Aygo",2,"17470","Manual","Petrol",15
"toyota","Toyota Aygo",2,"17590","Manual","Petrol",15
"toyota","Toyota Aygo",2,"18900","Manual","Petrol",100
"toyota","Toyota Aygo",2,"20950","Manual","Petrol",2000
"toyota","Toyota Aygo",2,"20175","Automatic","Petrol",1787
"toyota","Toyota Aygo",2,"20175","Automatic","Petrol",2785
"toyota","Toyota Aygo",2,"17990","Manual","Petrol",11000
"toyota","Toyota Aygo",2,"19950","Manual","Petrol",4850
"toyota","Toyota Aygo",2,"19790","Manual","Petrol",1490
"toyota","Toyota Aygo",2,"19849","Manual","Petrol",7500
"toyota","Toyota Aygo",2,"19680","Manual","Petrol",10
"toyota","Toyota Aygo",2,"17740","Manual","Petrol",5
"toyota","Toyota Aygo",2,"19980","Manual","Petrol",5000
"toyota","Toyota Aygo",2,"19980","Automatic","Petrol",5000
"toyota","Toyota Aygo",2,"22240","Manual","Petrol",8500
"toyota","Toyota Aygo",2,"20590","Manual","Petrol",5000
"toyota","Toyota Aygo",2,"19350","Automatic","Petrol",10500
"toyota","Toyota Aygo",2,"20960","Manual","Petrol",2734
"toyota","Toyota Aygo",2,"16950","Manual","Petrol",695
"toyota","Toyota Aygo",2,"15910","Manual","Petrol",955
"toyota","Toyota Aygo",2,"11850","Manual","Petrol",8490
"toyota","Toyota Aygo",1,"23180","Manual","Petrol",0
"toyota","Toyota Aygo",1,"16980","Automatic","Petrol",15
"toyota","Toyota Aygo",1,"18790","Manual","Petrol",15
"toyota","Toyota Aygo",1,"16980","Manual","Petrol",25
"toyota","Toyota Aygo",1,"18790","Manual","Petrol",15
"toyota","Toyota Aygo",1,"22730","Manual","Petrol",3000
"toyota","Toyota Aygo",1,"22480","Manual","Petrol",2500
"toyota","Toyota Aygo",1,"17490","Manual","Petrol",15
"toyota","Toyota Aygo",1,"17490","Manual","Petrol",15
"toyota","Toyota Aygo",1,"21570","Manual","Petrol",5000
"toyota","Toyota Aygo",1,"21550","Manual","Petrol",10
"toyota","Toyota Aygo",1,"19690","Manual","Petrol",10
"toyota","Toyota Aygo",1,"22280","Manual","Petrol",2500
"toyota","Toyota Aygo",1,"21590","Manual","Petrol",10
"toyota","Toyota Aygo",1,"18100","Manual","Petrol",500
"toyota","Toyota Aygo",1,"18490","Automatic","Petrol",20
"toyota","Toyota Aygo",1,"21950","Manual","Petrol",2500
"toyota","Toyota Aygo",1,"17648","Manual","Petrol",5
"toyota","Toyota Aygo",1,"16690","Manual","Petrol",10
"toyota","Toyota Aygo",1,"17890","Manual","Petrol",50
"toyota","Toyota Aygo",1,"18820","Manual","Petrol",2500
"toyota","Toyota Aygo",1,"19490","Manual","Petrol",200
"toyota","Toyota Aygo",1,"19490","Automatic","Petrol",5
"toyota","Toyota Aygo",1,"19950","Manual","Petrol",2500
"toyota","Toyota Aygo",1,"16790","Manual","Petrol",15
"toyota","Toyota Aygo",1,"16790","Manual","Petrol",15
"toyota","Toyota Aygo",1,"41390","Manual","Petrol",750
"toyota","Toyota Aygo",1,"34890","Manual","Petrol",500
"toyota","Toyota Aygo",1,"20650","Manual","Petrol",2500
"toyota","Toyota Aygo",1,"40980","Automatic","Petrol",15
"toyota","Toyota Aygo",1,"18548","Manual","Petrol",452
"toyota","Toyota Aygo",1,"19490","Manual","Petrol",10
"toyota","Toyota Aygo",1,"18900","Automatic","Petrol",150
"toyota","Toyota Aygo",1,"17490","Manual","Petrol",2500
"toyota","Toyota Aygo",1,"19750","Automatic","Petrol",5
"toyota","Toyota Aygo",1,"19444","Manual","Petrol",10
"toyota","Toyota Aygo",1,"16690","Manual","Petrol",10
"toyota","Toyota Aygo",1,"17690","Manual","Petrol",10
"toyota","Toyota Aygo",1,"17390","Manual","Petrol",5
"toyota","Toyota Aygo",1,"15980","Manual","Petrol",10
"toyota","Toyota Aygo",1,"14890","Manual","Petrol",15
"toyota","Toyota Aygo",1,"17480","Manual","Petrol",82
"toyota","Toyota Aygo",1,"18250","Manual","Petrol",215
"toyota","Toyota Aygo",1,"22490","Automatic","Petrol",5
