"brand","model","year","price_in_euro","transmission_type","fuel_type","mileage_in_km"
"toyota","Toyota Avensis",21,"3990","Manual","Diesel",223000
"toyota","Toyota Avensis",21,"2500","Manual","Diesel",199112
"toyota","Toyota Avensis",21,"3000","Manual","Petrol",233518
"toyota","Toyota Avensis",21,"2599","Manual","Petrol",210000
"toyota","Toyota Avensis",21,"2500","Manual","Diesel",272763
"toyota","Toyota Avensis",20,"3499","Automatic","Petrol",101100
"toyota","Toyota Avensis",20,"3799","Automatic","Petrol",187630
"toyota","Toyota Avensis",20,"2900","Manual","Petrol",203000
"toyota","Toyota Avensis",20,"5550","Automatic","Petrol",206489
"toyota","Toyota Avensis",20,"4700","Automatic","Petrol",120579
"toyota","Toyota Avensis",19,"1400","Manual","Diesel",215000
"toyota","Toyota Avensis",19,"3000","Manual","Diesel",193850
"toyota","Toyota Avensis",19,"2700","Manual","Petrol",146009
"toyota","Toyota Avensis",19,"3990","Manual","Petrol",153225
"toyota","Toyota Avensis",19,"3500","Manual","Petrol",199000
"toyota","Toyota Avensis",19,"5200","Manual","Petrol",171317
"toyota","Toyota Avensis",19,"14950","Automatic","Petrol",71360
"toyota","Toyota Avensis",19,"5990","Manual","Petrol",117458
"toyota","Toyota Avensis",18,"3500","Manual","Diesel",264000
"toyota","Toyota Avensis",18,"3500","Manual","Diesel",267280
"toyota","Toyota Avensis",18,"1400","Manual","Diesel",391000
"toyota","Toyota Avensis",18,"1999","Manual","Diesel",211850
"toyota","Toyota Avensis",18,"1998","Manual","Diesel",332500
"toyota","Toyota Avensis",18,"1685","Manual","Diesel",255000
"toyota","Toyota Avensis",18,"2350","Manual","Diesel",332000
"toyota","Toyota Avensis",18,"2200","Automatic","Petrol",277000
"toyota","Toyota Avensis",18,"1790","Manual","Diesel",258995
"toyota","Toyota Avensis",18,"6990","Manual","Petrol",95000
"toyota","Toyota Avensis",18,"4999","Manual","Petrol",186500
"toyota","Toyota Avensis",18,"3499","Manual","Petrol",199400
"toyota","Toyota Avensis",18,"6499","Manual","Petrol",57900
"toyota","Toyota Avensis",18,"12000","Automatic","Petrol",73700
"toyota","Toyota Avensis",18,"1900","Manual","Diesel",344000
"toyota","Toyota Avensis",18,"2899","Manual","Diesel",274000
"toyota","Toyota Avensis",18,"6599","Manual","Diesel",113550
"toyota","Toyota Avensis",18,"3990","Manual","Petrol",206490
"toyota","Toyota Avensis",17,"4500","Manual","Diesel",250000
"toyota","Toyota Avensis",17,"1890","Manual","Diesel",214000
"toyota","Toyota Avensis",17,"2999","Manual","Diesel",180000
"toyota","Toyota Avensis",17,"4500","Manual","Diesel",213000
"toyota","Toyota Avensis",17,"2700","Manual","Diesel",272391
"toyota","Toyota Avensis",16,"1450","Manual","Diesel",400613
"toyota","Toyota Avensis",16,"5500","Manual","Petrol",150500
"toyota","Toyota Avensis",16,"2200","Manual","Diesel",357000
"toyota","Toyota Avensis",15,"6799","Manual","Diesel",123450
"toyota","Toyota Avensis",15,"8500","Automatic","Petrol",134000
"toyota","Toyota Avensis",15,"8450","Manual","Petrol",147172
"toyota","Toyota Avensis",15,"4899","Manual","Diesel",225000
"toyota","Toyota Avensis",15,"7950","Automatic","Diesel",265000
"toyota","Toyota Avensis",15,"7000","Manual","Diesel",169000
"toyota","Toyota Avensis",15,"5399","Manual","Diesel",230000
"toyota","Toyota Avensis",15,"9999","Manual","Petrol",148737
"toyota","Toyota Avensis",15,"8899","Automatic","Petrol",98000
"toyota","Toyota Avensis",15,"5999","Manual","Diesel",221900
"toyota","Toyota Avensis",15,"11980","Automatic","Petrol",40175
"toyota","Toyota Avensis",15,"2499","Manual","Diesel",205000
"toyota","Toyota Avensis",15,"6499","Automatic","Petrol",179400
"toyota","Toyota Avensis",15,"3700","Manual","Diesel",181000
"toyota","Toyota Avensis",15,"10999","Manual","Petrol",40000
"toyota","Toyota Avensis",15,"3900","Manual","Diesel",290000
"toyota","Toyota Avensis",15,"6990","Manual","Petrol",177600
"toyota","Toyota Avensis",15,"9000","Manual","Petrol",99557
"toyota","Toyota Avensis",14,"7450","Manual","Petrol",173000
"toyota","Toyota Avensis",14,"4490","Manual","Diesel",247000
"toyota","Toyota Avensis",14,"7450","Manual","Petrol",173000
"toyota","Toyota Avensis",14,"5500","Manual","Diesel",199000
"toyota","Toyota Avensis",14,"8900","Manual","Petrol",84596
"toyota","Toyota Avensis",14,"7450","Manual","Diesel",141400
"toyota","Toyota Avensis",14,"7450","Manual","Petrol",173000
"toyota","Toyota Avensis",14,"7450","Manual","Petrol",173000
"toyota","Toyota Avensis",14,"7450","Manual","Petrol",173000
"toyota","Toyota Avensis",14,"6850","Automatic","Diesel",223000
"toyota","Toyota Avensis",14,"5900","Manual","Diesel",229612
"toyota","Toyota Avensis",14,"6899","Manual","Petrol",179000
"toyota","Toyota Avensis",14,"8000","Manual","Petrol",135000
"toyota","Toyota Avensis",14,"7450","Manual","Petrol",173000
"toyota","Toyota Avensis",14,"6450","Manual","Diesel",212700
"toyota","Toyota Avensis",14,"10899","Automatic","Petrol",83800
"toyota","Toyota Avensis",14,"7450","Manual","Petrol",173000
"toyota","Toyota Avensis",14,"9990","Manual","Petrol",101800
"toyota","Toyota Avensis",14,"8800","Manual","Petrol",1e+05
"toyota","Toyota Avensis",14,"7450","Manual","Petrol",173000
"toyota","Toyota Avensis",14,"7450","Manual","Petrol",173000
"toyota","Toyota Avensis",14,"8200","Manual","Petrol",2e+05
"toyota","Toyota Avensis",14,"7450","Manual","Petrol",173000
"toyota","Toyota Avensis",14,"7000","Automatic","Diesel",222568
"toyota","Toyota Avensis",14,"9930","Manual","Petrol",112990
"toyota","Toyota Avensis",14,"4900","Manual","Diesel",247800
"toyota","Toyota Avensis",14,"7450","Manual","Petrol",173000
"toyota","Toyota Avensis",14,"12800","Automatic","Diesel",45700
"toyota","Toyota Avensis",14,"6750","Manual","Diesel",184000
"toyota","Toyota Avensis",14,"9950","Manual","Petrol",98600
"toyota","Toyota Avensis",14,"7450","Manual","Petrol",173000
"toyota","Toyota Avensis",14,"8900","Automatic","Petrol",179000
"toyota","Toyota Avensis",14,"7450","Manual","Petrol",173000
"toyota","Toyota Avensis",14,"9500","Automatic","Diesel",152000
"toyota","Toyota Avensis",14,"7450","Manual","Petrol",173000
"toyota","Toyota Avensis",14,"7450","Manual","Petrol",173000
"toyota","Toyota Avensis",13,"9700","Manual","Diesel",142000
"toyota","Toyota Avensis",13,"8990","Manual","Petrol",190178
"toyota","Toyota Avensis",13,"5990","Manual","Diesel",207850
"toyota","Toyota Avensis",13,"9500","Manual","Petrol",111000
"toyota","Toyota Avensis",13,"5990","Manual","Petrol",223000
"toyota","Toyota Avensis",13,"10900","Manual","Petrol",131664
"toyota","Toyota Avensis",13,"11450","Manual","Petrol",130415
"toyota","Toyota Avensis",12,"11999","Automatic","Petrol",157550
"toyota","Toyota Avensis",12,"11999","Automatic","Petrol",157550
"toyota","Toyota Avensis",12,"5999","Manual","Diesel",256170
"toyota","Toyota Avensis",12,"7199","Manual","Diesel",192882
"toyota","Toyota Avensis",12,"8700","Automatic","Diesel",220000
"toyota","Toyota Avensis",12,"4200","Manual","Petrol",83000
"toyota","Toyota Avensis",12,"6500","Manual","Diesel",190000
"toyota","Toyota Avensis",12,"11990","Manual","Diesel",55000
"toyota","Toyota Avensis",12,"14850","Manual","Petrol",58000
"toyota","Toyota Avensis",12,"7300","Manual","Diesel",215000
"toyota","Toyota Avensis",12,"5650","Automatic","Diesel",273400
"toyota","Toyota Avensis",12,"20500","Manual","Diesel",250000
"toyota","Toyota Avensis",12,"10690","Manual","Diesel",115000
"toyota","Toyota Avensis",12,"8499","Manual","Petrol",216229
"toyota","Toyota Avensis",12,"6700","Manual","Diesel",202517
"toyota","Toyota Avensis",12,"6290","Automatic","Diesel",130050
"toyota","Toyota Avensis",11,"11200","Manual","Diesel",173000
"toyota","Toyota Avensis",11,"9890","Manual","Diesel",147435
"toyota","Toyota Avensis",11,"9800","Automatic","Diesel",183000
"toyota","Toyota Avensis",11,"8450","Manual","Diesel",189763
"toyota","Toyota Avensis",11,"9900","Manual","Diesel",231450
"toyota","Toyota Avensis",11,"14930","Manual","Petrol",83493
"toyota","Toyota Avensis",11,"11399","Manual","Diesel",109697
"toyota","Toyota Avensis",10,"10600","Manual","Diesel",141460
"toyota","Toyota Avensis",10,"15900","Automatic","Petrol",53000
"toyota","Toyota Avensis",10,"15990","Manual","Petrol",55084
"toyota","Toyota Avensis",10,"9500","Manual","Diesel",163067
"toyota","Toyota Avensis",10,"15990","Manual","Petrol",51000
"toyota","Toyota Avensis",9,"14950","Manual","Petrol",120187
"toyota","Toyota Avensis",9,"7200","Manual","Diesel",350000
"toyota","Toyota Avensis",9,"18990","Manual","Petrol",58628
"toyota","Toyota Avensis",9,"12000","Manual","Diesel",125000
"toyota","Toyota Avensis",9,"17500","Manual","Diesel",94578
"toyota","Toyota Avensis",9,"16666","Manual","Petrol",50000
"toyota","Toyota Avensis",9,"18490","Manual","Petrol",48077
"toyota","Toyota Avensis",9,"13990","Manual","Diesel",84000
"toyota","Toyota Avensis",8,"12890","Manual","Diesel",140687
"toyota","Toyota Avensis",8,"15850","Automatic","Petrol",87000
"toyota","Toyota Avensis",8,"16500","Automatic","Petrol",83559
"toyota","Toyota Avensis",8,"13990","Manual","Diesel",92420
"toyota","Toyota Avensis",8,"15980","Manual","Petrol",103000
"toyota","Toyota Avensis",8,"9999","Manual","Diesel",210000
"toyota","Toyota Avensis",8,"12499","Manual","Diesel",157550
"toyota","Toyota Avensis",8,"15297","Manual","Diesel",115900
"toyota","Toyota Avensis",8,"16980","Manual","Petrol",85000
"toyota","Toyota Avensis",8,"12350","Manual","Diesel",166700
"toyota","Toyota Avensis",8,"19750","Automatic","Petrol",79000
"toyota","Toyota Avensis",8,"9950","Manual","Diesel",228500
"toyota","Toyota Avensis",8,"16495","Manual","Diesel",98055
"toyota","Toyota Avensis",8,"11950","Manual","Diesel",171547
"toyota","Toyota Avensis",8,"16000","Manual","Diesel",134000
"toyota","Toyota Avensis",8,"10000","Manual","Diesel",256000
"toyota","Toyota Avensis",8,"11990","Manual","Diesel",142000
"toyota","Toyota Avensis",8,"14500","Manual","Petrol",95269
"toyota","Toyota Avensis",8,"16730","Manual","Petrol",130818
"toyota","Toyota Avensis",8,"16750","Manual","Diesel",97448
"toyota","Toyota Avensis",8,"11900","Manual","Diesel",128000
"toyota","Toyota Avensis",8,"14200","Manual","Petrol",24000
"toyota","Toyota Avensis",8,"9990","Manual","Diesel",209000
"toyota","Toyota Avensis",8,"9490","Manual","Diesel",242000
"toyota","Toyota Avensis",8,"16450","Manual","Petrol",72300
"toyota","Toyota Avensis",8,"16480","Manual","Petrol",91813
"toyota","Toyota Avensis",8,"16460","Manual","Petrol",88910
"toyota","Toyota Avensis",8,"9990","Manual","Diesel",211000
"toyota","Toyota Avensis",7,"12850","Manual","Diesel",89893
"toyota","Toyota Avensis",7,"19590","Manual","Petrol",55960
"toyota","Toyota Avensis",7,"17690","Manual","Petrol",65875
"toyota","Toyota Avensis",7,"15450","Manual","Petrol",145415
"toyota","Toyota Avensis",7,"15450","Manual","Petrol",145415
"toyota","Toyota Avensis",7,"15450","Manual","Petrol",145415
"toyota","Toyota Avensis",7,"15450","Manual","Petrol",145415
"toyota","Toyota Avensis",7,"17850","Manual","Petrol",60675
"toyota","Toyota Avensis",7,"14990","Manual","Diesel",1e+05
"toyota","Toyota Avensis",7,"17999","Automatic","Petrol",71350
"toyota","Toyota Avensis",7,"17790","Manual","Petrol",58850
"toyota","Toyota Avensis",7,"17689","Manual","Petrol",56700
"toyota","Toyota Avensis",7,"19890","Automatic","Petrol",70581
"toyota","Toyota Avensis",7,"18550","Automatic","Petrol",92760
"toyota","Toyota Avensis",7,"21990","Manual","Petrol",38143
"toyota","Toyota Avensis",7,"16000","Automatic","Petrol",280000
"toyota","Toyota Avensis",7,"18990","Automatic","Petrol",82000
"toyota","Toyota Avensis",7,"19480","Automatic","Petrol",62000
"toyota","Toyota Avensis",7,"17690","Manual","Petrol",53259
"toyota","Toyota Avensis",7,"12800","Manual","Diesel",142128
"toyota","Toyota Avensis",7,"18990","Manual","Petrol",72000
"toyota","Toyota Avensis",7,"12890","Manual","Diesel",147673
"toyota","Toyota Avensis",7,"13850","Automatic","Petrol",153900
"toyota","Toyota Avensis",7,"18970","Manual","Petrol",62664
"toyota","Toyota Avensis",7,"19990","Manual","Petrol",63391
"toyota","Toyota Avensis",7,"18920","Manual","Petrol",85000
"toyota","Toyota Avensis",6,"18987","Manual","Petrol",77860
"toyota","Toyota Avensis",6,"22490","Manual","Petrol",35200
"toyota","Toyota Avensis",6,"19980","Manual","Petrol",92100
"toyota","Toyota Avensis",6,"18990","Manual","Petrol",69893
"toyota","Toyota Avensis",6,"19049","Manual","Petrol",90255
"toyota","Toyota Avensis",6,"14995","Manual","Petrol",109375
"toyota","Toyota Avensis",6,"24950","Manual","Petrol",10000
"toyota","Toyota Avensis",6,"21000","Automatic","Petrol",53200
"toyota","Toyota Avensis",6,"19299","Manual","Petrol",88000
"toyota","Toyota Avensis",6,"19900","Automatic","Petrol",39550
"toyota","Toyota Avensis",6,"19970","Manual","Petrol",57523
"toyota","Toyota Avensis",6,"14990","Manual","Diesel",139000
"toyota","Toyota Avensis",6,"17750","Manual","Petrol",77500
"toyota","Toyota Avensis",6,"19900","Automatic","Petrol",57200
"toyota","Toyota Avensis",6,"18190","Manual","Petrol",79890
"toyota","Toyota Avensis",6,"23990","Automatic","Petrol",44200
