"brand","model","year","price_in_euro","transmission_type","fuel_type","mileage_in_km"
"toyota","Toyota Yaris",22,"2990","Manual","Petrol",97000
"toyota","Toyota Yaris",22,"2199","Manual","Petrol",295000
"toyota","Toyota Yaris",22,"1999","Manual","Petrol",160328
"toyota","Toyota Yaris",22,"1100","Manual","Petrol",102000
"toyota","Toyota Yaris",22,"2222","Manual","Petrol",111000
"toyota","Toyota Yaris",22,"1999","Manual","Petrol",137000
"toyota","Toyota Yaris",22,"1300","Manual","Petrol",152148
"toyota","Toyota Yaris",21,"4900","Manual","Petrol",94000
"toyota","Toyota Yaris",21,"5200","Automatic","Petrol",85000
"toyota","Toyota Yaris",21,"1600","Manual","Diesel",201510
"toyota","Toyota Yaris",21,"2499","Manual","Petrol",153006
"toyota","Toyota Yaris",21,"3490","Manual","Diesel",164100
"toyota","Toyota Yaris",21,"2700","Manual","Petrol",162908
"toyota","Toyota Yaris",21,"2800","Manual","Petrol",108000
"toyota","Toyota Yaris",20,"1500","Manual","Petrol",2e+05
"toyota","Toyota Yaris",20,"1790","Manual","Petrol",201850
"toyota","Toyota Yaris",20,"1000","Manual","Petrol",248000
"toyota","Toyota Yaris",20,"3370","Manual","Petrol",107000
"toyota","Toyota Yaris",20,"4980","Manual","Petrol",70000
"toyota","Toyota Yaris",20,"1798","Manual","Petrol",191400
"toyota","Toyota Yaris",20,"3999","Manual","Petrol",107876
"toyota","Toyota Yaris",20,"2590","Manual","Petrol",162000
"toyota","Toyota Yaris",20,"3200","Manual","Petrol",226528
"toyota","Toyota Yaris",19,"1580","Manual","Petrol",213298
"toyota","Toyota Yaris",19,"2500","Manual","Petrol",174000
"toyota","Toyota Yaris",19,"2950","Manual","Petrol",153770
"toyota","Toyota Yaris",19,"4999","Manual","Petrol",195018
"toyota","Toyota Yaris",19,"7450","Automatic","Petrol",59500
"toyota","Toyota Yaris",19,"2490","Manual","Petrol",215000
"toyota","Toyota Yaris",19,"5500","Automatic","Petrol",108000
"toyota","Toyota Yaris",19,"3499","Manual","Petrol",94780
"toyota","Toyota Yaris",19,"2850","Manual","Petrol",150000
"toyota","Toyota Yaris",19,"2300","Manual","Petrol",101000
"toyota","Toyota Yaris",19,"2999","Manual","Petrol",117889
"toyota","Toyota Yaris",19,"8999","Automatic","Petrol",57000
"toyota","Toyota Yaris",19,"999","Manual","Petrol",207000
"toyota","Toyota Yaris",19,"5990","Manual","Petrol",85803
"toyota","Toyota Yaris",19,"4985","Manual","Petrol",239335
"toyota","Toyota Yaris",18,"4700","Manual","Petrol",50000
"toyota","Toyota Yaris",18,"3499","Manual","Petrol",144991
"toyota","Toyota Yaris",18,"2600","Manual","Petrol",202500
"toyota","Toyota Yaris",18,"3950","Manual","Petrol",154000
"toyota","Toyota Yaris",18,"3790","Automatic","Petrol",180000
"toyota","Toyota Yaris",18,"4300","Manual","Petrol",115000
"toyota","Toyota Yaris",18,"4000","Automatic","Petrol",201000
"toyota","Toyota Yaris",18,"4200","Manual","Diesel",214000
"toyota","Toyota Yaris",18,"3750","Automatic","Petrol",197750
"toyota","Toyota Yaris",18,"2500","Manual","Petrol",211977
"toyota","Toyota Yaris",18,"4990","Automatic","Petrol",144355
"toyota","Toyota Yaris",18,"4200","Manual","Petrol",52800
"toyota","Toyota Yaris",18,"3900","Manual","Diesel",164000
"toyota","Toyota Yaris",18,"2690","Manual","Petrol",183830
"toyota","Toyota Yaris",18,"4500","Manual","Petrol",107000
"toyota","Toyota Yaris",18,"3790","Manual","Petrol",152762
"toyota","Toyota Yaris",18,"3750","Manual","Petrol",106900
"toyota","Toyota Yaris",18,"4999","Manual","Petrol",132104
"toyota","Toyota Yaris",18,"3950","Manual","Petrol",109000
"toyota","Toyota Yaris",18,"3900","Manual","Petrol",151083
"toyota","Toyota Yaris",18,"2980","Manual","Petrol",121944
"toyota","Toyota Yaris",18,"2690","Manual","Petrol",215000
"toyota","Toyota Yaris",18,"2499","Manual","Petrol",140432
"toyota","Toyota Yaris",17,"1700","Manual","Petrol",180000
"toyota","Toyota Yaris",17,"2700","Manual","Petrol",1e+05
"toyota","Toyota Yaris",17,"3550","Automatic","Diesel",293000
"toyota","Toyota Yaris",17,"3900","Manual","Petrol",127000
"toyota","Toyota Yaris",17,"2950","Manual","Petrol",125000
"toyota","Toyota Yaris",17,"7000","Automatic","Petrol",54000
"toyota","Toyota Yaris",17,"3990","Manual","Petrol",144365
"toyota","Toyota Yaris",17,"3490","Manual","Petrol",189000
"toyota","Toyota Yaris",17,"4990","Manual","Petrol",78000
"toyota","Toyota Yaris",17,"3950","Manual","Petrol",91368
"toyota","Toyota Yaris",17,"5350","Manual","Diesel",89300
"toyota","Toyota Yaris",17,"3990","Manual","Petrol",80450
"toyota","Toyota Yaris",17,"4300","Manual","Petrol",68000
"toyota","Toyota Yaris",17,"3390","Manual","Petrol",152062
"toyota","Toyota Yaris",17,"4590","Manual","Petrol",146481
"toyota","Toyota Yaris",17,"4700","Manual","Diesel",121600
"toyota","Toyota Yaris",17,"3900","Automatic","Petrol",187000
"toyota","Toyota Yaris",17,"3200","Manual","Diesel",217097
"toyota","Toyota Yaris",16,"2700","Manual","Petrol",196000
"toyota","Toyota Yaris",16,"3400","Manual","Petrol",92700
"toyota","Toyota Yaris",16,"3290","Manual","Petrol",180000
"toyota","Toyota Yaris",16,"4500","Manual","Diesel",232200
"toyota","Toyota Yaris",16,"3300","Manual","Petrol",184000
"toyota","Toyota Yaris",16,"1450","Manual","Petrol",194000
"toyota","Toyota Yaris",16,"3699","Manual","Petrol",129000
"toyota","Toyota Yaris",16,"4300","Manual","Petrol",126314
"toyota","Toyota Yaris",16,"3490","Manual","Diesel",209980
"toyota","Toyota Yaris",16,"2800","Manual","Petrol",140466
"toyota","Toyota Yaris",16,"2200","Manual","Petrol",157925
"toyota","Toyota Yaris",16,"5690","Automatic","Petrol",129550
"toyota","Toyota Yaris",16,"4250","Manual","Petrol",125457
"toyota","Toyota Yaris",16,"5900","Manual","Petrol",55000
"toyota","Toyota Yaris",16,"6980","Automatic","Petrol",94000
"toyota","Toyota Yaris",16,"4999","Manual","Petrol",84834
"toyota","Toyota Yaris",16,"3650","Manual","Petrol",163000
"toyota","Toyota Yaris",16,"4100","Manual","Petrol",140000
"toyota","Toyota Yaris",16,"7950","Manual","Petrol",41000
"toyota","Toyota Yaris",15,"4990","Manual","Petrol",69300
"toyota","Toyota Yaris",15,"4200","Manual","Petrol",125000
"toyota","Toyota Yaris",15,"2500","Manual","Petrol",175500
"toyota","Toyota Yaris",15,"5500","Manual","Petrol",88500
"toyota","Toyota Yaris",15,"2690","Manual","Petrol",159700
"toyota","Toyota Yaris",15,"6990","Manual","Petrol",81989
"toyota","Toyota Yaris",15,"3450","Manual","Petrol",143400
"toyota","Toyota Yaris",15,"8963","Manual","Petrol",148000
"toyota","Toyota Yaris",15,"6690","Manual","Petrol",102800
"toyota","Toyota Yaris",15,"4680","Manual","Petrol",1e+05
"toyota","Toyota Yaris",15,"3750","Manual","Petrol",175400
"toyota","Toyota Yaris",15,"3900","Manual","Petrol",153721
"toyota","Toyota Yaris",15,"3300","Manual","Petrol",149800
"toyota","Toyota Yaris",15,"3499","Manual","Petrol",170000
"toyota","Toyota Yaris",15,"2490","Manual","Petrol",145500
"toyota","Toyota Yaris",15,"5499","Manual","Petrol",116514
"toyota","Toyota Yaris",15,"3800","Manual","Petrol",133000
"toyota","Toyota Yaris",15,"3500","Manual","Petrol",197738
"toyota","Toyota Yaris",15,"5990","Manual","Petrol",78456
"toyota","Toyota Yaris",15,"5850","Manual","Petrol",85000
"toyota","Toyota Yaris",15,"5490","Manual","Petrol",108575
"toyota","Toyota Yaris",15,"3300","Manual","Petrol",265000
"toyota","Toyota Yaris",15,"2800","Manual","Petrol",172665
"toyota","Toyota Yaris",15,"5450","Manual","Petrol",57000
"toyota","Toyota Yaris",15,"4500","Automatic","Petrol",82000
"toyota","Toyota Yaris",15,"4500","Manual","Petrol",155000
"toyota","Toyota Yaris",15,"4999","Manual","Petrol",128000
"toyota","Toyota Yaris",15,"5900","Manual","Petrol",95800
"toyota","Toyota Yaris",15,"7990","Automatic","Petrol",81334
"toyota","Toyota Yaris",15,"4599","Manual","Petrol",120767
"toyota","Toyota Yaris",15,"6400","Automatic","Petrol",134000
"toyota","Toyota Yaris",15,"3500","Manual","Diesel",185000
"toyota","Toyota Yaris",15,"6970","Manual","Petrol",19000
"toyota","Toyota Yaris",15,"5000","Manual","Petrol",127000
"toyota","Toyota Yaris",15,"2980","Manual","Petrol",182300
"toyota","Toyota Yaris",15,"3400","Manual","Petrol",156000
"toyota","Toyota Yaris",15,"4590","Manual","Petrol",100256
"toyota","Toyota Yaris",15,"4890","Manual","Petrol",95000
"toyota","Toyota Yaris",14,"4590","Manual","Petrol",107992
"toyota","Toyota Yaris",14,"4750","Manual","Petrol",119098
"toyota","Toyota Yaris",14,"4990","Manual","Petrol",105000
"toyota","Toyota Yaris",14,"4950","Manual","Petrol",57000
"toyota","Toyota Yaris",14,"3600","Manual","Petrol",172000
"toyota","Toyota Yaris",14,"3950","Manual","Petrol",159000
"toyota","Toyota Yaris",14,"4699","Manual","Petrol",94706
"toyota","Toyota Yaris",14,"4000","Manual","Petrol",113988
"toyota","Toyota Yaris",14,"4200","Manual","Petrol",145000
"toyota","Toyota Yaris",14,"2900","Manual","Petrol",136000
"toyota","Toyota Yaris",14,"4990","Manual","Petrol",142699
"toyota","Toyota Yaris",14,"4200","Manual","Petrol",118000
"toyota","Toyota Yaris",14,"4590","Manual","Petrol",147100
"toyota","Toyota Yaris",14,"3589","Manual","Petrol",129000
"toyota","Toyota Yaris",14,"4750","Manual","Petrol",125676
"toyota","Toyota Yaris",14,"6850","Manual","Petrol",58600
"toyota","Toyota Yaris",14,"4900","Manual","Petrol",120505
"toyota","Toyota Yaris",14,"3900","Manual","Petrol",148000
"toyota","Toyota Yaris",14,"7700","Automatic","Petrol",85000
"toyota","Toyota Yaris",14,"3999","Manual","Petrol",169100
"toyota","Toyota Yaris",14,"4800","Manual","Petrol",99896
"toyota","Toyota Yaris",14,"5399","Manual","Petrol",95000
"toyota","Toyota Yaris",14,"3950","Manual","Petrol",193295
"toyota","Toyota Yaris",14,"7490","Manual","Petrol",200356
"toyota","Toyota Yaris",14,"7890","Manual","Petrol",140000
"toyota","Toyota Yaris",14,"5700","Manual","Petrol",120000
"toyota","Toyota Yaris",14,"5150","Manual","Petrol",114300
"toyota","Toyota Yaris",14,"6300","Manual","Diesel",124900
"toyota","Toyota Yaris",14,"3500","Manual","Diesel",356000
"toyota","Toyota Yaris",14,"5499","Manual","Petrol",88000
"toyota","Toyota Yaris",14,"5350","Manual","Petrol",129614
"toyota","Toyota Yaris",14,"5100","Manual","Petrol",130000
"toyota","Toyota Yaris",14,"8990","Manual","Petrol",1e+05
"toyota","Toyota Yaris",14,"5600","Manual","Petrol",89999
"toyota","Toyota Yaris",14,"4990","Manual","Petrol",87900
"toyota","Toyota Yaris",14,"4190","Manual","Diesel",298000
"toyota","Toyota Yaris",14,"7980","Automatic","Petrol",76724
"toyota","Toyota Yaris",13,"4900","Manual","Petrol",111000
"toyota","Toyota Yaris",13,"5990","Manual","Petrol",99000
"toyota","Toyota Yaris",13,"6490","Manual","Petrol",95000
"toyota","Toyota Yaris",13,"4490","Manual","Diesel",183646
"toyota","Toyota Yaris",13,"4104","Manual","Petrol",182000
"toyota","Toyota Yaris",13,"3990","Manual","Petrol",144000
"toyota","Toyota Yaris",13,"5799","Manual","Petrol",98800
"toyota","Toyota Yaris",13,"5500","Manual","Petrol",79800
"toyota","Toyota Yaris",13,"5600","Manual","Petrol",89000
"toyota","Toyota Yaris",13,"5650","Manual","Petrol",72000
"toyota","Toyota Yaris",13,"4450","Manual","Petrol",104600
"toyota","Toyota Yaris",13,"5999","Manual","Petrol",134000
"toyota","Toyota Yaris",13,"7890","Manual","Petrol",65368
"toyota","Toyota Yaris",13,"5990","Automatic","Diesel",165701
"toyota","Toyota Yaris",12,"5500","Manual","Diesel",167819
"toyota","Toyota Yaris",12,"7500","Manual","Petrol",110000
"toyota","Toyota Yaris",12,"11850","Automatic","Petrol",17000
"toyota","Toyota Yaris",12,"6450","Manual","Petrol",107097
"toyota","Toyota Yaris",12,"7303","Manual","Petrol",65000
"toyota","Toyota Yaris",12,"8250","Manual","Petrol",145300
"toyota","Toyota Yaris",12,"8990","Manual","Diesel",110263
"toyota","Toyota Yaris",12,"7990","Manual","Petrol",50000
"toyota","Toyota Yaris",12,"6990","Manual","Petrol",96200
"toyota","Toyota Yaris",12,"11950","Manual","Petrol",72300
"toyota","Toyota Yaris",12,"10200","Automatic","Petrol",86460
"toyota","Toyota Yaris",12,"9490","Manual","Petrol",126704
"toyota","Toyota Yaris",12,"9990","Manual","Petrol",77750
"toyota","Toyota Yaris",12,"7500","Manual","Petrol",82800
"toyota","Toyota Yaris",11,"8700","Manual","Petrol",85000
"toyota","Toyota Yaris",11,"7650","Manual","Petrol",73000
"toyota","Toyota Yaris",11,"6200","Manual","Petrol",136000
"toyota","Toyota Yaris",11,"9499","Manual","Petrol",64571
"toyota","Toyota Yaris",11,"7999","Manual","Petrol",50000
"toyota","Toyota Yaris",11,"9390","Manual","Petrol",66500
"toyota","Toyota Yaris",11,"8990","Manual","Petrol",64050
"toyota","Toyota Yaris",11,"9950","Manual","Petrol",96000
"toyota","Toyota Yaris",11,"6950","Manual","Petrol",117000
"toyota","Toyota Yaris",11,"7000","Manual","Petrol",111426
"toyota","Toyota Yaris",11,"7790","Manual","Petrol",84990
"toyota","Toyota Yaris",11,"4000","Manual","Petrol",163000
"toyota","Toyota Yaris",11,"9990","Automatic","Petrol",128900
"toyota","Toyota Yaris",11,"7000","Manual","Petrol",76000
"toyota","Toyota Yaris",11,"9980","Manual","Petrol",67968
"toyota","Toyota Yaris",11,"7990","Manual","Petrol",149000
"toyota","Toyota Yaris",11,"9980","Manual","Petrol",105780
"toyota","Toyota Yaris",11,"5400","Manual","Petrol",160000
"toyota","Toyota Yaris",11,"9000","Manual","Petrol",125000
"toyota","Toyota Yaris",11,"9999","Automatic","Petrol",180000
"toyota","Toyota Yaris",11,"9782","Manual","Petrol",63900
"toyota","Toyota Yaris",11,"9250","Manual","Petrol",84400
"toyota","Toyota Yaris",11,"10900","Automatic","Petrol",101331
"toyota","Toyota Yaris",10,"10390","Manual","Petrol",93144
"toyota","Toyota Yaris",10,"6890","Manual","Petrol",166200
"toyota","Toyota Yaris",10,"6999","Manual","Petrol",215000
"toyota","Toyota Yaris",10,"12990","Automatic","Petrol",73422
"toyota","Toyota Yaris",10,"8900","Manual","Petrol",63959
"toyota","Toyota Yaris",10,"8390","Manual","Petrol",118000
"toyota","Toyota Yaris",10,"10800","Manual","Petrol",69000
"toyota","Toyota Yaris",10,"8390","Manual","Petrol",61775
"toyota","Toyota Yaris",10,"12900","Automatic","Petrol",23007
"toyota","Toyota Yaris",10,"12700","Automatic","Petrol",48568
"toyota","Toyota Yaris",10,"11850","Automatic","Petrol",60500
"toyota","Toyota Yaris",10,"6950","Manual","Petrol",82000
"toyota","Toyota Yaris",10,"7999","Manual","Petrol",78500
"toyota","Toyota Yaris",10,"7299","Manual","Petrol",116000
"toyota","Toyota Yaris",10,"8890","Manual","Petrol",76353
"toyota","Toyota Yaris",10,"8250","Manual","Petrol",94080
"toyota","Toyota Yaris",10,"8000","Manual","Petrol",118000
"toyota","Toyota Yaris",10,"13690","Automatic","Petrol",20752
"toyota","Toyota Yaris",10,"7400","Manual","Petrol",139847
"toyota","Toyota Yaris",10,"9380","Manual","Petrol",115000
"toyota","Toyota Yaris",10,"7000","Manual","Petrol",119640
"toyota","Toyota Yaris",9,"13290","Manual","Petrol",44614
"toyota","Toyota Yaris",9,"9900","Manual","Petrol",88787
"toyota","Toyota Yaris",9,"8650","Manual","Petrol",94510
"toyota","Toyota Yaris",9,"8590","Manual","Petrol",61000
"toyota","Toyota Yaris",9,"7500","Manual","Petrol",143000
"toyota","Toyota Yaris",9,"11990","Manual","Petrol",28753
"toyota","Toyota Yaris",9,"5900","Manual","Diesel",198500
"toyota","Toyota Yaris",9,"8990","Manual","Petrol",63194
"toyota","Toyota Yaris",9,"9500","Manual","Petrol",95000
"toyota","Toyota Yaris",9,"10350","Manual","Petrol",83000
"toyota","Toyota Yaris",9,"8450","Manual","Petrol",76000
"toyota","Toyota Yaris",9,"7900","Manual","Diesel",182000
"toyota","Toyota Yaris",9,"9860","Manual","Petrol",26145
"toyota","Toyota Yaris",8,"11998","Manual","Petrol",53300
"toyota","Toyota Yaris",8,"13490","Manual","Petrol",77603
"toyota","Toyota Yaris",8,"9449","Manual","Petrol",124547
"toyota","Toyota Yaris",8,"14990","Automatic","Petrol",31211
"toyota","Toyota Yaris",8,"10990","Manual","Petrol",54980
"toyota","Toyota Yaris",8,"11444","Manual","Petrol",51248
"toyota","Toyota Yaris",8,"12290","Manual","Petrol",52300
"toyota","Toyota Yaris",8,"13500","Manual","Petrol",38287
"toyota","Toyota Yaris",8,"12900","Automatic","Petrol",135629
"toyota","Toyota Yaris",8,"15900","Automatic","Petrol",38200
"toyota","Toyota Yaris",8,"11490","Manual","Petrol",76600
"toyota","Toyota Yaris",8,"7990","Manual","Petrol",101900
"toyota","Toyota Yaris",8,"11900","Manual","Petrol",29611
"toyota","Toyota Yaris",8,"12500","Automatic","Petrol",13455
"toyota","Toyota Yaris",8,"10200","Manual","Petrol",56000
"toyota","Toyota Yaris",8,"11700","Manual","Petrol",42000
"toyota","Toyota Yaris",8,"10990","Manual","Petrol",83744
"toyota","Toyota Yaris",8,"8490","Manual","Petrol",104900
"toyota","Toyota Yaris",8,"11999","Manual","Petrol",75840
"toyota","Toyota Yaris",8,"9980","Manual","Petrol",110000
"toyota","Toyota Yaris",8,"8599","Manual","Petrol",76000
"toyota","Toyota Yaris",8,"13550","Automatic","Petrol",81450
"toyota","Toyota Yaris",8,"9990","Manual","Diesel",95000
"toyota","Toyota Yaris",8,"13999","Automatic","Petrol",53000
"toyota","Toyota Yaris",7,"16990","Automatic","Petrol",65900
"toyota","Toyota Yaris",7,"11790","Manual","Petrol",47974
"toyota","Toyota Yaris",7,"11450","Manual","Petrol",45000
"toyota","Toyota Yaris",7,"11980","Manual","Petrol",95222
"toyota","Toyota Yaris",7,"13999","Manual","Petrol",32153
"toyota","Toyota Yaris",7,"14650","Manual","Petrol",52900
"toyota","Toyota Yaris",7,"11450","Manual","Petrol",68772
"toyota","Toyota Yaris",7,"15950","Automatic","Petrol",59890
"toyota","Toyota Yaris",7,"12490","Manual","Petrol",73985
"toyota","Toyota Yaris",7,"13490","Manual","Petrol",72110
"toyota","Toyota Yaris",7,"11800","Manual","Petrol",43000
"toyota","Toyota Yaris",7,"11900","Manual","Petrol",79000
"toyota","Toyota Yaris",7,"16850","Automatic","Petrol",21795
"toyota","Toyota Yaris",7,"11330","Manual","Petrol",35000
"toyota","Toyota Yaris",7,"9990","Manual","Petrol",49570
"toyota","Toyota Yaris",7,"11700","Manual","Petrol",40000
"toyota","Toyota Yaris",7,"10880","Manual","Petrol",119050
"toyota","Toyota Yaris",7,"10800","Manual","Petrol",32100
"toyota","Toyota Yaris",7,"12900","Manual","Petrol",31000
"toyota","Toyota Yaris",7,"15800","Automatic","Petrol",28250
"toyota","Toyota Yaris",7,"11500","Manual","Petrol",48718
"toyota","Toyota Yaris",7,"13990","Manual","Petrol",19850
"toyota","Toyota Yaris",7,"7900","Manual","Petrol",90000
"toyota","Toyota Yaris",7,"13900","Automatic","Petrol",44000
"toyota","Toyota Yaris",7,"23850","Manual","Petrol",19274
"toyota","Toyota Yaris",7,"14990","Manual","Petrol",22558
"toyota","Toyota Yaris",7,"14390","Automatic","Petrol",72000
"toyota","Toyota Yaris",7,"12200","Manual","Petrol",29000
"toyota","Toyota Yaris",6,"14450","Manual","Petrol",23641
"toyota","Toyota Yaris",6,"10490","Manual","Petrol",58098
"toyota","Toyota Yaris",6,"10490","Manual","Petrol",64554
"toyota","Toyota Yaris",6,"10490","Manual","Petrol",61628
"toyota","Toyota Yaris",6,"10990","Manual","Petrol",51193
"toyota","Toyota Yaris",6,"11490","Manual","Petrol",41763
"toyota","Toyota Yaris",6,"11490","Manual","Petrol",41380
"toyota","Toyota Yaris",6,"13500","Manual","Petrol",30350
"toyota","Toyota Yaris",6,"15990","Manual","Petrol",26300
"toyota","Toyota Yaris",6,"11490","Manual","Petrol",66900
"toyota","Toyota Yaris",6,"10989","Manual","Petrol",75900
"toyota","Toyota Yaris",6,"11490","Manual","Petrol",50216
"toyota","Toyota Yaris",6,"14990","Manual","Petrol",15709
"toyota","Toyota Yaris",6,"11690","Manual","Petrol",56307
"toyota","Toyota Yaris",6,"14000","Manual","Petrol",39000
"toyota","Toyota Yaris",6,"15555","Manual","Petrol",23364
"toyota","Toyota Yaris",6,"13590","Manual","Petrol",71300
"toyota","Toyota Yaris",6,"23790","Manual","Petrol",43700
"toyota","Toyota Yaris",6,"26680","Manual","Petrol",85500
"toyota","Toyota Yaris",6,"11790","Manual","Petrol",27100
"toyota","Toyota Yaris",6,"13499","Manual","Petrol",56400
"toyota","Toyota Yaris",6,"9950","Manual","Petrol",25000
"toyota","Toyota Yaris",6,"14450","Manual","Petrol",47400
"toyota","Toyota Yaris",6,"11480","Manual","Petrol",81000
"toyota","Toyota Yaris",6,"13850","Manual","Petrol",42100
"toyota","Toyota Yaris",6,"14890","Manual","Petrol",44900
"toyota","Toyota Yaris",6,"14290","Manual","Petrol",41900
"toyota","Toyota Yaris",6,"10990","Manual","Petrol",44415
"toyota","Toyota Yaris",6,"10890","Manual","Petrol",59555
"toyota","Toyota Yaris",6,"12500","Manual","Petrol",39000
"toyota","Toyota Yaris",6,"11490","Manual","Petrol",58819
"toyota","Toyota Yaris",6,"13900","Manual","Petrol",35800
"toyota","Toyota Yaris",6,"13900","Manual","Petrol",35800
"toyota","Toyota Yaris",6,"11990","Manual","Petrol",66851
"toyota","Toyota Yaris",6,"13900","Manual","Petrol",35800
"toyota","Toyota Yaris",6,"13900","Manual","Petrol",35800
"toyota","Toyota Yaris",6,"24500","Manual","Petrol",20000
"toyota","Toyota Yaris",6,"21987","Manual","Petrol",41200
"toyota","Toyota Yaris",6,"29990","Manual","Petrol",5900
"toyota","Toyota Yaris",6,"10490","Manual","Petrol",48188
"toyota","Toyota Yaris",6,"14500","Manual","Petrol",67000
"toyota","Toyota Yaris",6,"28990","Manual","Petrol",6000
"toyota","Toyota Yaris",6,"9499","Manual","Petrol",62583
"toyota","Toyota Yaris",6,"16110","Automatic","Petrol",47655
"toyota","Toyota Yaris",6,"11900","Manual","Petrol",29856
"toyota","Toyota Yaris",6,"12490","Manual","Petrol",58000
"toyota","Toyota Yaris",6,"11175","Manual","Petrol",44052
"toyota","Toyota Yaris",6,"20500","Manual","Petrol",44052
"toyota","Toyota Yaris",6,"13290","Manual","Petrol",69900
"toyota","Toyota Yaris",6,"11990","Manual","Petrol",47091
"toyota","Toyota Yaris",6,"12500","Manual","Petrol",66000
"toyota","Toyota Yaris",5,"16970","Automatic","Petrol",23000
"toyota","Toyota Yaris",5,"12750","Manual","Petrol",96806
"toyota","Toyota Yaris",5,"13589","Manual","Petrol",52800
"toyota","Toyota Yaris",5,"16470","Automatic","Petrol",54200
"toyota","Toyota Yaris",5,"15490","Manual","Petrol",23100
"toyota","Toyota Yaris",5,"15390","Manual","Petrol",44025
"toyota","Toyota Yaris",5,"14500","Manual","Petrol",74700
"toyota","Toyota Yaris",5,"14500","Manual","Petrol",74700
"toyota","Toyota Yaris",5,"14990","Manual","Petrol",28380
"toyota","Toyota Yaris",5,"14990","Manual","Petrol",28380
"toyota","Toyota Yaris",5,"15990","Manual","Petrol",21895
"toyota","Toyota Yaris",5,"15500","Manual","Petrol",12000
"toyota","Toyota Yaris",5,"15790","Manual","Petrol",34230
"toyota","Toyota Yaris",5,"15280","Manual","Petrol",23573
"toyota","Toyota Yaris",5,"13990","Manual","Petrol",39538
"toyota","Toyota Yaris",5,"13699","Manual","Petrol",47300
"toyota","Toyota Yaris",5,"33880","Manual","Petrol",20101
"toyota","Toyota Yaris",5,"34890","Manual","Petrol",35700
"toyota","Toyota Yaris",5,"12450","Manual","Petrol",46350
"toyota","Toyota Yaris",5,"11990","Manual","Petrol",67880
"toyota","Toyota Yaris",5,"13990","Manual","Petrol",54000
"toyota","Toyota Yaris",5,"12790","Manual","Petrol",39650
"toyota","Toyota Yaris",5,"12990","Manual","Petrol",47265
"toyota","Toyota Yaris",5,"14390","Manual","Petrol",77220
"toyota","Toyota Yaris",5,"14290","Manual","Petrol",33060
"toyota","Toyota Yaris",5,"10980","Manual","Petrol",60600
"toyota","Toyota Yaris",5,"13000","Manual","Petrol",28598
"toyota","Toyota Yaris",5,"15370","Manual","Petrol",76147
"toyota","Toyota Yaris",5,"15370","Manual","Petrol",76147
"toyota","Toyota Yaris",5,"12699","Manual","Petrol",83200
"toyota","Toyota Yaris",5,"14493","Manual","Petrol",23100
"toyota","Toyota Yaris",5,"13490","Manual","Petrol",17392
"toyota","Toyota Yaris",5,"15790","Manual","Petrol",14525
"toyota","Toyota Yaris",5,"15490","Manual","Petrol",18500
"toyota","Toyota Yaris",5,"16490","Automatic","Petrol",31800
"toyota","Toyota Yaris",5,"16990","Automatic","Petrol",26900
"toyota","Toyota Yaris",5,"13890","Manual","Petrol",19893
"toyota","Toyota Yaris",5,"14340","Manual","Petrol",30000
"toyota","Toyota Yaris",5,"13885","Manual","Petrol",52000
"toyota","Toyota Yaris",5,"14390","Manual","Petrol",32084
"toyota","Toyota Yaris",5,"14950","Manual","Petrol",41600
"toyota","Toyota Yaris",5,"13900","Manual","Petrol",65000
"toyota","Toyota Yaris",5,"14970","Manual","Petrol",40413
"toyota","Toyota Yaris",5,"15990","Manual","Petrol",47000
"toyota","Toyota Yaris",5,"14950","Manual","Petrol",41500
"toyota","Toyota Yaris",5,"17990","Automatic","Petrol",13300
"toyota","Toyota Yaris",5,"12670","Manual","Petrol",71798
"toyota","Toyota Yaris",5,"12670","Manual","Petrol",71798
"toyota","Toyota Yaris",5,"12990","Manual","Petrol",40270
"toyota","Toyota Yaris",5,"13980","Manual","Petrol",41475
"toyota","Toyota Yaris",5,"12498","Manual","Petrol",65000
"toyota","Toyota Yaris",5,"11990","Manual","Petrol",61100
"toyota","Toyota Yaris",5,"11990","Manual","Petrol",73336
"toyota","Toyota Yaris",5,"13990","Manual","Petrol",9257
"toyota","Toyota Yaris",5,"12990","Manual","Petrol",55142
"toyota","Toyota Yaris",5,"15900","Manual","Petrol",50334
"toyota","Toyota Yaris",5,"12999","Manual","Petrol",18167
"toyota","Toyota Yaris",5,"16500","Manual","Petrol",27500
"toyota","Toyota Yaris",5,"14980","Manual","Petrol",38453
"toyota","Toyota Yaris",5,"13980","Manual","Petrol",21600
"toyota","Toyota Yaris",5,"15590","Manual","Petrol",20200
"toyota","Toyota Yaris",5,"14500","Manual","Petrol",27700
"toyota","Toyota Yaris",5,"12900","Manual","Petrol",19000
"toyota","Toyota Yaris",5,"12950","Manual","Petrol",25000
"toyota","Toyota Yaris",5,"14490","Manual","Petrol",13500
"toyota","Toyota Yaris",5,"13250","Manual","Petrol",43212
"toyota","Toyota Yaris",5,"12890","Manual","Petrol",39667
"toyota","Toyota Yaris",5,"12800","Manual","Petrol",27767
"toyota","Toyota Yaris",5,"13550","Manual","Petrol",36126
"toyota","Toyota Yaris",5,"13680","Manual","Petrol",40000
"toyota","Toyota Yaris",5,"22990","Manual","Petrol",46747
"toyota","Toyota Yaris",5,"13750","Manual","Petrol",70015
"toyota","Toyota Yaris",5,"11450","Manual","Petrol",61981
"toyota","Toyota Yaris",5,"15990","Manual","Petrol",29700
"toyota","Toyota Yaris",5,"11500","Manual","Petrol",63995
"toyota","Toyota Yaris",5,"13490","Manual","Petrol",60000
"toyota","Toyota Yaris",5,"12990","Manual","Petrol",33500
"toyota","Toyota Yaris",5,"11999","Automatic","Petrol",116858
"toyota","Toyota Yaris",5,"18990","Manual","Petrol",42375
"toyota","Toyota Yaris",5,"11990","Manual","Petrol",16600
"toyota","Toyota Yaris",5,"15180","Manual","Petrol",38453
"toyota","Toyota Yaris",5,"13990","Manual","Petrol",61550
"toyota","Toyota Yaris",5,"13870","Manual","Petrol",22858
"toyota","Toyota Yaris",5,"17180","Manual","Petrol",51300
"toyota","Toyota Yaris",5,"13870","Manual","Petrol",22858
"toyota","Toyota Yaris",5,"11990","Manual","Petrol",60300
"toyota","Toyota Yaris",4,"15880","Manual","Petrol",10636
"toyota","Toyota Yaris",4,"21490","Manual","Petrol",25927
"toyota","Toyota Yaris",4,"26880","Manual","Petrol",61557
"toyota","Toyota Yaris",4,"17490","Manual","Petrol",20000
"toyota","Toyota Yaris",4,"17960","Manual","Petrol",30160
"toyota","Toyota Yaris",4,"19920","Manual","Petrol",24930
"toyota","Toyota Yaris",4,"13820","Manual","Petrol",19314
"toyota","Toyota Yaris",4,"15790","Manual","Petrol",19919
"toyota","Toyota Yaris",4,"15690","Manual","Petrol",22800
"toyota","Toyota Yaris",4,"18999","Manual","Petrol",18282
"toyota","Toyota Yaris",4,"19490","Manual","Petrol",17500
"toyota","Toyota Yaris",4,"18980","Automatic","Petrol",16230
"toyota","Toyota Yaris",4,"20870","Automatic","Petrol",17751
"toyota","Toyota Yaris",4,"14430","Manual","Petrol",30561
"toyota","Toyota Yaris",4,"14580","Manual","Petrol",20856
"toyota","Toyota Yaris",4,"13770","Manual","Petrol",7129
"toyota","Toyota Yaris",4,"11280","Manual","Petrol",70054
"toyota","Toyota Yaris",4,"12280","Manual","Petrol",54490
"toyota","Toyota Yaris",4,"12950","Manual","Petrol",7800
"toyota","Toyota Yaris",4,"16249","Manual","Petrol",21500
"toyota","Toyota Yaris",4,"14400","Manual","Petrol",40000
"toyota","Toyota Yaris",4,"17890","Automatic","Petrol",27055
"toyota","Toyota Yaris",4,"16490","Manual","Petrol",17200
"toyota","Toyota Yaris",4,"16870","Manual","Petrol",26775
"toyota","Toyota Yaris",4,"13500","Manual","Petrol",43000
"toyota","Toyota Yaris",4,"16480","Automatic","Petrol",38200
"toyota","Toyota Yaris",4,"17470","Manual","Petrol",15450
"toyota","Toyota Yaris",4,"41500","Manual","Petrol",15500
"toyota","Toyota Yaris",4,"18490","Manual","Petrol",37000
"toyota","Toyota Yaris",4,"16490","Manual","Petrol",11409
"toyota","Toyota Yaris",4,"13990","Manual","Petrol",23507
"toyota","Toyota Yaris",4,"14990","Manual","Petrol",36400
"toyota","Toyota Yaris",4,"16599","Manual","Petrol",32000
"toyota","Toyota Yaris",4,"16795","Automatic","Petrol",43950
"toyota","Toyota Yaris",4,"13990","Manual","Petrol",23506
"toyota","Toyota Yaris",4,"14500","Manual","Petrol",7200
"toyota","Toyota Yaris",4,"12900","Manual","Petrol",55750
"toyota","Toyota Yaris",4,"11490","Manual","Petrol",59955
"toyota","Toyota Yaris",4,"13900","Manual","Petrol",34900
"toyota","Toyota Yaris",4,"13900","Manual","Petrol",25867
"toyota","Toyota Yaris",4,"12950","Manual","Petrol",32410
"toyota","Toyota Yaris",4,"12210","Manual","Petrol",14694
"toyota","Toyota Yaris",4,"13890","Manual","Petrol",24315
"toyota","Toyota Yaris",4,"15390","Automatic","Petrol",135990
"toyota","Toyota Yaris",4,"18395","Manual","Petrol",20816
"toyota","Toyota Yaris",4,"16990","Automatic","Petrol",29184
"toyota","Toyota Yaris",4,"13880","Manual","Petrol",12000
"toyota","Toyota Yaris",4,"13660","Manual","Petrol",36089
"toyota","Toyota Yaris",4,"13000","Manual","Petrol",14358
"toyota","Toyota Yaris",4,"13450","Manual","Petrol",38100
"toyota","Toyota Yaris",4,"12780","Manual","Petrol",10613
"toyota","Toyota Yaris",4,"13480","Manual","Petrol",32350
"toyota","Toyota Yaris",4,"12780","Manual","Petrol",10613
"toyota","Toyota Yaris",4,"13990","Manual","Petrol",10300
"toyota","Toyota Yaris",4,"17330","Manual","Petrol",8762
"toyota","Toyota Yaris",4,"16745","Manual","Petrol",22200
"toyota","Toyota Yaris",4,"13650","Manual","Petrol",38198
"toyota","Toyota Yaris",4,"13400","Manual","Petrol",3300
"toyota","Toyota Yaris",4,"13250","Manual","Petrol",25500
"toyota","Toyota Yaris",4,"13450","Manual","Petrol",43750
"toyota","Toyota Yaris",4,"12990","Manual","Petrol",40000
"toyota","Toyota Yaris",4,"14490","Manual","Petrol",49000
"toyota","Toyota Yaris",4,"13990","Manual","Petrol",46910
"toyota","Toyota Yaris",4,"12280","Manual","Petrol",72824
"toyota","Toyota Yaris",4,"13990","Manual","Petrol",46910
"toyota","Toyota Yaris",4,"13990","Manual","Petrol",46910
"toyota","Toyota Yaris",4,"12990","Manual","Petrol",49280
"toyota","Toyota Yaris",4,"13990","Manual","Petrol",46910
"toyota","Toyota Yaris",4,"11560","Manual","Petrol",33500
"toyota","Toyota Yaris",4,"11560","Manual","Petrol",33500
"toyota","Toyota Yaris",4,"10960","Manual","Petrol",56600
"toyota","Toyota Yaris",4,"11560","Manual","Petrol",43600
"toyota","Toyota Yaris",4,"13760","Manual","Petrol",72643
"toyota","Toyota Yaris",4,"15690","Manual","Petrol",38200
"toyota","Toyota Yaris",4,"14900","Manual","Petrol",44967
"toyota","Toyota Yaris",4,"13550","Manual","Petrol",66007
"toyota","Toyota Yaris",4,"17586","Manual","Petrol",15950
"toyota","Toyota Yaris",4,"15590","Manual","Petrol",27169
"toyota","Toyota Yaris",3,"17980","Manual","Petrol",28588
"toyota","Toyota Yaris",3,"17890","Manual","Petrol",12070
"toyota","Toyota Yaris",3,"17890","Manual","Petrol",22080
"toyota","Toyota Yaris",3,"19900","Manual","Petrol",19600
"toyota","Toyota Yaris",3,"23490","Automatic","Petrol",33200
"toyota","Toyota Yaris",3,"20990","Automatic","Petrol",18890
"toyota","Toyota Yaris",3,"19390","Manual","Petrol",5900
"toyota","Toyota Yaris",3,"18400","Manual","Petrol",18591
"toyota","Toyota Yaris",3,"17990","Manual","Petrol",9900
"toyota","Toyota Yaris",3,"38500","Manual","Petrol",33600
"toyota","Toyota Yaris",3,"17690","Manual","Petrol",39133
"toyota","Toyota Yaris",3,"25499","Automatic","Petrol",21355
"toyota","Toyota Yaris",3,"19950","Manual","Petrol",9500
"toyota","Toyota Yaris",3,"17989","Manual","Petrol",10700
"toyota","Toyota Yaris",3,"47479","Manual","Petrol",27500
"toyota","Toyota Yaris",3,"36660","Manual","Petrol",25555
"toyota","Toyota Yaris",3,"39990","Manual","Petrol",5100
"toyota","Toyota Yaris",3,"21700","Manual","Petrol",10600
"toyota","Toyota Yaris",3,"47679","Manual","Petrol",27500
"toyota","Toyota Yaris",3,"19990","Manual","Petrol",35750
"toyota","Toyota Yaris",3,"39800","Manual","Petrol",28490
"toyota","Toyota Yaris",3,"37900","Manual","Petrol",10250
"toyota","Toyota Yaris",3,"35469","Manual","Petrol",18570
"toyota","Toyota Yaris",3,"15470","Manual","Petrol",17939
"toyota","Toyota Yaris",3,"17989","Manual","Petrol",25070
"toyota","Toyota Yaris",3,"15470","Manual","Petrol",17939
"toyota","Toyota Yaris",3,"17890","Manual","Petrol",19820
"toyota","Toyota Yaris",3,"41990","Manual","Petrol",3250
"toyota","Toyota Yaris",3,"38800","Manual","Petrol",62900
"toyota","Toyota Yaris",3,"19980","Manual","Petrol",20098
"toyota","Toyota Yaris",3,"19970","Manual","Petrol",300
"toyota","Toyota Yaris",3,"17890","Manual","Petrol",15070
"toyota","Toyota Yaris",3,"17890","Manual","Petrol",14820
"toyota","Toyota Yaris",3,"22450","Automatic","Petrol",19200
"toyota","Toyota Yaris",3,"22250","Automatic","Petrol",19200
"toyota","Toyota Yaris",3,"23999","Manual","Petrol",13000
"toyota","Toyota Yaris",3,"37500","Manual","Petrol",35500
"toyota","Toyota Yaris",3,"21500","Automatic","Petrol",5080
"toyota","Toyota Yaris",3,"19990","Automatic","Petrol",8000
"toyota","Toyota Yaris",3,"18600","Manual","Petrol",12100
"toyota","Toyota Yaris",3,"18990","Automatic","Petrol",7370
"toyota","Toyota Yaris",3,"18990","Manual","Petrol",29400
"toyota","Toyota Yaris",3,"19890","Automatic","Petrol",45758
"toyota","Toyota Yaris",3,"17990","Manual","Petrol",14050
"toyota","Toyota Yaris",3,"44780","Manual","Petrol",3500
"toyota","Toyota Yaris",3,"40999","Manual","Petrol",2094
"toyota","Toyota Yaris",3,"46000","Manual","Petrol",22800
"toyota","Toyota Yaris",3,"42500","Manual","Petrol",12000
"toyota","Toyota Yaris",3,"21000","Automatic","Petrol",26000
"toyota","Toyota Yaris",3,"37969","Manual","Petrol",29170
"toyota","Toyota Yaris",3,"40900","Manual","Petrol",13250
"toyota","Toyota Yaris",3,"18990","Manual","Petrol",29400
"toyota","Toyota Yaris",3,"42500","Manual","Petrol",9000
"toyota","Toyota Yaris",3,"17790","Manual","Petrol",32620
"toyota","Toyota Yaris",3,"23290","Automatic","Petrol",3500
"toyota","Toyota Yaris",3,"41480","Manual","Petrol",16180
"toyota","Toyota Yaris",3,"43890","Manual","Petrol",5
"toyota","Toyota Yaris",3,"14870","Manual","Petrol",26992
"toyota","Toyota Yaris",3,"14870","Manual","Petrol",26992
"toyota","Toyota Yaris",3,"15800","Manual","Petrol",37400
"toyota","Toyota Yaris",3,"16850","Manual","Petrol",19400
"toyota","Toyota Yaris",2,"17890","Manual","Petrol",583
"toyota","Toyota Yaris",2,"19800","Manual","Petrol",1800
"toyota","Toyota Yaris",2,"22132","Manual","Petrol",10
"toyota","Toyota Yaris",2,"21950","Automatic","Petrol",50
"toyota","Toyota Yaris",2,"20990","Manual","Petrol",9250
"toyota","Toyota Yaris",2,"24990","Manual","Petrol",5700
"toyota","Toyota Yaris",2,"30990","Manual","Petrol",5700
"toyota","Toyota Yaris",2,"24780","Manual","Petrol",5700
"toyota","Toyota Yaris",2,"31780","Manual","Petrol",5700
"toyota","Toyota Yaris",2,"18680","Manual","Petrol",14950
"toyota","Toyota Yaris",2,"21950","Automatic","Petrol",50
"toyota","Toyota Yaris",2,"21950","Automatic","Petrol",50
"toyota","Toyota Yaris",2,"18680","Manual","Petrol",14950
"toyota","Toyota Yaris",2,"18680","Manual","Petrol",14950
"toyota","Toyota Yaris",2,"18680","Manual","Petrol",14950
"toyota","Toyota Yaris",2,"22990","Manual","Petrol",15
"toyota","Toyota Yaris",2,"22490","Automatic","Petrol",7961
"toyota","Toyota Yaris",2,"22195","Automatic","Petrol",1298
"toyota","Toyota Yaris",2,"17688","Manual","Petrol",10035
"toyota","Toyota Yaris",2,"23780","Automatic","Petrol",700
"toyota","Toyota Yaris",2,"21480","Manual","Petrol",10
"toyota","Toyota Yaris",2,"21950","Automatic","Petrol",50
"toyota","Toyota Yaris",2,"21995","Automatic","Petrol",2152
"toyota","Toyota Yaris",2,"21990","Automatic","Petrol",13871
"toyota","Toyota Yaris",2,"41490","Manual","Petrol",4950
"toyota","Toyota Yaris",2,"37500","Manual","Petrol",33100
"toyota","Toyota Yaris",2,"43850","Manual","Petrol",8500
"toyota","Toyota Yaris",2,"45999","Manual","Petrol",50
"toyota","Toyota Yaris",2,"22988","Manual","Petrol",150
"toyota","Toyota Yaris",2,"22750","Manual","Petrol",300
"toyota","Toyota Yaris",2,"22990","Automatic","Petrol",20
"toyota","Toyota Yaris",2,"22990","Automatic","Petrol",20
"toyota","Toyota Yaris",2,"22990","Automatic","Petrol",20
"toyota","Toyota Yaris",2,"20290","Manual","Petrol",10
"toyota","Toyota Yaris",2,"22850","Manual","Petrol",10
"toyota","Toyota Yaris",2,"18680","Manual","Petrol",21550
"toyota","Toyota Yaris",2,"18700","Manual","Petrol",14600
"toyota","Toyota Yaris",2,"17770","Manual","Petrol",1000
"toyota","Toyota Yaris",2,"18680","Manual","Petrol",21550
"toyota","Toyota Yaris",2,"24998","Manual","Petrol",5
"toyota","Toyota Yaris",2,"18680","Manual","Petrol",21550
"toyota","Toyota Yaris",2,"20847","Manual","Petrol",10
"toyota","Toyota Yaris",2,"44680","Manual","Petrol",6769
"toyota","Toyota Yaris",2,"18680","Manual","Petrol",6350
"toyota","Toyota Yaris",2,"42000","Manual","Petrol",880
"toyota","Toyota Yaris",2,"41500","Manual","Petrol",500
"toyota","Toyota Yaris",2,"44480","Manual","Petrol",6769
"toyota","Toyota Yaris",2,"41470","Manual","Petrol",4764
"toyota","Toyota Yaris",2,"18680","Manual","Petrol",6350
"toyota","Toyota Yaris",2,"18680","Manual","Petrol",6350
"toyota","Toyota Yaris",2,"18680","Manual","Petrol",6350
"toyota","Toyota Yaris",2,"23990","Automatic","Petrol",446
"toyota","Toyota Yaris",2,"20600","Automatic","Petrol",1000
"toyota","Toyota Yaris",2,"20600","Automatic","Petrol",1000
"toyota","Toyota Yaris",2,"23990","Automatic","Petrol",464
"toyota","Toyota Yaris",2,"18900","Manual","Petrol",56
"toyota","Toyota Yaris",2,"20600","Automatic","Petrol",10
"toyota","Toyota Yaris",2,"20600","Automatic","Petrol",10
"toyota","Toyota Yaris",2,"20600","Automatic","Petrol",10
"toyota","Toyota Yaris",2,"21850","Manual","Petrol",10
"toyota","Toyota Yaris",2,"18680","Manual","Petrol",11750
"toyota","Toyota Yaris",2,"18680","Manual","Petrol",11500
"toyota","Toyota Yaris",2,"18680","Manual","Petrol",11750
"toyota","Toyota Yaris",2,"19990","Manual","Petrol",15
"toyota","Toyota Yaris",2,"20890","Manual","Petrol",5
"toyota","Toyota Yaris",2,"43880","Manual","Petrol",2344
"toyota","Toyota Yaris",2,"21090","Manual","Petrol",300
"toyota","Toyota Yaris",2,"38800","Manual","Petrol",21800
"toyota","Toyota Yaris",2,"19990","Automatic","Petrol",9450
"toyota","Toyota Yaris",2,"19990","Automatic","Petrol",9300
"toyota","Toyota Yaris",2,"19990","Automatic","Petrol",10200
"toyota","Toyota Yaris",2,"19990","Automatic","Petrol",9600
"toyota","Toyota Yaris",2,"17990","Manual","Petrol",9000
"toyota","Toyota Yaris",2,"20490","Automatic","Petrol",9450
"toyota","Toyota Yaris",2,"20490","Automatic","Petrol",9300
"toyota","Toyota Yaris",2,"54950","Manual","Petrol",75
"toyota","Toyota Yaris",2,"41500","Manual","Petrol",7000
"toyota","Toyota Yaris",2,"21899","Automatic","Petrol",10
"toyota","Toyota Yaris",2,"19890","Automatic","Petrol",9450
"toyota","Toyota Yaris",2,"19890","Automatic","Petrol",9300
"toyota","Toyota Yaris",2,"19890","Automatic","Petrol",9600
"toyota","Toyota Yaris",2,"19890","Automatic","Petrol",10200
"toyota","Toyota Yaris",2,"20490","Automatic","Petrol",9600
"toyota","Toyota Yaris",2,"20490","Automatic","Petrol",10200
"toyota","Toyota Yaris",2,"43680","Manual","Petrol",2344
"toyota","Toyota Yaris",2,"19890","Automatic","Petrol",14250
"toyota","Toyota Yaris",2,"19890","Automatic","Petrol",11700
"toyota","Toyota Yaris",2,"19890","Automatic","Petrol",11400
"toyota","Toyota Yaris",2,"20490","Automatic","Petrol",14250
"toyota","Toyota Yaris",2,"20490","Automatic","Petrol",11400
"toyota","Toyota Yaris",2,"20490","Automatic","Petrol",11700
"toyota","Toyota Yaris",2,"45500","Manual","Petrol",691
"toyota","Toyota Yaris",2,"20890","Manual","Petrol",189
"toyota","Toyota Yaris",2,"17500","Manual","Petrol",10300
"toyota","Toyota Yaris",2,"20990","Automatic","Petrol",650
"toyota","Toyota Yaris",2,"28490","Manual","Petrol",1001
"toyota","Toyota Yaris",2,"15490","Manual","Petrol",8646
"toyota","Toyota Yaris",2,"22490","Manual","Petrol",5
"toyota","Toyota Yaris",2,"19399","Manual","Petrol",12995
"toyota","Toyota Yaris",2,"20979","Automatic","Petrol",14250
"toyota","Toyota Yaris",2,"18990","Manual","Petrol",10
"toyota","Toyota Yaris",2,"57490","Manual","Petrol",1700
"toyota","Toyota Yaris",2,"19990","Automatic","Petrol",11700
"toyota","Toyota Yaris",2,"19990","Automatic","Petrol",14250
"toyota","Toyota Yaris",2,"19990","Automatic","Petrol",11400
"toyota","Toyota Yaris",2,"21090","Manual","Petrol",189
"toyota","Toyota Yaris",2,"18490","Manual","Petrol",25
"toyota","Toyota Yaris",2,"19990","Manual","Petrol",4200
"toyota","Toyota Yaris",2,"49850","Manual","Petrol",10
"toyota","Toyota Yaris",2,"44550","Manual","Petrol",200
"toyota","Toyota Yaris",2,"18660","Manual","Petrol",5
"toyota","Toyota Yaris",2,"20490","Manual","Petrol",16400
"toyota","Toyota Yaris",2,"28240","Automatic","Petrol",2500
"toyota","Toyota Yaris",2,"20647","Manual","Petrol",10
"toyota","Toyota Yaris",1,"19890","Manual","Petrol",1000
"toyota","Toyota Yaris",1,"21990","Manual","Petrol",15
"toyota","Toyota Yaris",1,"22990","Manual","Petrol",5
"toyota","Toyota Yaris",1,"52590","Manual","Petrol",2
"toyota","Toyota Yaris",1,"26990","Manual","Petrol",50
"toyota","Toyota Yaris",1,"31980","Manual","Petrol",10
"toyota","Toyota Yaris",1,"17890","Manual","Petrol",10
"toyota","Toyota Yaris",1,"17890","Manual","Petrol",10
"toyota","Toyota Yaris",1,"17890","Manual","Petrol",10
"toyota","Toyota Yaris",1,"21950","Automatic","Petrol",50
"toyota","Toyota Yaris",1,"21950","Automatic","Petrol",50
"toyota","Toyota Yaris",1,"21950","Automatic","Petrol",50
"toyota","Toyota Yaris",1,"23980","Manual","Petrol",5
"toyota","Toyota Yaris",1,"23980","Manual","Petrol",5
"toyota","Toyota Yaris",1,"19560","Manual","Petrol",56
"toyota","Toyota Yaris",1,"19560","Manual","Petrol",53
"toyota","Toyota Yaris",1,"19560","Manual","Petrol",57
"toyota","Toyota Yaris",1,"19560","Manual","Petrol",54
"toyota","Toyota Yaris",1,"19560","Manual","Petrol",50
"toyota","Toyota Yaris",1,"19560","Manual","Petrol",55
"toyota","Toyota Yaris",1,"19560","Manual","Petrol",51
"toyota","Toyota Yaris",1,"19560","Manual","Petrol",52
"toyota","Toyota Yaris",1,"19560","Manual","Petrol",58
"toyota","Toyota Yaris",1,"21990","Manual","Petrol",15
"toyota","Toyota Yaris",1,"21500","Manual","Petrol",43
"toyota","Toyota Yaris",1,"24650","Manual","Petrol",1000
"toyota","Toyota Yaris",1,"21360","Manual","Petrol",10
"toyota","Toyota Yaris",1,"25650","Automatic","Petrol",20
"toyota","Toyota Yaris",1,"18990","Manual","Petrol",20
"toyota","Toyota Yaris",1,"49900","Manual","Petrol",570
"toyota","Toyota Yaris",1,"20990","Manual","Petrol",10
"toyota","Toyota Yaris",1,"21970","Manual","Petrol",10
"toyota","Toyota Yaris",1,"19250","Manual","Petrol",11
"toyota","Toyota Yaris",1,"19490","Manual","Petrol",10
"toyota","Toyota Yaris",1,"21790","Manual","Petrol",10
"toyota","Toyota Yaris",1,"17990","Manual","Petrol",10
"toyota","Toyota Yaris",1,"17990","Manual","Petrol",10
"toyota","Toyota Yaris",1,"17990","Manual","Petrol",10
"toyota","Toyota Yaris",1,"17990","Manual","Petrol",10
"toyota","Toyota Yaris",1,"22390","Manual","Petrol",1100
"toyota","Toyota Yaris",1,"21990","Manual","Petrol",20
"toyota","Toyota Yaris",1,"23980","Manual","Petrol",5
"toyota","Toyota Yaris",1,"18990","Manual","Petrol",5
"toyota","Toyota Yaris",1,"19990","Manual","Petrol",10
"toyota","Toyota Yaris",1,"19990","Manual","Petrol",0
"toyota","Toyota Yaris",1,"19990","Manual","Petrol",0
"toyota","Toyota Yaris",1,"19990","Manual","Petrol",0
"toyota","Toyota Yaris",1,"19990","Manual","Petrol",0
"toyota","Toyota Yaris",1,"19890","Manual","Petrol",0
"toyota","Toyota Yaris",1,"19990","Manual","Petrol",0
"toyota","Toyota Yaris",1,"21970","Manual","Petrol",10
"toyota","Toyota Yaris",1,"26490","Manual","Petrol",10
"toyota","Toyota Yaris",1,"19980","Manual","Petrol",15
"toyota","Toyota Yaris",1,"39700","Manual","Petrol",602
"toyota","Toyota Yaris",1,"41990","Manual","Petrol",5
"toyota","Toyota Yaris",1,"17990","Automatic","Petrol",10
"toyota","Toyota Yaris",1,"23970","Manual","Petrol",345
"toyota","Toyota Yaris",1,"49900","Manual","Petrol",570
"toyota","Toyota Yaris",1,"19750","Manual","Petrol",15
"toyota","Toyota Yaris",1,"49900","Manual","Petrol",570
"toyota","Toyota Yaris",1,"48000","Manual","Petrol",29
"toyota","Toyota Yaris",1,"19750","Manual","Petrol",15
"toyota","Toyota Yaris",1,"17980","Manual","Petrol",10
"toyota","Toyota Yaris",1,"17980","Manual","Petrol",10
"toyota","Toyota Yaris",1,"17980","Manual","Petrol",10
"toyota","Toyota Yaris",1,"27770","Manual","Petrol",10
"toyota","Toyota Yaris",1,"17777","Manual","Petrol",50
"toyota","Toyota Yaris",1,"21970","Manual","Petrol",10
