"brand","model","year","price_in_euro","transmission_type","fuel_type","mileage_in_km"
"ford","Ford Focus","2003",22500,"Manual","Petrol",197000
"ford","Ford Focus","2006",11000,"Manual","Petrol",145000
"ford","Ford Focus","2007",11000,"Manual","Petrol",130000
"ford","Ford Focus","2009",44990,"Manual","Petrol",56906
"ford","Ford Focus","2009",44999,"Manual","Petrol",41906
"ford","Ford Focus","2009",16660,"Manual","Petrol",199406
"ford","Ford Focus","2009",14000,"Manual","Petrol",166666
"ford","Ford Focus","2010",37550,"Manual","Petrol",61707
"ford","Ford Focus","2010",33000,"Manual","Petrol",68000
"ford","Ford Focus","2010",25000,"Manual","Petrol",140000
"ford","Ford Focus","2010",25000,"Manual","Petrol",140000
"ford","Ford Focus","2010",25000,"Manual","Petrol",140000
"ford","Ford Focus","2010",11500,"Manual","Petrol",175000
"ford","Ford Focus","2010",36940,"Manual","Petrol",92500
"ford","Ford Focus","2011",11990,"Manual","Petrol",112299
"ford","Ford Focus","2011",10250,"Manual","Petrol",87744
"ford","Ford Focus","2011",10499,"Manual","Petrol",98974
"ford","Ford Focus","2011",12455,"Manual","Petrol",57000
"ford","Ford Focus","2011",10500,"Manual","Petrol",49885
"ford","Ford Focus","2012",16900,"Manual","Petrol",52000
"ford","Ford Focus","2012",10990,"Manual","Petrol",91063
"ford","Ford Focus","2012",11990,"Manual","Petrol",128500
"ford","Ford Focus","2012",11499,"Manual","Petrol",190000
"ford","Ford Focus","2012",20490,"Manual","Petrol",173000
"ford","Ford Focus","2013",15980,"Manual","Petrol",57400
"ford","Ford Focus","2013",10490,"Manual","Petrol",146100
"ford","Ford Focus","2013",16990,"Manual","Petrol",75300
"ford","Ford Focus","2013",12000,"Manual","Petrol",148000
"ford","Ford Focus","2013",23290,"Manual","Petrol",75400
"ford","Ford Focus","2013",11100,"Manual","Petrol",63104
"ford","Ford Focus","2013",10990,"Manual","Petrol",106500
"ford","Ford Focus","2013",11100,"Manual","Petrol",63104
"ford","Ford Focus","2013",12988,"Manual","Petrol",119938
"ford","Ford Focus","2013",10399,"Manual","Petrol",96933
"ford","Ford Focus","2013",27000,"Manual","Petrol",99999
"ford","Ford Focus","2013",12900,"Manual","Petrol",36714
"ford","Ford Focus","2013",12850,"Manual","Petrol",32014
"ford","Ford Focus","2013",10990,"Manual","Petrol",75414
"ford","Ford Focus","2013",10990,"Manual","Petrol",127000
"ford","Ford Focus","2013",11500,"Manual","Petrol",85000
"ford","Ford Focus","2013",12000,"Manual","Petrol",107000
"ford","Ford Focus","2013",12750,"Manual","Petrol",110000
"ford","Ford Focus","2013",15475,"Manual","Petrol",117000
"ford","Ford Focus","2013",11890,"Manual","Petrol",129873
"ford","Ford Focus","2013",11790,"Manual","Petrol",167214
"ford","Ford Focus","2013",15990,"Manual","Petrol",95716
"ford","Ford Focus","2013",10990,"Manual","Petrol",120200
"ford","Ford Focus","2013",13850,"Manual","Petrol",108000
"ford","Ford Focus","2013",13900,"Manual","Petrol",110000
"ford","Ford Focus","2013",11480,"Manual","Petrol",100000
"ford","Ford Focus","2013",11400,"Manual","Petrol",169000
"ford","Ford Focus","2014",13690,"Manual","Petrol",37194
"ford","Ford Focus","2014",11500,"Manual","Petrol",87100
"ford","Ford Focus","2014",10980,"Manual","Petrol",99190
"ford","Ford Focus","2014",11640,"Manual","Petrol",99440
"ford","Ford Focus","2014",14890,"Manual","Petrol",112899
"ford","Ford Focus","2014",16200,"Manual","Petrol",79000
"ford","Ford Focus","2014",11490,"Manual","Petrol",64352
"ford","Ford Focus","2014",10900,"Manual","Petrol",106000
"ford","Ford Focus","2014",14760,"Manual","Petrol",31606
"ford","Ford Focus","2014",12350,"Manual","Petrol",99500
"ford","Ford Focus","2014",10990,"Manual","Petrol",77263
"ford","Ford Focus","2014",13690,"Manual","Petrol",106720
"ford","Ford Focus","2014",10190,"Manual","Petrol",103740
"ford","Ford Focus","2014",10140,"Manual","Petrol",103798
"ford","Ford Focus","2014",10190,"Manual","Petrol",103798
"ford","Ford Focus","2014",13970,"Manual","Petrol",66497
"ford","Ford Focus","2014",10340,"Manual","Petrol",81571
"ford","Ford Focus","2014",12990,"Manual","Petrol",65000
"ford","Ford Focus","2014",13999,"Manual","Petrol",102510
"ford","Ford Focus","2014",14490,"Manual","Petrol",56600
"ford","Ford Focus","2014",13500,"Manual","Petrol",80000
"ford","Ford Focus","2014",14999,"Manual","Petrol",114700
"ford","Ford Focus","2014",12950,"Manual","Petrol",58500
"ford","Ford Focus","2014",10990,"Manual","Petrol",44999
"ford","Ford Focus","2014",14500,"Manual","Petrol",120050
"ford","Ford Focus","2014",12990,"Manual","Petrol",94700
"ford","Ford Focus","2014",10500,"Manual","Petrol",98131
"ford","Ford Focus","2014",11500,"Manual","Petrol",63060
"ford","Ford Focus","2014",11499,"Manual","Petrol",150000
"ford","Ford Focus","2014",11000,"Manual","Petrol",99935
"ford","Ford Focus","2014",13800,"Manual","Petrol",100105
"ford","Ford Focus","2014",12979,"Manual","Petrol",109000
"ford","Ford Focus","2014",12720,"Manual","Petrol",80289
"ford","Ford Focus","2014",13990,"Manual","Petrol",47395
"ford","Ford Focus","2014",10380,"Manual","Petrol",97200
"ford","Ford Focus","2014",38000,"Manual","Petrol",192566
"ford","Ford Focus","2014",12100,"Manual","Petrol",63700
"ford","Ford Focus","2014",11300,"Manual","Petrol",74201
"ford","Ford Focus","2014",10210,"Manual","Petrol",110343
"ford","Ford Focus","2014",12490,"Manual","Petrol",74100
"ford","Ford Focus","2014",15695,"Manual","Petrol",149970
"ford","Ford Focus","2014",11450,"Manual","Petrol",68980
"ford","Ford Focus","2014",14900,"Manual","Petrol",158100
"ford","Ford Focus","2014",11795,"Manual","Petrol",106000
"ford","Ford Focus","2014",13999,"Manual","Petrol",72800
"ford","Ford Focus","2014",10910,"Manual","Petrol",89800
"ford","Ford Focus","2014",13990,"Manual","Petrol",77960
"ford","Ford Focus","2014",10580,"Manual","Petrol",73000
"ford","Ford Focus","2014",12980,"Manual","Petrol",109600
"ford","Ford Focus","2014",12000,"Manual","Petrol",136000
"ford","Ford Focus","2014",13570,"Manual","Petrol",65204
"ford","Ford Focus","2014",14550,"Manual","Petrol",106000
"ford","Ford Focus","2014",12490,"Manual","Petrol",58300
"ford","Ford Focus","2014",16980,"Manual","Petrol",63001
"ford","Ford Focus","2014",10970,"Manual","Petrol",65204
"ford","Ford Focus","2014",10400,"Manual","Petrol",77000
"ford","Ford Focus","2014",11960,"Manual","Petrol",100100
"ford","Ford Focus","2015",14922,"Manual","Petrol",63711
"ford","Ford Focus","2015",11990,"Manual","Petrol",42546
"ford","Ford Focus","2015",11500,"Manual","Petrol",115168
"ford","Ford Focus","2015",10980,"Manual","Petrol",112000
"ford","Ford Focus","2015",15990,"Manual","Petrol",113000
"ford","Ford Focus","2015",10800,"Manual","Petrol",63105
"ford","Ford Focus","2015",10900,"Manual","Petrol",104405
"ford","Ford Focus","2015",11490,"Manual","Petrol",49000
"ford","Ford Focus","2015",10800,"Manual","Petrol",21000
"ford","Ford Focus","2015",10990,"Manual","Petrol",69989
"ford","Ford Focus","2015",11900,"Manual","Petrol",104500
"ford","Ford Focus","2015",11980,"Manual","Petrol",121513
"ford","Ford Focus","2015",20999,"Manual","Petrol",58300
"ford","Ford Focus","2015",11880,"Manual","Petrol",137000
"ford","Ford Focus","2015",11730,"Manual","Petrol",112060
"ford","Ford Focus","2015",11990,"Manual","Petrol",82000
"ford","Ford Focus","2015",22930,"Manual","Petrol",79735
"ford","Ford Focus","2015",12300,"Manual","Petrol",135250
"ford","Ford Focus","2015",33880,"Manual","Petrol",39246
"ford","Ford Focus","2015",10200,"Manual","Petrol",98000
"ford","Ford Focus","2015",19290,"Manual","Petrol",75750
"ford","Ford Focus","2015",13330,"Manual","Petrol",87608
"ford","Ford Focus","2015",19290,"Manual","Petrol",75750
"ford","Ford Focus","2015",19290,"Manual","Petrol",75750
"ford","Ford Focus","2015",19290,"Manual","Petrol",75750
"ford","Ford Focus","2015",14700,"Manual","Petrol",59830
"ford","Ford Focus","2015",11990,"Manual","Petrol",62150
"ford","Ford Focus","2015",12990,"Manual","Petrol",78350
"ford","Ford Focus","2015",11690,"Manual","Petrol",110000
"ford","Ford Focus","2015",13330,"Manual","Petrol",87608
"ford","Ford Focus","2015",11970,"Manual","Petrol",84750
"ford","Ford Focus","2015",12600,"Manual","Petrol",100002
"ford","Ford Focus","2015",10897,"Manual","Petrol",45600
"ford","Ford Focus","2015",12250,"Manual","Petrol",48350
"ford","Ford Focus","2015",16480,"Manual","Petrol",49500
"ford","Ford Focus","2015",12999,"Manual","Petrol",79646
"ford","Ford Focus","2015",13650,"Manual","Petrol",99980
"ford","Ford Focus","2015",12890,"Manual","Petrol",90000
"ford","Ford Focus","2015",15990,"Manual","Petrol",91987
"ford","Ford Focus","2015",11950,"Manual","Petrol",135428
"ford","Ford Focus","2015",11899,"Manual","Petrol",89247
"ford","Ford Focus","2015",17990,"Manual","Petrol",73500
"ford","Ford Focus","2015",12700,"Manual","Petrol",85900
"ford","Ford Focus","2015",10990,"Manual","Petrol",80409
"ford","Ford Focus","2015",12890,"Manual","Petrol",77625
"ford","Ford Focus","2015",22990,"Manual","Petrol",175000
"ford","Ford Focus","2015",15490,"Manual","Petrol",122250
"ford","Ford Focus","2015",15990,"Manual","Petrol",93070
"ford","Ford Focus","2015",17979,"Manual","Petrol",103500
"ford","Ford Focus","2015",13750,"Manual","Petrol",101000
"ford","Ford Focus","2015",13460,"Manual","Petrol",81918
"ford","Ford Focus","2015",17990,"Manual","Petrol",78707
"ford","Ford Focus","2015",14790,"Manual","Petrol",60000
"ford","Ford Focus","2015",12890,"Manual","Petrol",98225
"ford","Ford Focus","2015",11450,"Manual","Petrol",81573
"ford","Ford Focus","2015",11500,"Manual","Petrol",78446
"ford","Ford Focus","2015",12990,"Manual","Petrol",75000
"ford","Ford Focus","2015",14490,"Manual","Petrol",95450
"ford","Ford Focus","2015",10999,"Manual","Petrol",95357
"ford","Ford Focus","2015",11250,"Manual","Petrol",75000
"ford","Ford Focus","2015",10900,"Manual","Petrol",33600
"ford","Ford Focus","2015",13299,"Manual","Petrol",108000
"ford","Ford Focus","2015",10989,"Manual","Petrol",138327
"ford","Ford Focus","2015",18000,"Manual","Petrol",87000
"ford","Ford Focus","2015",17990,"Manual","Petrol",58883
"ford","Ford Focus","2015",12300,"Manual","Petrol",46000
"ford","Ford Focus","2015",12300,"Manual","Petrol",86000
"ford","Ford Focus","2015",15290,"Manual","Petrol",74658
"ford","Ford Focus","2015",13500,"Manual","Petrol",128000
"ford","Ford Focus","2015",15890,"Manual","Petrol",95000
"ford","Ford Focus","2015",12500,"Manual","Petrol",47950
"ford","Ford Focus","2015",10500,"Manual","Petrol",52500
"ford","Ford Focus","2015",24990,"Manual","Petrol",50215
"ford","Ford Focus","2015",17400,"Manual","Petrol",86700
"ford","Ford Focus","2015",12740,"Manual","Petrol",84579
"ford","Ford Focus","2015",18000,"Manual","Petrol",83000
"ford","Ford Focus","2015",11740,"Manual","Petrol",101131
"ford","Ford Focus","2015",13990,"Manual","Petrol",78003
"ford","Ford Focus","2015",19750,"Manual","Petrol",83500
"ford","Ford Focus","2015",10990,"Manual","Petrol",98652
"ford","Ford Focus","2016",17990,"Manual","Petrol",33219
"ford","Ford Focus","2016",36999,"Manual","Petrol",14100
"ford","Ford Focus","2016",35700,"Manual","Petrol",17700
"ford","Ford Focus","2016",18990,"Manual","Petrol",71000
"ford","Ford Focus","2016",14790,"Manual","Petrol",57360
"ford","Ford Focus","2016",31999,"Manual","Petrol",36141
"ford","Ford Focus","2016",11490,"Manual","Petrol",62181
"ford","Ford Focus","2016",15900,"Manual","Petrol",145085
"ford","Ford Focus","2016",31999,"Manual","Petrol",61540
"ford","Ford Focus","2016",15730,"Manual","Petrol",116656
"ford","Ford Focus","2016",13800,"Manual","Petrol",47320
"ford","Ford Focus","2016",32900,"Manual","Petrol",41000
"ford","Ford Focus","2016",10990,"Manual","Petrol",95000
"ford","Ford Focus","2016",10490,"Manual","Petrol",80245
"ford","Ford Focus","2016",15390,"Manual","Petrol",79642
"ford","Ford Focus","2016",14990,"Manual","Petrol",101665
"ford","Ford Focus","2016",10500,"Manual","Petrol",72000
"ford","Ford Focus","2016",12890,"Manual","Petrol",82309
"ford","Ford Focus","2016",13900,"Manual","Petrol",80811
"ford","Ford Focus","2016",14500,"Manual","Petrol",28100
"ford","Ford Focus","2016",10990,"Manual","Petrol",87800
"ford","Ford Focus","2016",13890,"Manual","Petrol",56609
"ford","Ford Focus","2016",28490,"Manual","Petrol",83000
"ford","Ford Focus","2016",17500,"Manual","Petrol",82700
"ford","Ford Focus","2016",13000,"Manual","Petrol",92139
"ford","Ford Focus","2016",10950,"Manual","Petrol",94600
"ford","Ford Focus","2016",19930,"Manual","Petrol",80020
"ford","Ford Focus","2016",12895,"Manual","Petrol",96588
"ford","Ford Focus","2016",17900,"Manual","Petrol",41953
"ford","Ford Focus","2016",12650,"Manual","Petrol",97300
"ford","Ford Focus","2016",16490,"Manual","Petrol",172000
"ford","Ford Focus","2016",17999,"Manual","Petrol",41200
"ford","Ford Focus","2016",30980,"Manual","Petrol",65810
"ford","Ford Focus","2016",13790,"Manual","Petrol",79532
"ford","Ford Focus","2016",14490,"Manual","Petrol",50331
"ford","Ford Focus","2016",14999,"Manual","Petrol",43900
"ford","Ford Focus","2016",13990,"Manual","Petrol",61395
"ford","Ford Focus","2016",13110,"Manual","Petrol",96316
"ford","Ford Focus","2016",17980,"Manual","Petrol",98794
"ford","Ford Focus","2016",13990,"Manual","Petrol",55633
"ford","Ford Focus","2016",11499,"Manual","Petrol",111693
"ford","Ford Focus","2016",11999,"Manual","Petrol",118000
"ford","Ford Focus","2016",13490,"Manual","Petrol",22350
"ford","Ford Focus","2016",12750,"Manual","Petrol",61500
"ford","Ford Focus","2016",12550,"Manual","Petrol",101350
"ford","Ford Focus","2016",13990,"Manual","Petrol",117936
"ford","Ford Focus","2016",13110,"Manual","Petrol",96316
"ford","Ford Focus","2016",13500,"Manual","Petrol",94000
"ford","Ford Focus","2016",15250,"Manual","Petrol",64800
"ford","Ford Focus","2016",12990,"Manual","Petrol",80500
"ford","Ford Focus","2016",12990,"Manual","Petrol",64674
"ford","Ford Focus","2016",11950,"Manual","Petrol",97000
"ford","Ford Focus","2016",12450,"Manual","Petrol",109689
"ford","Ford Focus","2016",12990,"Manual","Petrol",77500
"ford","Ford Focus","2016",13990,"Manual","Petrol",85469
"ford","Ford Focus","2016",15490,"Manual","Petrol",76393
"ford","Ford Focus","2016",16400,"Manual","Petrol",99211
"ford","Ford Focus","2016",15500,"Manual","Petrol",110000
"ford","Ford Focus","2016",15490,"Manual","Petrol",93739
"ford","Ford Focus","2016",16990,"Manual","Petrol",62380
"ford","Ford Focus","2016",12990,"Manual","Petrol",81000
"ford","Ford Focus","2016",11500,"Manual","Petrol",129749
"ford","Ford Focus","2016",10490,"Manual","Petrol",115000
"ford","Ford Focus","2016",12500,"Manual","Petrol",49000
"ford","Ford Focus","2016",18980,"Manual","Petrol",56546
"ford","Ford Focus","2016",12500,"Manual","Petrol",35000
"ford","Ford Focus","2016",14499,"Manual","Petrol",30800
"ford","Ford Focus","2016",13300,"Manual","Petrol",95000
"ford","Ford Focus","2016",11750,"Manual","Petrol",93900
"ford","Ford Focus","2016",21490,"Manual","Petrol",32000
"ford","Ford Focus","2016",16950,"Manual","Petrol",85000
"ford","Ford Focus","2016",10990,"Manual","Petrol",81000
"ford","Ford Focus","2016",12010,"Manual","Petrol",57677
"ford","Ford Focus","2016",10490,"Manual","Petrol",137226
"ford","Ford Focus","2016",15500,"Manual","Petrol",60100
"ford","Ford Focus","2016",15890,"Manual","Petrol",50301
"ford","Ford Focus","2016",21999,"Manual","Petrol",64008
"ford","Ford Focus","2016",44500,"Manual","Petrol",106273
"ford","Ford Focus","2016",11450,"Manual","Petrol",82390
"ford","Ford Focus","2016",10500,"Manual","Petrol",90000
"ford","Ford Focus","2016",13300,"Manual","Petrol",44698
"ford","Ford Focus","2016",11790,"Manual","Petrol",45100
"ford","Ford Focus","2016",13250,"Manual","Petrol",86178
"ford","Ford Focus","2016",14900,"Manual","Petrol",88012
"ford","Ford Focus","2016",16599,"Manual","Petrol",50000
"ford","Ford Focus","2016",23990,"Manual","Petrol",98000
"ford","Ford Focus","2016",19480,"Manual","Petrol",171236
"ford","Ford Focus","2016",12100,"Manual","Petrol",133000
"ford","Ford Focus","2016",11230,"Manual","Petrol",92940
"ford","Ford Focus","2016",14800,"Manual","Petrol",61000
"ford","Ford Focus","2016",16590,"Manual","Petrol",48428
"ford","Ford Focus","2016",19990,"Manual","Petrol",88000
"ford","Ford Focus","2016",12999,"Manual","Petrol",97200
"ford","Ford Focus","2016",12400,"Manual","Petrol",83500
"ford","Ford Focus","2016",12990,"Manual","Petrol",82000
"ford","Ford Focus","2016",13990,"Manual","Petrol",43318
"ford","Ford Focus","2016",14990,"Manual","Petrol",80000
"ford","Ford Focus","2016",14990,"Manual","Petrol",60936
"ford","Ford Focus","2016",11999,"Manual","Petrol",14900
"ford","Ford Focus","2016",17490,"Manual","Petrol",79400
"ford","Ford Focus","2016",12980,"Manual","Petrol",26160
"ford","Ford Focus","2016",14289,"Manual","Petrol",89711
"ford","Ford Focus","2016",10599,"Manual","Petrol",127000
"ford","Ford Focus","2016",11830,"Manual","Petrol",62567
"ford","Ford Focus","2016",13530,"Manual","Petrol",96622
"ford","Ford Focus","2016",11290,"Manual","Petrol",110388
"ford","Ford Focus","2016",13530,"Manual","Petrol",96622
"ford","Ford Focus","2016",12998,"Manual","Petrol",61000
"ford","Ford Focus","2016",11450,"Manual","Petrol",108816
"ford","Ford Focus","2016",11685,"Manual","Petrol",92233
"ford","Ford Focus","2016",11990,"Manual","Petrol",125000
"ford","Ford Focus","2016",12900,"Manual","Petrol",84835
"ford","Ford Focus","2016",15890,"Manual","Petrol",67210
"ford","Ford Focus","2016",11990,"Manual","Petrol",84479
"ford","Ford Focus","2016",14000,"Manual","Petrol",82966
"ford","Ford Focus","2016",17980,"Manual","Petrol",50900
"ford","Ford Focus","2016",10550,"Manual","Petrol",57465
"ford","Ford Focus","2016",13990,"Manual","Petrol",77800
"ford","Ford Focus","2016",31950,"Manual","Petrol",87517
"ford","Ford Focus","2016",12760,"Manual","Petrol",57336
"ford","Ford Focus","2016",10800,"Manual","Petrol",132601
"ford","Ford Focus","2016",12889,"Manual","Petrol",58975
"ford","Ford Focus","2016",11900,"Manual","Petrol",46530
"ford","Ford Focus","2016",15990,"Manual","Petrol",126000
"ford","Ford Focus","2016",10300,"Manual","Petrol",96000
"ford","Ford Focus","2016",13300,"Manual","Petrol",115128
"ford","Ford Focus","2016",13850,"Manual","Petrol",82391
"ford","Ford Focus","2016",14690,"Manual","Petrol",56331
"ford","Ford Focus","2016",11990,"Manual","Petrol",98941
"ford","Ford Focus","2016",15490,"Manual","Petrol",86759
"ford","Ford Focus","2017",29990,"Manual","Petrol",102224
"ford","Ford Focus","2017",14890,"Manual","Petrol",52923
"ford","Ford Focus","2017",13220,"Manual","Petrol",32088
"ford","Ford Focus","2017",20990,"Manual","Petrol",33169
"ford","Ford Focus","2017",10500,"Manual","Petrol",37976
"ford","Ford Focus","2017",11944,"Manual","Petrol",94434
"ford","Ford Focus","2017",31800,"Manual","Petrol",69500
"ford","Ford Focus","2017",37999,"Manual","Petrol",62000
"ford","Ford Focus","2017",17990,"Manual","Petrol",79751
"ford","Ford Focus","2017",13900,"Manual","Petrol",76580
"ford","Ford Focus","2017",32980,"Manual","Petrol",53850
"ford","Ford Focus","2017",13780,"Manual","Petrol",117000
"ford","Ford Focus","2017",20990,"Manual","Petrol",64877
"ford","Ford Focus","2017",16880,"Manual","Petrol",37150
"ford","Ford Focus","2017",16500,"Manual","Petrol",120000
"ford","Ford Focus","2017",33990,"Manual","Petrol",85000
"ford","Ford Focus","2017",18900,"Manual","Petrol",94000
"ford","Ford Focus","2017",18900,"Manual","Petrol",74000
"ford","Ford Focus","2017",11450,"Manual","Petrol",99525
"ford","Ford Focus","2017",14980,"Manual","Petrol",84855
"ford","Ford Focus","2017",14990,"Manual","Petrol",74709
"ford","Ford Focus","2017",12490,"Manual","Petrol",104500
"ford","Ford Focus","2017",11790,"Manual","Petrol",117500
"ford","Ford Focus","2017",11570,"Manual","Petrol",78059
"ford","Ford Focus","2017",34999,"Manual","Petrol",43000
"ford","Ford Focus","2017",47000,"Manual","Petrol",108000
"ford","Ford Focus","2017",31990,"Manual","Petrol",81250
"ford","Ford Focus","2017",13900,"Manual","Petrol",108000
"ford","Ford Focus","2017",12990,"Manual","Petrol",74950
"ford","Ford Focus","2017",11900,"Manual","Petrol",84485
"ford","Ford Focus","2017",13999,"Manual","Petrol",47500
"ford","Ford Focus","2017",16490,"Manual","Petrol",120000
"ford","Ford Focus","2017",15500,"Manual","Petrol",55800
"ford","Ford Focus","2017",29900,"Manual","Petrol",71000
"ford","Ford Focus","2017",10999,"Manual","Petrol",117000
"ford","Ford Focus","2017",34000,"Manual","Petrol",45000
"ford","Ford Focus","2017",16490,"Manual","Petrol",64562
"ford","Ford Focus","2017",11990,"Manual","Petrol",99972
"ford","Ford Focus","2017",17980,"Manual","Petrol",52853
"ford","Ford Focus","2017",19770,"Manual","Petrol",62700
"ford","Ford Focus","2017",14990,"Manual","Petrol",32110
"ford","Ford Focus","2017",16990,"Manual","Petrol",82279
"ford","Ford Focus","2017",15490,"Manual","Petrol",58410
"ford","Ford Focus","2017",34600,"Manual","Petrol",46270
"ford","Ford Focus","2017",11450,"Manual","Petrol",99939
"ford","Ford Focus","2017",12680,"Manual","Petrol",103833
"ford","Ford Focus","2017",10800,"Manual","Petrol",142000
"ford","Ford Focus","2017",20990,"Manual","Petrol",110000
"ford","Ford Focus","2017",15300,"Manual","Petrol",69150
"ford","Ford Focus","2017",11950,"Manual","Petrol",55950
"ford","Ford Focus","2017",16650,"Manual","Petrol",69259
"ford","Ford Focus","2017",11999,"Manual","Petrol",102761
"ford","Ford Focus","2017",13130,"Manual","Petrol",67958
"ford","Ford Focus","2017",12950,"Manual","Petrol",97822
"ford","Ford Focus","2017",14890,"Manual","Petrol",94100
"ford","Ford Focus","2017",13290,"Manual","Petrol",87000
"ford","Ford Focus","2017",17480,"Manual","Petrol",72214
"ford","Ford Focus","2017",15495,"Manual","Petrol",66950
"ford","Ford Focus","2017",12490,"Manual","Petrol",140934
"ford","Ford Focus","2017",25690,"Manual","Petrol",60385
"ford","Ford Focus","2017",16500,"Manual","Petrol",121000
"ford","Ford Focus","2017",11990,"Manual","Petrol",110000
"ford","Ford Focus","2017",14590,"Manual","Petrol",89680
"ford","Ford Focus","2017",13599,"Manual","Petrol",87000
"ford","Ford Focus","2017",15790,"Manual","Petrol",84395
"ford","Ford Focus","2017",13990,"Manual","Petrol",110417
"ford","Ford Focus","2017",10590,"Manual","Petrol",90000
"ford","Ford Focus","2017",15990,"Manual","Petrol",17250
"ford","Ford Focus","2017",38300,"Manual","Petrol",76400
"ford","Ford Focus","2017",14490,"Manual","Petrol",89650
"ford","Ford Focus","2017",15900,"Manual","Petrol",69900
"ford","Ford Focus","2017",18100,"Manual","Petrol",53800
"ford","Ford Focus","2017",18090,"Manual","Petrol",50119
"ford","Ford Focus","2017",32500,"Manual","Petrol",53000
"ford","Ford Focus","2017",13290,"Manual","Petrol",41850
"ford","Ford Focus","2017",15150,"Manual","Petrol",30200
"ford","Ford Focus","2017",19980,"Manual","Petrol",89310
"ford","Ford Focus","2017",19970,"Manual","Petrol",82873
"ford","Ford Focus","2017",23690,"Manual","Petrol",60200
"ford","Ford Focus","2017",28030,"Manual","Petrol",83773
"ford","Ford Focus","2017",14499,"Manual","Petrol",110834
"ford","Ford Focus","2017",34950,"Manual","Petrol",37866
"ford","Ford Focus","2017",22493,"Manual","Petrol",47388
"ford","Ford Focus","2017",15280,"Manual","Petrol",48760
"ford","Ford Focus","2017",14999,"Manual","Petrol",65055
"ford","Ford Focus","2017",21498,"Manual","Petrol",64000
"ford","Ford Focus","2017",19990,"Manual","Petrol",38000
"ford","Ford Focus","2017",19990,"Manual","Petrol",63000
"ford","Ford Focus","2017",14990,"Manual","Petrol",47000
"ford","Ford Focus","2017",15990,"Manual","Petrol",72778
"ford","Ford Focus","2017",24890,"Manual","Petrol",41093
"ford","Ford Focus","2017",20990,"Manual","Petrol",97000
"ford","Ford Focus","2017",16390,"Manual","Petrol",71250
"ford","Ford Focus","2017",13790,"Manual","Petrol",45569
"ford","Ford Focus","2017",17999,"Manual","Petrol",46414
"ford","Ford Focus","2017",10999,"Manual","Petrol",40413
"ford","Ford Focus","2017",37800,"Manual","Petrol",106500
"ford","Ford Focus","2017",11890,"Manual","Petrol",109869
"ford","Ford Focus","2017",29480,"Manual","Petrol",110700
"ford","Ford Focus","2017",13800,"Manual","Petrol",56000
"ford","Ford Focus","2017",21499,"Manual","Petrol",81555
"ford","Ford Focus","2017",37460,"Manual","Petrol",80119
"ford","Ford Focus","2017",35000,"Manual","Petrol",70000
"ford","Ford Focus","2017",11500,"Manual","Petrol",94000
"ford","Ford Focus","2017",15899,"Manual","Petrol",69590
"ford","Ford Focus","2017",15979,"Manual","Petrol",95300
"ford","Ford Focus","2017",21999,"Manual","Petrol",75968
"ford","Ford Focus","2017",14000,"Manual","Petrol",89566
"ford","Ford Focus","2017",21990,"Manual","Petrol",94275
"ford","Ford Focus","2017",14988,"Manual","Petrol",102350
"ford","Ford Focus","2017",15890,"Manual","Petrol",71337
"ford","Ford Focus","2017",14988,"Manual","Petrol",102350
"ford","Ford Focus","2017",14988,"Manual","Petrol",102350
"ford","Ford Focus","2017",13490,"Manual","Petrol",76120
"ford","Ford Focus","2017",15900,"Manual","Petrol",52400
"ford","Ford Focus","2017",14890,"Manual","Petrol",99500
"ford","Ford Focus","2017",13670,"Manual","Petrol",52500
"ford","Ford Focus","2017",14988,"Manual","Petrol",102350
"ford","Ford Focus","2017",15499,"Manual","Petrol",78500
"ford","Ford Focus","2017",14988,"Manual","Petrol",102350
"ford","Ford Focus","2017",13850,"Manual","Petrol",84897
"ford","Ford Focus","2017",16995,"Manual","Petrol",70900
"ford","Ford Focus","2017",12990,"Manual","Petrol",71100
"ford","Ford Focus","2017",12390,"Manual","Petrol",81980
"ford","Ford Focus","2017",11840,"Manual","Petrol",107893
"ford","Ford Focus","2017",16900,"Manual","Petrol",72580
"ford","Ford Focus","2017",12980,"Manual","Petrol",28000
"ford","Ford Focus","2017",12980,"Manual","Petrol",28000
"ford","Ford Focus","2017",13490,"Manual","Petrol",31500
"ford","Ford Focus","2017",11890,"Manual","Petrol",90000
"ford","Ford Focus","2017",14990,"Manual","Petrol",76235
"ford","Ford Focus","2017",12850,"Manual","Petrol",47559
"ford","Ford Focus","2017",21490,"Manual","Petrol",72552
"ford","Ford Focus","2017",12980,"Manual","Petrol",61250
"ford","Ford Focus","2017",14440,"Manual","Petrol",73514
"ford","Ford Focus","2017",20990,"Manual","Petrol",83879
"ford","Ford Focus","2017",12500,"Manual","Petrol",59000
"ford","Ford Focus","2017",16750,"Manual","Petrol",59000
"ford","Ford Focus","2017",21990,"Manual","Petrol",49520
"ford","Ford Focus","2017",34900,"Manual","Petrol",63100
"ford","Ford Focus","2017",31790,"Manual","Petrol",83879
"ford","Ford Focus","2017",14310,"Manual","Petrol",70960
"ford","Ford Focus","2017",18850,"Manual","Petrol",90900
"ford","Ford Focus","2017",16990,"Manual","Petrol",54034
"ford","Ford Focus","2017",20900,"Manual","Petrol",93447
"ford","Ford Focus","2017",12900,"Manual","Petrol",22500
"ford","Ford Focus","2017",40000,"Manual","Petrol",59823
"ford","Ford Focus","2017",21500,"Manual","Petrol",47500
"ford","Ford Focus","2017",14950,"Manual","Petrol",56900
"ford","Ford Focus","2017",31990,"Manual","Petrol",69900
"ford","Ford Focus","2017",34000,"Manual","Petrol",38000
"ford","Ford Focus","2017",13990,"Manual","Petrol",64611
"ford","Ford Focus","2017",35000,"Manual","Petrol",54000
"ford","Ford Focus","2018",15350,"Manual","Petrol",64850
"ford","Ford Focus","2018",15946,"Manual","Petrol",66613
"ford","Ford Focus","2018",15946,"Manual","Petrol",66613
"ford","Ford Focus","2018",15280,"Manual","Petrol",67674
"ford","Ford Focus","2018",18490,"Manual","Petrol",46700
"ford","Ford Focus","2018",14885,"Manual","Petrol",72195
"ford","Ford Focus","2018",21400,"Manual","Petrol",26700
"ford","Ford Focus","2018",15890,"Manual","Petrol",25000
"ford","Ford Focus","2018",36980,"Manual","Petrol",79970
"ford","Ford Focus","2018",29970,"Manual","Petrol",36455
"ford","Ford Focus","2018",14824,"Manual","Petrol",62400
"ford","Ford Focus","2018",36980,"Manual","Petrol",79970
"ford","Ford Focus","2018",19470,"Manual","Petrol",92215
"ford","Ford Focus","2018",10590,"Manual","Petrol",123000
"ford","Ford Focus","2018",16789,"Manual","Petrol",75662
"ford","Ford Focus","2018",16990,"Manual","Petrol",57816
"ford","Ford Focus","2018",16890,"Manual","Petrol",46807
"ford","Ford Focus","2018",16980,"Manual","Petrol",39042
"ford","Ford Focus","2018",15800,"Manual","Petrol",73500
"ford","Ford Focus","2018",18900,"Manual","Petrol",73000
"ford","Ford Focus","2018",19120,"Manual","Petrol",104458
"ford","Ford Focus","2018",24470,"Manual","Petrol",59090
"ford","Ford Focus","2018",18900,"Manual","Petrol",104458
"ford","Ford Focus","2018",12990,"Manual","Petrol",49889
"ford","Ford Focus","2018",26980,"Manual","Petrol",90000
"ford","Ford Focus","2018",17787,"Manual","Petrol",55000
"ford","Ford Focus","2018",15890,"Manual","Petrol",94695
"ford","Ford Focus","2018",14300,"Manual","Petrol",47600
"ford","Ford Focus","2018",15890,"Manual","Petrol",40395
"ford","Ford Focus","2018",15700,"Manual","Petrol",40900
"ford","Ford Focus","2018",16100,"Manual","Petrol",46000
"ford","Ford Focus","2018",23890,"Manual","Petrol",18800
"ford","Ford Focus","2018",20300,"Manual","Petrol",67500
"ford","Ford Focus","2018",35995,"Manual","Petrol",63500
"ford","Ford Focus","2018",14994,"Manual","Petrol",58645
"ford","Ford Focus","2018",11600,"Manual","Petrol",109000
"ford","Ford Focus","2018",12990,"Manual","Petrol",73992
"ford","Ford Focus","2018",17498,"Manual","Petrol",42000
"ford","Ford Focus","2018",18490,"Manual","Petrol",37630
"ford","Ford Focus","2018",14490,"Manual","Petrol",60000
"ford","Ford Focus","2018",15990,"Manual","Petrol",137500
"ford","Ford Focus","2018",21970,"Manual","Petrol",63000
"ford","Ford Focus","2018",17950,"Manual","Petrol",38500
"ford","Ford Focus","2018",19650,"Manual","Petrol",112300
"ford","Ford Focus","2018",13990,"Manual","Petrol",121500
"ford","Ford Focus","2018",20950,"Manual","Petrol",26000
"ford","Ford Focus","2018",18990,"Manual","Petrol",25859
"ford","Ford Focus","2018",18190,"Manual","Petrol",21000
"ford","Ford Focus","2018",17999,"Manual","Petrol",26500
"ford","Ford Focus","2018",15950,"Manual","Petrol",28830
"ford","Ford Focus","2018",12990,"Manual","Petrol",49889
"ford","Ford Focus","2018",19490,"Manual","Petrol",29000
"ford","Ford Focus","2018",15999,"Manual","Petrol",60000
"ford","Ford Focus","2018",17100,"Manual","Petrol",35280
"ford","Ford Focus","2018",17939,"Manual","Petrol",69673
"ford","Ford Focus","2018",18390,"Manual","Petrol",57338
"ford","Ford Focus","2018",21290,"Manual","Petrol",50800
"ford","Ford Focus","2018",19930,"Manual","Petrol",21226
"ford","Ford Focus","2018",14970,"Manual","Petrol",90034
"ford","Ford Focus","2018",18600,"Manual","Petrol",35529
"ford","Ford Focus","2018",13490,"Manual","Petrol",59000
"ford","Ford Focus","2018",13000,"Manual","Petrol",88000
"ford","Ford Focus","2018",14995,"Manual","Petrol",78640
"ford","Ford Focus","2018",16888,"Manual","Petrol",30000
"ford","Ford Focus","2018",15990,"Manual","Petrol",70990
"ford","Ford Focus","2018",20999,"Manual","Petrol",30000
"ford","Ford Focus","2018",14950,"Manual","Petrol",75450
"ford","Ford Focus","2018",16480,"Manual","Petrol",75900
"ford","Ford Focus","2018",24990,"Manual","Petrol",29000
"ford","Ford Focus","2018",17099,"Manual","Petrol",74188
"ford","Ford Focus","2018",21990,"Manual","Petrol",46100
"ford","Ford Focus","2018",17395,"Manual","Petrol",37218
"ford","Ford Focus","2018",18490,"Manual","Petrol",51733
"ford","Ford Focus","2018",13900,"Manual","Petrol",79409
"ford","Ford Focus","2018",20950,"Manual","Petrol",48198
"ford","Ford Focus","2018",16490,"Manual","Petrol",53031
"ford","Ford Focus","2018",16750,"Manual","Petrol",42505
"ford","Ford Focus","2018",20970,"Manual","Petrol",43840
"ford","Ford Focus","2018",18950,"Manual","Petrol",49900
"ford","Ford Focus","2018",18899,"Manual","Petrol",34827
"ford","Ford Focus","2018",16499,"Manual","Petrol",80000
"ford","Ford Focus","2018",18999,"Manual","Petrol",73000
"ford","Ford Focus","2018",11980,"Manual","Petrol",97600
"ford","Ford Focus","2018",16550,"Manual","Petrol",42100
"ford","Ford Focus","2018",13950,"Manual","Petrol",99850
"ford","Ford Focus","2018",16550,"Manual","Petrol",78999
"ford","Ford Focus","2018",13995,"Manual","Petrol",107000
"ford","Ford Focus","2018",19490,"Manual","Petrol",53156
"ford","Ford Focus","2018",17210,"Manual","Petrol",76590
"ford","Ford Focus","2018",10950,"Manual","Petrol",95000
"ford","Ford Focus","2018",17900,"Manual","Petrol",27177
"ford","Ford Focus","2018",17890,"Manual","Petrol",53550
"ford","Ford Focus","2018",25480,"Manual","Petrol",36000
"ford","Ford Focus","2018",12490,"Manual","Petrol",129500
"ford","Ford Focus","2018",12900,"Manual","Petrol",101200
"ford","Ford Focus","2018",17900,"Manual","Petrol",53700
"ford","Ford Focus","2018",15990,"Manual","Petrol",78950
"ford","Ford Focus","2018",20990,"Manual","Petrol",26200
"ford","Ford Focus","2018",13850,"Manual","Petrol",114000
"ford","Ford Focus","2018",12900,"Manual","Petrol",106000
"ford","Ford Focus","2018",18900,"Manual","Petrol",66000
"ford","Ford Focus","2018",19990,"Manual","Petrol",55000
"ford","Ford Focus","2018",15399,"Manual","Petrol",48000
"ford","Ford Focus","2018",16900,"Manual","Petrol",124049
"ford","Ford Focus","2018",17700,"Manual","Petrol",108600
"ford","Ford Focus","2018",15999,"Manual","Petrol",55614
"ford","Ford Focus","2018",19790,"Manual","Petrol",49207
"ford","Ford Focus","2018",22790,"Manual","Petrol",69458
"ford","Ford Focus","2018",15570,"Manual","Petrol",46700
"ford","Ford Focus","2018",15300,"Manual","Petrol",37669
"ford","Ford Focus","2018",15999,"Manual","Petrol",83200
"ford","Ford Focus","2018",14500,"Manual","Petrol",41616
"ford","Ford Focus","2018",17900,"Manual","Petrol",29000
"ford","Ford Focus","2018",27990,"Manual","Petrol",116004
"ford","Ford Focus","2018",14990,"Manual","Petrol",82950
"ford","Ford Focus","2018",16490,"Manual","Petrol",98000
"ford","Ford Focus","2018",27285,"Manual","Petrol",48996
"ford","Ford Focus","2018",16750,"Manual","Petrol",49800
"ford","Ford Focus","2018",14590,"Manual","Petrol",149709
"ford","Ford Focus","2018",13890,"Manual","Petrol",96749
"ford","Ford Focus","2018",18980,"Manual","Petrol",49180
"ford","Ford Focus","2018",16500,"Manual","Petrol",45000
"ford","Ford Focus","2018",18435,"Manual","Petrol",13900
"ford","Ford Focus","2018",35400,"Manual","Petrol",43800
"ford","Ford Focus","2018",16450,"Manual","Petrol",76534
"ford","Ford Focus","2018",13900,"Manual","Petrol",71500
"ford","Ford Focus","2018",24000,"Manual","Petrol",73110
"ford","Ford Focus","2018",18980,"Manual","Petrol",8290
"ford","Ford Focus","2018",15990,"Manual","Petrol",67919
"ford","Ford Focus","2018",14900,"Manual","Petrol",68545
"ford","Ford Focus","2018",12490,"Manual","Petrol",84571
"ford","Ford Focus","2018",18800,"Manual","Petrol",29200
"ford","Ford Focus","2018",15980,"Manual","Petrol",52681
"ford","Ford Focus","2018",16300,"Manual","Petrol",67000
"ford","Ford Focus","2018",14950,"Manual","Petrol",55500
"ford","Ford Focus","2018",14980,"Manual","Petrol",32000
"ford","Ford Focus","2018",14490,"Manual","Petrol",77000
"ford","Ford Focus","2018",13210,"Manual","Petrol",71399
"ford","Ford Focus","2018",14950,"Manual","Petrol",31250
"ford","Ford Focus","2018",11900,"Manual","Petrol",92410
"ford","Ford Focus","2018",13950,"Manual","Petrol",54044
"ford","Ford Focus","2018",14998,"Manual","Petrol",43500
"ford","Ford Focus","2018",12300,"Manual","Petrol",99500
"ford","Ford Focus","2018",13500,"Manual","Petrol",74462
"ford","Ford Focus","2018",11990,"Manual","Petrol",114800
"ford","Ford Focus","2018",15900,"Manual","Petrol",21500
"ford","Ford Focus","2018",14500,"Manual","Petrol",49000
"ford","Ford Focus","2018",18500,"Manual","Petrol",32000
"ford","Ford Focus","2018",14999,"Manual","Petrol",86934
"ford","Ford Focus","2018",15750,"Manual","Petrol",65810
"ford","Ford Focus","2018",42970,"Manual","Petrol",54840
"ford","Ford Focus","2018",15890,"Manual","Petrol",51700
"ford","Ford Focus","2018",15950,"Manual","Petrol",59929
"ford","Ford Focus","2018",13780,"Manual","Petrol",155360
"ford","Ford Focus","2018",13980,"Manual","Petrol",62100
"ford","Ford Focus","2018",16990,"Manual","Petrol",65200
"ford","Ford Focus","2018",18550,"Manual","Petrol",59929
"ford","Ford Focus","2018",16980,"Manual","Petrol",40864
"ford","Ford Focus","2018",16687,"Manual","Petrol",56097
"ford","Ford Focus","2018",15890,"Manual","Petrol",84539
"ford","Ford Focus","2018",14990,"Manual","Petrol",69787
"ford","Ford Focus","2018",14980,"Manual","Petrol",40411
"ford","Ford Focus","2018",17979,"Manual","Petrol",79500
"ford","Ford Focus","2018",17250,"Manual","Petrol",60800
"ford","Ford Focus","2018",16490,"Manual","Petrol",73529
"ford","Ford Focus","2018",13880,"Manual","Petrol",93100
"ford","Ford Focus","2018",16898,"Manual","Petrol",60990
"ford","Ford Focus","2018",15550,"Manual","Petrol",67750
"ford","Ford Focus","2018",16990,"Manual","Petrol",72400
"ford","Ford Focus","2018",12000,"Manual","Petrol",70500
"ford","Ford Focus","2018",13490,"Manual","Petrol",50800
"ford","Ford Focus","2018",13450,"Manual","Petrol",95000
"ford","Ford Focus","2018",16990,"Manual","Petrol",40224
"ford","Ford Focus","2018",21699,"Manual","Petrol",71650
"ford","Ford Focus","2018",10724,"Manual","Petrol",118202
"ford","Ford Focus","2018",18790,"Manual","Petrol",80350
"ford","Ford Focus","2018",18100,"Manual","Petrol",47000
"ford","Ford Focus","2018",13499,"Manual","Petrol",69000
"ford","Ford Focus","2018",17950,"Manual","Petrol",80130
"ford","Ford Focus","2018",13950,"Manual","Petrol",76000
"ford","Ford Focus","2018",16890,"Manual","Petrol",45445
"ford","Ford Focus","2018",21990,"Manual","Petrol",76200
"ford","Ford Focus","2018",11990,"Manual","Petrol",96615
"ford","Ford Focus","2018",15700,"Manual","Petrol",98000
"ford","Ford Focus","2018",16999,"Manual","Petrol",37500
"ford","Ford Focus","2018",36990,"Manual","Petrol",66910
"ford","Ford Focus","2018",21934,"Manual","Petrol",77400
"ford","Ford Focus","2018",14490,"Manual","Petrol",170300
"ford","Ford Focus","2019",18848,"Manual","Petrol",56650
"ford","Ford Focus","2019",18648,"Manual","Petrol",56650
"ford","Ford Focus","2019",26690,"Manual","Petrol",32992
"ford","Ford Focus","2019",15200,"Manual","Petrol",48000
"ford","Ford Focus","2019",22280,"Manual","Petrol",56528
"ford","Ford Focus","2019",16500,"Manual","Petrol",49000
"ford","Ford Focus","2019",28700,"Manual","Petrol",52000
"ford","Ford Focus","2019",28780,"Manual","Petrol",37124
"ford","Ford Focus","2019",19950,"Manual","Petrol",32600
"ford","Ford Focus","2019",15990,"Manual","Petrol",21500
"ford","Ford Focus","2019",20950,"Manual","Petrol",35000
"ford","Ford Focus","2019",17380,"Manual","Petrol",25500
"ford","Ford Focus","2019",21940,"Manual","Petrol",25000
"ford","Ford Focus","2019",20940,"Manual","Petrol",42152
"ford","Ford Focus","2019",21850,"Manual","Petrol",50109
"ford","Ford Focus","2019",18690,"Manual","Petrol",28000
"ford","Ford Focus","2019",18490,"Manual","Petrol",28600
"ford","Ford Focus","2019",19900,"Manual","Petrol",40132
"ford","Ford Focus","2019",24800,"Manual","Petrol",47200
"ford","Ford Focus","2019",26900,"Manual","Petrol",70000
"ford","Ford Focus","2019",20880,"Manual","Petrol",48650
"ford","Ford Focus","2019",14950,"Manual","Petrol",26490
"ford","Ford Focus","2019",16990,"Manual","Petrol",52500
"ford","Ford Focus","2019",27590,"Manual","Petrol",32800
"ford","Ford Focus","2019",20990,"Manual","Petrol",25442
"ford","Ford Focus","2019",20440,"Manual","Petrol",26086
"ford","Ford Focus","2019",16940,"Manual","Petrol",44003
"ford","Ford Focus","2019",19220,"Manual","Petrol",68231
"ford","Ford Focus","2019",21150,"Manual","Petrol",19375
"ford","Ford Focus","2019",20000,"Manual","Petrol",27500
"ford","Ford Focus","2019",20890,"Manual","Petrol",39990
"ford","Ford Focus","2019",17980,"Manual","Petrol",57500
"ford","Ford Focus","2019",25388,"Manual","Petrol",29915
"ford","Ford Focus","2019",16790,"Manual","Petrol",43100
"ford","Ford Focus","2019",27900,"Manual","Petrol",41600
"ford","Ford Focus","2019",27990,"Manual","Petrol",38550
"ford","Ford Focus","2019",27490,"Manual","Petrol",45990
"ford","Ford Focus","2019",28995,"Manual","Petrol",25965
"ford","Ford Focus","2019",17870,"Manual","Petrol",42649
"ford","Ford Focus","2019",19800,"Manual","Petrol",33000
"ford","Ford Focus","2019",14980,"Manual","Petrol",14930
"ford","Ford Focus","2019",22280,"Manual","Petrol",56528
"ford","Ford Focus","2019",22490,"Manual","Petrol",40000
"ford","Ford Focus","2019",20600,"Manual","Petrol",8188
"ford","Ford Focus","2019",18900,"Manual","Petrol",82500
"ford","Ford Focus","2019",18990,"Manual","Petrol",44743
"ford","Ford Focus","2019",13889,"Manual","Petrol",70330
"ford","Ford Focus","2019",19390,"Manual","Petrol",54236
"ford","Ford Focus","2019",16990,"Manual","Petrol",45238
"ford","Ford Focus","2019",20550,"Manual","Petrol",45900
"ford","Ford Focus","2019",15990,"Manual","Petrol",90000
"ford","Ford Focus","2019",20350,"Manual","Petrol",19500
"ford","Ford Focus","2019",19990,"Manual","Petrol",31100
"ford","Ford Focus","2019",18990,"Manual","Petrol",46964
"ford","Ford Focus","2019",19900,"Manual","Petrol",70000
"ford","Ford Focus","2019",19490,"Manual","Petrol",9750
"ford","Ford Focus","2019",15999,"Manual","Petrol",53600
"ford","Ford Focus","2019",21950,"Manual","Petrol",29500
"ford","Ford Focus","2019",18490,"Manual","Petrol",70872
"ford","Ford Focus","2019",13990,"Manual","Petrol",150000
"ford","Ford Focus","2019",18490,"Manual","Petrol",66200
"ford","Ford Focus","2019",19890,"Manual","Petrol",58700
"ford","Ford Focus","2019",21990,"Manual","Petrol",19967
"ford","Ford Focus","2019",21995,"Manual","Petrol",48132
"ford","Ford Focus","2019",14990,"Manual","Petrol",83815
"ford","Ford Focus","2019",20933,"Manual","Petrol",50000
"ford","Ford Focus","2019",20990,"Manual","Petrol",58792
"ford","Ford Focus","2019",23889,"Manual","Petrol",75100
"ford","Ford Focus","2019",18480,"Manual","Petrol",49800
"ford","Ford Focus","2019",16490,"Manual","Petrol",56100
"ford","Ford Focus","2019",21990,"Manual","Petrol",28995
"ford","Ford Focus","2019",18790,"Manual","Petrol",43770
"ford","Ford Focus","2019",18490,"Manual","Petrol",58700
"ford","Ford Focus","2019",18490,"Manual","Petrol",60700
"ford","Ford Focus","2019",15989,"Manual","Petrol",52697
"ford","Ford Focus","2019",26490,"Manual","Petrol",19303
"ford","Ford Focus","2019",20950,"Manual","Petrol",23151
"ford","Ford Focus","2019",18490,"Manual","Petrol",78500
"ford","Ford Focus","2019",26790,"Manual","Petrol",29200
"ford","Ford Focus","2019",17640,"Manual","Petrol",25067
"ford","Ford Focus","2019",26590,"Manual","Petrol",29200
"ford","Ford Focus","2019",19400,"Manual","Petrol",76164
"ford","Ford Focus","2019",15000,"Manual","Petrol",37000
"ford","Ford Focus","2019",16900,"Manual","Petrol",36000
"ford","Ford Focus","2019",21900,"Manual","Petrol",37319
"ford","Ford Focus","2019",18990,"Manual","Petrol",51800
"ford","Ford Focus","2019",15949,"Manual","Petrol",29670
"ford","Ford Focus","2019",20990,"Manual","Petrol",20457
"ford","Ford Focus","2019",16880,"Manual","Petrol",43500
"ford","Ford Focus","2019",18990,"Manual","Petrol",34031
"ford","Ford Focus","2019",29990,"Manual","Petrol",59084
"ford","Ford Focus","2019",21489,"Manual","Petrol",27935
"ford","Ford Focus","2019",16990,"Manual","Petrol",65100
"ford","Ford Focus","2019",19600,"Manual","Petrol",28602
"ford","Ford Focus","2019",29990,"Manual","Petrol",58004
"ford","Ford Focus","2019",28990,"Manual","Petrol",66238
"ford","Ford Focus","2019",28990,"Manual","Petrol",49300
"ford","Ford Focus","2019",15990,"Manual","Petrol",40000
"ford","Ford Focus","2019",27280,"Manual","Petrol",27207
"ford","Ford Focus","2019",18500,"Manual","Petrol",38500
"ford","Ford Focus","2019",23990,"Manual","Petrol",28911
"ford","Ford Focus","2019",20400,"Manual","Petrol",54094
"ford","Ford Focus","2019",18950,"Manual","Petrol",58000
"ford","Ford Focus","2019",23495,"Manual","Petrol",27632
"ford","Ford Focus","2019",22950,"Manual","Petrol",18080
"ford","Ford Focus","2019",22000,"Manual","Petrol",62565
"ford","Ford Focus","2019",27900,"Manual","Petrol",36700
"ford","Ford Focus","2019",31990,"Manual","Petrol",41625
"ford","Ford Focus","2019",19900,"Manual","Petrol",57100
"ford","Ford Focus","2019",18990,"Manual","Petrol",73419
"ford","Ford Focus","2019",45999,"Manual","Petrol",45900
"ford","Ford Focus","2019",21999,"Manual","Petrol",32280
"ford","Ford Focus","2019",11490,"Manual","Petrol",12352
"ford","Ford Focus","2019",23000,"Manual","Petrol",64362
"ford","Ford Focus","2019",21900,"Manual","Petrol",35100
"ford","Ford Focus","2019",28800,"Manual","Petrol",40500
"ford","Ford Focus","2019",21900,"Manual","Petrol",32600
"ford","Ford Focus","2019",20750,"Manual","Petrol",23151
"ford","Ford Focus","2019",15900,"Manual","Petrol",68500
"ford","Ford Focus","2019",29850,"Manual","Petrol",27865
"ford","Ford Focus","2019",24999,"Manual","Petrol",57500
"ford","Ford Focus","2019",18450,"Manual","Petrol",67800
"ford","Ford Focus","2019",19880,"Manual","Petrol",38000
"ford","Ford Focus","2019",21990,"Manual","Petrol",36950
"ford","Ford Focus","2019",36950,"Manual","Petrol",67475
"ford","Ford Focus","2019",26900,"Manual","Petrol",66686
"ford","Ford Focus","2019",24900,"Manual","Petrol",42500
"ford","Ford Focus","2019",16700,"Manual","Petrol",52000
"ford","Ford Focus","2019",19900,"Manual","Petrol",37700
"ford","Ford Focus","2019",17600,"Manual","Petrol",37740
"ford","Ford Focus","2019",17590,"Manual","Petrol",39100
"ford","Ford Focus","2019",20990,"Manual","Petrol",28327
"ford","Ford Focus","2019",19980,"Manual","Petrol",25404
"ford","Ford Focus","2019",34980,"Manual","Petrol",73348
"ford","Ford Focus","2019",22450,"Manual","Petrol",59560
"ford","Ford Focus","2019",26870,"Manual","Petrol",49672
"ford","Ford Focus","2019",18330,"Manual","Petrol",42182
"ford","Ford Focus","2019",16990,"Manual","Petrol",23215
"ford","Ford Focus","2019",21500,"Manual","Petrol",59090
"ford","Ford Focus","2019",29200,"Manual","Petrol",33500
"ford","Ford Focus","2019",19900,"Manual","Petrol",27800
"ford","Ford Focus","2019",18990,"Manual","Petrol",56692
"ford","Ford Focus","2019",20500,"Manual","Petrol",12430
"ford","Ford Focus","2019",19590,"Manual","Petrol",36202
"ford","Ford Focus","2019",20990,"Manual","Petrol",57700
"ford","Ford Focus","2019",24950,"Manual","Petrol",38042
"ford","Ford Focus","2019",16220,"Manual","Petrol",67233
"ford","Ford Focus","2019",14995,"Manual","Petrol",92000
"ford","Ford Focus","2019",20980,"Manual","Petrol",44288
"ford","Ford Focus","2019",19570,"Manual","Petrol",43550
"ford","Ford Focus","2019",22390,"Manual","Petrol",46125
"ford","Ford Focus","2019",20980,"Manual","Petrol",44288
"ford","Ford Focus","2019",17990,"Manual","Petrol",48000
"ford","Ford Focus","2019",23990,"Manual","Petrol",13570
"ford","Ford Focus","2019",20500,"Manual","Petrol",20900
"ford","Ford Focus","2019",18650,"Manual","Petrol",49700
"ford","Ford Focus","2019",13975,"Manual","Petrol",86721
"ford","Ford Focus","2019",20987,"Manual","Petrol",32941
"ford","Ford Focus","2019",14896,"Manual","Petrol",92000
"ford","Ford Focus","2019",19990,"Manual","Petrol",50368
"ford","Ford Focus","2019",18450,"Manual","Petrol",49700
"ford","Ford Focus","2019",22990,"Manual","Petrol",19472
"ford","Ford Focus","2019",19990,"Manual","Petrol",62542
"ford","Ford Focus","2019",17900,"Manual","Petrol",32500
"ford","Ford Focus","2019",21990,"Manual","Petrol",44656
"ford","Ford Focus","2019",21990,"Manual","Petrol",50816
"ford","Ford Focus","2019",19193,"Manual","Petrol",57326
"ford","Ford Focus","2019",19960,"Manual","Petrol",34800
"ford","Ford Focus","2019",19990,"Manual","Petrol",33513
"ford","Ford Focus","2019",23900,"Manual","Petrol",42000
"ford","Ford Focus","2019",21950,"Manual","Petrol",59940
"ford","Ford Focus","2019",21499,"Manual","Petrol",16241
"ford","Ford Focus","2019",24450,"Manual","Petrol",41254
"ford","Ford Focus","2019",21490,"Manual","Petrol",42604
"ford","Ford Focus","2019",19749,"Manual","Petrol",104750
"ford","Ford Focus","2019",16523,"Manual","Petrol",55800
"ford","Ford Focus","2019",25195,"Manual","Petrol",23050
"ford","Ford Focus","2019",18990,"Manual","Petrol",34500
"ford","Ford Focus","2019",19400,"Manual","Petrol",34425
"ford","Ford Focus","2019",18750,"Manual","Petrol",57850
"ford","Ford Focus","2019",26470,"Manual","Petrol",29931
"ford","Ford Focus","2019",16850,"Manual","Petrol",43096
"ford","Ford Focus","2019",27624,"Manual","Petrol",34560
"ford","Ford Focus","2019",19690,"Manual","Petrol",60100
"ford","Ford Focus","2019",20890,"Manual","Petrol",46500
"ford","Ford Focus","2019",22850,"Manual","Petrol",39950
"ford","Ford Focus","2019",16950,"Manual","Petrol",48120
"ford","Ford Focus","2019",20490,"Manual","Petrol",63829
"ford","Ford Focus","2019",29900,"Manual","Petrol",20217
"ford","Ford Focus","2019",19099,"Manual","Petrol",67200
"ford","Ford Focus","2019",26999,"Manual","Petrol",41100
"ford","Ford Focus","2019",16500,"Manual","Petrol",9000
"ford","Ford Focus","2019",28990,"Manual","Petrol",36100
"ford","Ford Focus","2019",16990,"Manual","Petrol",47200
"ford","Ford Focus","2019",15990,"Manual","Petrol",54325
"ford","Ford Focus","2019",19890,"Manual","Petrol",23199
"ford","Ford Focus","2019",16490,"Manual","Petrol",47299
"ford","Ford Focus","2019",19489,"Manual","Petrol",26848
"ford","Ford Focus","2019",20090,"Manual","Petrol",23199
"ford","Ford Focus","2019",16750,"Manual","Petrol",61680
"ford","Ford Focus","2019",17980,"Manual","Petrol",24500
"ford","Ford Focus","2019",13919,"Manual","Petrol",72531
"ford","Ford Focus","2019",19689,"Manual","Petrol",26848
"ford","Ford Focus","2019",21490,"Manual","Petrol",23900
"ford","Ford Focus","2019",22390,"Manual","Petrol",37476
"ford","Ford Focus","2019",22950,"Manual","Petrol",20200
"ford","Ford Focus","2019",17450,"Manual","Petrol",30500
"ford","Ford Focus","2019",19890,"Manual","Petrol",31980
"ford","Ford Focus","2019",18590,"Manual","Petrol",39300
"ford","Ford Focus","2019",18500,"Manual","Petrol",27000
"ford","Ford Focus","2019",17860,"Manual","Petrol",48692
"ford","Ford Focus","2019",18489,"Manual","Petrol",41100
"ford","Ford Focus","2019",22890,"Manual","Petrol",26200
"ford","Ford Focus","2019",16880,"Manual","Petrol",46190
"ford","Ford Focus","2019",16880,"Manual","Petrol",46190
"ford","Ford Focus","2019",15999,"Manual","Petrol",100000
"ford","Ford Focus","2019",19980,"Manual","Petrol",39111
"ford","Ford Focus","2019",16969,"Manual","Petrol",22150
"ford","Ford Focus","2019",18490,"Manual","Petrol",28500
"ford","Ford Focus","2019",16790,"Manual","Petrol",56500
"ford","Ford Focus","2019",15919,"Manual","Petrol",38133
"ford","Ford Focus","2019",15890,"Manual","Petrol",45048
"ford","Ford Focus","2019",17900,"Manual","Petrol",15000
"ford","Ford Focus","2019",25970,"Manual","Petrol",25000
"ford","Ford Focus","2019",19989,"Manual","Petrol",31200
"ford","Ford Focus","2019",24990,"Manual","Petrol",28240
"ford","Ford Focus","2019",17900,"Manual","Petrol",56750
"ford","Ford Focus","2019",17380,"Manual","Petrol",50717
"ford","Ford Focus","2019",23970,"Manual","Petrol",20733
"ford","Ford Focus","2019",18480,"Manual","Petrol",33304
"ford","Ford Focus","2019",17990,"Manual","Petrol",53585
"ford","Ford Focus","2019",14899,"Manual","Petrol",46800
"ford","Ford Focus","2019",15990,"Manual","Petrol",28845
"ford","Ford Focus","2019",18600,"Manual","Petrol",22300
"ford","Ford Focus","2019",18750,"Manual","Petrol",43600
"ford","Ford Focus","2019",17450,"Manual","Petrol",30085
"ford","Ford Focus","2019",16893,"Manual","Petrol",77317
"ford","Ford Focus","2019",23935,"Manual","Petrol",145000
"ford","Ford Focus","2019",17500,"Manual","Petrol",57500
"ford","Ford Focus","2019",19770,"Manual","Petrol",38689
"ford","Ford Focus","2019",20880,"Manual","Petrol",25106
"ford","Ford Focus","2019",17988,"Manual","Petrol",79811
"ford","Ford Focus","2019",22990,"Manual","Petrol",41000
"ford","Ford Focus","2019",20990,"Manual","Petrol",49735
"ford","Ford Focus","2019",16444,"Manual","Petrol",35000
"ford","Ford Focus","2019",13470,"Manual","Petrol",28845
"ford","Ford Focus","2019",14269,"Manual","Petrol",61750
"ford","Ford Focus","2019",21185,"Manual","Petrol",22600
"ford","Ford Focus","2019",18650,"Manual","Petrol",28940
"ford","Ford Focus","2019",16840,"Manual","Petrol",44600
"ford","Ford Focus","2019",16990,"Manual","Petrol",42800
"ford","Ford Focus","2019",20985,"Manual","Petrol",22600
"ford","Ford Focus","2019",15790,"Manual","Petrol",81015
"ford","Ford Focus","2019",15550,"Manual","Petrol",46300
"ford","Ford Focus","2019",16900,"Manual","Petrol",40000
"ford","Ford Focus","2019",15650,"Manual","Petrol",45300
"ford","Ford Focus","2019",21950,"Manual","Petrol",18500
"ford","Ford Focus","2019",21980,"Manual","Petrol",68800
"ford","Ford Focus","2019",15990,"Manual","Petrol",89900
"ford","Ford Focus","2019",19350,"Manual","Petrol",48500
"ford","Ford Focus","2019",29440,"Manual","Petrol",47500
"ford","Ford Focus","2019",45000,"Manual","Petrol",40260
"ford","Ford Focus","2019",17500,"Manual","Petrol",77752
"ford","Ford Focus","2019",17500,"Manual","Petrol",51000
"ford","Ford Focus","2019",17990,"Manual","Petrol",44900
"ford","Ford Focus","2019",18990,"Manual","Petrol",22500
"ford","Ford Focus","2019",19649,"Manual","Petrol",38998
"ford","Ford Focus","2019",17950,"Manual","Petrol",62500
"ford","Ford Focus","2019",26880,"Manual","Petrol",34275
"ford","Ford Focus","2019",15980,"Manual","Petrol",66866
"ford","Ford Focus","2019",18990,"Manual","Petrol",55000
"ford","Ford Focus","2019",17990,"Manual","Petrol",37500
"ford","Ford Focus","2019",15980,"Manual","Petrol",42770
"ford","Ford Focus","2019",19380,"Manual","Petrol",47661
"ford","Ford Focus","2019",28800,"Manual","Petrol",24095
"ford","Ford Focus","2019",39770,"Manual","Petrol",16401
"ford","Ford Focus","2019",14299,"Manual","Petrol",68995
"ford","Ford Focus","2019",16990,"Manual","Petrol",61050
"ford","Ford Focus","2019",16990,"Manual","Petrol",40618
"ford","Ford Focus","2019",19999,"Manual","Petrol",43569
"ford","Ford Focus","2019",21288,"Manual","Petrol",27512
"ford","Ford Focus","2019",28990,"Manual","Petrol",48450
"ford","Ford Focus","2019",29900,"Manual","Petrol",42307
"ford","Ford Focus","2019",21488,"Manual","Petrol",27512
"ford","Ford Focus","2019",27589,"Manual","Petrol",23020
"ford","Ford Focus","2019",18995,"Manual","Petrol",30450
"ford","Ford Focus","2019",28890,"Manual","Petrol",14981
"ford","Ford Focus","2019",29990,"Manual","Petrol",34085
"ford","Ford Focus","2019",30990,"Manual","Petrol",36851
"ford","Ford Focus","2019",29490,"Manual","Petrol",33847
"ford","Ford Focus","2020",22350,"Manual","Petrol",52400
"ford","Ford Focus","2020",22890,"Manual","Petrol",52193
"ford","Ford Focus","2020",23340,"Manual","Petrol",30500
"ford","Ford Focus","2020",15220,"Manual","Petrol",58989
"ford","Ford Focus","2020",15170,"Manual","Petrol",59527
"ford","Ford Focus","2020",22990,"Manual","Petrol",16500
"ford","Ford Focus","2020",27499,"Manual","Petrol",43000
"ford","Ford Focus","2020",25500,"Manual","Petrol",76900
"ford","Ford Focus","2020",18840,"Manual","Petrol",9500
"ford","Ford Focus","2020",16470,"Manual","Petrol",64149
"ford","Ford Focus","2020",19990,"Manual","Petrol",33716
"ford","Ford Focus","2020",24700,"Manual","Petrol",7400
"ford","Ford Focus","2020",23900,"Manual","Petrol",14290
"ford","Ford Focus","2020",27990,"Manual","Petrol",26966
"ford","Ford Focus","2020",29990,"Manual","Petrol",20200
"ford","Ford Focus","2020",19890,"Manual","Petrol",29610
"ford","Ford Focus","2020",29180,"Manual","Petrol",40600
"ford","Ford Focus","2020",18999,"Manual","Petrol",58000
"ford","Ford Focus","2020",26180,"Manual","Petrol",43994
"ford","Ford Focus","2020",29390,"Manual","Petrol",49150
"ford","Ford Focus","2020",28980,"Manual","Petrol",40600
"ford","Ford Focus","2020",30880,"Manual","Petrol",32200
"ford","Ford Focus","2020",28950,"Manual","Petrol",56500
"ford","Ford Focus","2020",16490,"Manual","Petrol",22852
"ford","Ford Focus","2020",30890,"Manual","Petrol",31490
"ford","Ford Focus","2020",30880,"Manual","Petrol",37200
"ford","Ford Focus","2020",25000,"Manual","Petrol",27220
"ford","Ford Focus","2020",23900,"Manual","Petrol",33380
"ford","Ford Focus","2020",19220,"Manual","Petrol",40793
"ford","Ford Focus","2020",23900,"Manual","Petrol",2830
"ford","Ford Focus","2020",17990,"Manual","Petrol",36898
"ford","Ford Focus","2020",16980,"Manual","Petrol",46000
"ford","Ford Focus","2020",24490,"Manual","Petrol",9484
"ford","Ford Focus","2020",21630,"Manual","Petrol",63834
"ford","Ford Focus","2020",27660,"Manual","Petrol",52747
"ford","Ford Focus","2020",34990,"Manual","Petrol",21000
"ford","Ford Focus","2020",16999,"Manual","Petrol",28753
"ford","Ford Focus","2020",20990,"Manual","Petrol",10500
"ford","Ford Focus","2020",31450,"Manual","Petrol",35400
"ford","Ford Focus","2020",19990,"Manual","Petrol",51084
"ford","Ford Focus","2020",17500,"Manual","Petrol",33900
"ford","Ford Focus","2020",30990,"Manual","Petrol",29562
"ford","Ford Focus","2020",22750,"Manual","Petrol",41295
"ford","Ford Focus","2020",23990,"Manual","Petrol",30771
"ford","Ford Focus","2020",19480,"Manual","Petrol",34600
"ford","Ford Focus","2020",20850,"Manual","Petrol",29830
"ford","Ford Focus","2020",34290,"Manual","Petrol",20827
"ford","Ford Focus","2020",28550,"Manual","Petrol",33962
"ford","Ford Focus","2020",22980,"Manual","Petrol",43423
"ford","Ford Focus","2020",19000,"Manual","Petrol",28000
"ford","Ford Focus","2020",28950,"Manual","Petrol",12100
"ford","Ford Focus","2020",33500,"Manual","Petrol",34000
"ford","Ford Focus","2020",23480,"Manual","Petrol",75012
"ford","Ford Focus","2020",23850,"Manual","Petrol",23500
"ford","Ford Focus","2020",21900,"Manual","Petrol",32678
"ford","Ford Focus","2020",30990,"Manual","Petrol",33400
"ford","Ford Focus","2020",18950,"Manual","Petrol",14000
"ford","Ford Focus","2020",30470,"Manual","Petrol",20880
"ford","Ford Focus","2020",16799,"Manual","Petrol",27552
"ford","Ford Focus","2020",19990,"Manual","Petrol",76519
"ford","Ford Focus","2020",14380,"Manual","Petrol",34683
"ford","Ford Focus","2020",14980,"Manual","Petrol",95488
"ford","Ford Focus","2020",26490,"Manual","Petrol",39500
"ford","Ford Focus","2020",24290,"Manual","Petrol",23000
"ford","Ford Focus","2020",29900,"Manual","Petrol",18250
"ford","Ford Focus","2020",28053,"Manual","Petrol",73308
"ford","Ford Focus","2020",18990,"Manual","Petrol",57200
"ford","Ford Focus","2020",22290,"Manual","Petrol",29500
"ford","Ford Focus","2020",19290,"Manual","Petrol",15760
"ford","Ford Focus","2020",19990,"Manual","Petrol",8034
"ford","Ford Focus","2020",29900,"Manual","Petrol",29730
"ford","Ford Focus","2020",21889,"Manual","Petrol",21300
"ford","Ford Focus","2020",30950,"Manual","Petrol",16850
"ford","Ford Focus","2020",31100,"Manual","Petrol",35200
"ford","Ford Focus","2020",30990,"Manual","Petrol",30496
"ford","Ford Focus","2020",21990,"Manual","Petrol",39790
"ford","Ford Focus","2020",22222,"Manual","Petrol",33551
"ford","Ford Focus","2020",20499,"Manual","Petrol",35000
"ford","Ford Focus","2020",23990,"Manual","Petrol",64330
"ford","Ford Focus","2020",19990,"Manual","Petrol",10444
"ford","Ford Focus","2020",26840,"Manual","Petrol",59089
"ford","Ford Focus","2020",18990,"Manual","Petrol",15268
"ford","Ford Focus","2020",19990,"Manual","Petrol",5361
"ford","Ford Focus","2020",18690,"Manual","Petrol",13652
"ford","Ford Focus","2020",23990,"Manual","Petrol",37405
"ford","Ford Focus","2020",19390,"Manual","Petrol",8667
"ford","Ford Focus","2020",18490,"Manual","Petrol",29386
"ford","Ford Focus","2020",19390,"Manual","Petrol",2433
"ford","Ford Focus","2020",18890,"Manual","Petrol",6693
"ford","Ford Focus","2020",18890,"Manual","Petrol",11235
"ford","Ford Focus","2020",24449,"Manual","Petrol",59400
"ford","Ford Focus","2020",23990,"Manual","Petrol",17578
"ford","Ford Focus","2020",23990,"Manual","Petrol",17360
"ford","Ford Focus","2020",18390,"Manual","Petrol",23042
"ford","Ford Focus","2020",24480,"Manual","Petrol",65250
"ford","Ford Focus","2020",23000,"Manual","Petrol",20000
"ford","Ford Focus","2020",23990,"Manual","Petrol",47440
"ford","Ford Focus","2020",22990,"Manual","Petrol",43825
"ford","Ford Focus","2020",20290,"Manual","Petrol",27044
"ford","Ford Focus","2020",23550,"Manual","Petrol",29747
"ford","Ford Focus","2020",21980,"Manual","Petrol",8377
"ford","Ford Focus","2020",24488,"Manual","Petrol",14285
"ford","Ford Focus","2020",26990,"Manual","Petrol",23758
"ford","Ford Focus","2020",24688,"Manual","Petrol",8708
"ford","Ford Focus","2020",24488,"Manual","Petrol",8708
"ford","Ford Focus","2020",24488,"Manual","Petrol",14285
"ford","Ford Focus","2020",22990,"Manual","Petrol",39600
"ford","Ford Focus","2020",24488,"Manual","Petrol",8708
"ford","Ford Focus","2020",23887,"Manual","Petrol",54534
"ford","Ford Focus","2020",21980,"Manual","Petrol",37400
"ford","Ford Focus","2020",23490,"Manual","Petrol",44000
"ford","Ford Focus","2020",19990,"Manual","Petrol",16978
"ford","Ford Focus","2020",22940,"Manual","Petrol",21590
"ford","Ford Focus","2020",28850,"Manual","Petrol",26000
"ford","Ford Focus","2020",24688,"Manual","Petrol",8708
"ford","Ford Focus","2020",24423,"Manual","Petrol",16000
"ford","Ford Focus","2020",22990,"Manual","Petrol",32684
"ford","Ford Focus","2020",21990,"Manual","Petrol",5117
"ford","Ford Focus","2020",22990,"Manual","Petrol",23990
"ford","Ford Focus","2020",16950,"Manual","Petrol",74000
"ford","Ford Focus","2020",21890,"Manual","Petrol",38980
"ford","Ford Focus","2020",30990,"Manual","Petrol",35794
"ford","Ford Focus","2020",22440,"Manual","Petrol",10000
"ford","Ford Focus","2020",19085,"Manual","Petrol",25498
"ford","Ford Focus","2020",22490,"Manual","Petrol",15500
"ford","Ford Focus","2020",18840,"Manual","Petrol",12846
"ford","Ford Focus","2020",16830,"Manual","Petrol",44737
"ford","Ford Focus","2020",40990,"Manual","Petrol",76080
"ford","Ford Focus","2020",20170,"Manual","Petrol",23995
"ford","Ford Focus","2020",18890,"Manual","Petrol",26959
"ford","Ford Focus","2020",19885,"Manual","Petrol",34805
"ford","Ford Focus","2020",18499,"Manual","Petrol",34760
"ford","Ford Focus","2020",20900,"Manual","Petrol",30000
"ford","Ford Focus","2020",17990,"Manual","Petrol",40600
"ford","Ford Focus","2020",17990,"Manual","Petrol",29700
"ford","Ford Focus","2020",18990,"Manual","Petrol",32900
"ford","Ford Focus","2020",18580,"Manual","Petrol",12100
"ford","Ford Focus","2020",37890,"Manual","Petrol",66390
"ford","Ford Focus","2020",25688,"Manual","Petrol",23328
"ford","Ford Focus","2020",19990,"Manual","Petrol",18400
"ford","Ford Focus","2020",17950,"Manual","Petrol",24380
"ford","Ford Focus","2020",19900,"Manual","Petrol",36573
"ford","Ford Focus","2020",23990,"Manual","Petrol",26500
"ford","Ford Focus","2020",19480,"Manual","Petrol",72300
"ford","Ford Focus","2020",19940,"Manual","Petrol",33341
"ford","Ford Focus","2020",19900,"Manual","Petrol",11000
"ford","Ford Focus","2020",25488,"Manual","Petrol",23328
"ford","Ford Focus","2020",16899,"Manual","Petrol",38170
"ford","Ford Focus","2020",17489,"Manual","Petrol",20990
"ford","Ford Focus","2020",17905,"Manual","Petrol",23329
"ford","Ford Focus","2020",18490,"Manual","Petrol",68900
"ford","Ford Focus","2020",19900,"Manual","Petrol",33190
"ford","Ford Focus","2020",18380,"Manual","Petrol",12100
"ford","Ford Focus","2020",16950,"Manual","Petrol",27187
"ford","Ford Focus","2020",25488,"Manual","Petrol",23328
"ford","Ford Focus","2020",19885,"Manual","Petrol",37823
"ford","Ford Focus","2020",19790,"Manual","Petrol",22720
"ford","Ford Focus","2020",25790,"Manual","Petrol",6500
"ford","Ford Focus","2020",19900,"Manual","Petrol",53986
"ford","Ford Focus","2020",27590,"Manual","Petrol",24300
"ford","Ford Focus","2020",27790,"Manual","Petrol",24300
"ford","Ford Focus","2020",17450,"Manual","Petrol",45650
"ford","Ford Focus","2020",20685,"Manual","Petrol",16900
"ford","Ford Focus","2020",19900,"Manual","Petrol",56000
"ford","Ford Focus","2020",23490,"Manual","Petrol",69000
"ford","Ford Focus","2020",28990,"Manual","Petrol",42100
"ford","Ford Focus","2020",22899,"Manual","Petrol",18975
"ford","Ford Focus","2020",27490,"Manual","Petrol",59850
"ford","Ford Focus","2020",21600,"Manual","Petrol",57400
"ford","Ford Focus","2020",19990,"Manual","Petrol",43254
"ford","Ford Focus","2020",30990,"Manual","Petrol",21222
"ford","Ford Focus","2020",18950,"Manual","Petrol",37168
"ford","Ford Focus","2020",23990,"Manual","Petrol",18843
"ford","Ford Focus","2020",19490,"Manual","Petrol",26400
"ford","Ford Focus","2020",21220,"Manual","Petrol",45257
"ford","Ford Focus","2020",32800,"Manual","Petrol",18000
"ford","Ford Focus","2020",17490,"Manual","Petrol",80764
"ford","Ford Focus","2020",19900,"Manual","Petrol",23700
"ford","Ford Focus","2020",30990,"Manual","Petrol",38700
"ford","Ford Focus","2020",21190,"Manual","Petrol",18200
"ford","Ford Focus","2020",19995,"Manual","Petrol",10000
"ford","Ford Focus","2020",29590,"Manual","Petrol",46000
"ford","Ford Focus","2020",28000,"Manual","Petrol",31000
"ford","Ford Focus","2020",28590,"Manual","Petrol",19650
"ford","Ford Focus","2020",25899,"Manual","Petrol",44415
"ford","Ford Focus","2020",27990,"Manual","Petrol",49370
"ford","Ford Focus","2020",28400,"Manual","Petrol",20000
"ford","Ford Focus","2020",29490,"Manual","Petrol",45514
"ford","Ford Focus","2020",31980,"Manual","Petrol",51100
"ford","Ford Focus","2020",26899,"Manual","Petrol",50000
"ford","Ford Focus","2020",29990,"Manual","Petrol",51176
"ford","Ford Focus","2020",18960,"Manual","Petrol",33250
"ford","Ford Focus","2020",31980,"Manual","Petrol",23663
"ford","Ford Focus","2020",31980,"Manual","Petrol",23663
"ford","Ford Focus","2021",21140,"Manual","Petrol",27592
"ford","Ford Focus","2021",20775,"Manual","Petrol",15491
"ford","Ford Focus","2021",20850,"Manual","Petrol",37011
"ford","Ford Focus","2021",23990,"Manual","Petrol",24839
"ford","Ford Focus","2021",22490,"Manual","Petrol",31000
"ford","Ford Focus","2021",20985,"Manual","Petrol",32276
"ford","Ford Focus","2021",23990,"Manual","Petrol",27500
"ford","Ford Focus","2021",25990,"Manual","Petrol",360
"ford","Ford Focus","2021",33840,"Manual","Petrol",32
"ford","Ford Focus","2021",19890,"Manual","Petrol",27000
"ford","Ford Focus","2021",27990,"Manual","Petrol",13605
"ford","Ford Focus","2021",21990,"Manual","Petrol",13200
"ford","Ford Focus","2021",21780,"Manual","Petrol",27529
"ford","Ford Focus","2021",20440,"Manual","Petrol",39310
"ford","Ford Focus","2021",35900,"Manual","Petrol",10500
"ford","Ford Focus","2021",21590,"Manual","Petrol",20000
"ford","Ford Focus","2021",25970,"Manual","Petrol",22698
"ford","Ford Focus","2021",38660,"Manual","Petrol",15500
"ford","Ford Focus","2021",35630,"Manual","Petrol",10700
"ford","Ford Focus","2021",20950,"Manual","Petrol",23965
"ford","Ford Focus","2021",19900,"Manual","Petrol",30480
"ford","Ford Focus","2021",22990,"Manual","Petrol",10652
"ford","Ford Focus","2021",21971,"Manual","Petrol",20000
"ford","Ford Focus","2021",27210,"Manual","Petrol",9602
"ford","Ford Focus","2021",20670,"Manual","Petrol",28600
"ford","Ford Focus","2021",21580,"Manual","Petrol",27529
"ford","Ford Focus","2021",20950,"Manual","Petrol",25154
"ford","Ford Focus","2021",25970,"Manual","Petrol",23288
"ford","Ford Focus","2021",25290,"Manual","Petrol",22100
"ford","Ford Focus","2021",20470,"Manual","Petrol",28600
"ford","Ford Focus","2021",20940,"Manual","Petrol",27592
"ford","Ford Focus","2021",34550,"Manual","Petrol",11500
"ford","Ford Focus","2021",25900,"Manual","Petrol",17600
"ford","Ford Focus","2021",35450,"Manual","Petrol",14900
"ford","Ford Focus","2021",20700,"Manual","Petrol",49500
"ford","Ford Focus","2021",21490,"Manual","Petrol",26674
"ford","Ford Focus","2021",26950,"Manual","Petrol",21900
"ford","Ford Focus","2021",22980,"Manual","Petrol",35922
"ford","Ford Focus","2021",22890,"Manual","Petrol",38000
"ford","Ford Focus","2021",19950,"Manual","Petrol",38950
"ford","Ford Focus","2021",26950,"Manual","Petrol",21650
"ford","Ford Focus","2021",21740,"Manual","Petrol",31190
"ford","Ford Focus","2021",22990,"Manual","Petrol",25500
"ford","Ford Focus","2021",21470,"Manual","Petrol",7557
"ford","Ford Focus","2021",31500,"Manual","Petrol",17000
"ford","Ford Focus","2021",23990,"Manual","Petrol",50
"ford","Ford Focus","2021",25350,"Manual","Petrol",32100
"ford","Ford Focus","2021",23490,"Manual","Petrol",23000
"ford","Ford Focus","2021",24990,"Manual","Petrol",18500
"ford","Ford Focus","2021",25990,"Manual","Petrol",1500
"ford","Ford Focus","2021",21700,"Manual","Petrol",10000
"ford","Ford Focus","2021",23900,"Manual","Petrol",15000
"ford","Ford Focus","2021",24990,"Manual","Petrol",25947
"ford","Ford Focus","2021",24720,"Manual","Petrol",20642
"ford","Ford Focus","2021",21940,"Manual","Petrol",31650
"ford","Ford Focus","2021",25690,"Manual","Petrol",26260
"ford","Ford Focus","2021",24390,"Manual","Petrol",19700
"ford","Ford Focus","2021",24374,"Manual","Petrol",27000
"ford","Ford Focus","2021",26490,"Manual","Petrol",28266
"ford","Ford Focus","2021",20340,"Manual","Petrol",24060
"ford","Ford Focus","2021",21695,"Manual","Petrol",30500
"ford","Ford Focus","2021",15940,"Manual","Petrol",45362
"ford","Ford Focus","2021",20389,"Manual","Petrol",27300
"ford","Ford Focus","2021",20489,"Manual","Petrol",26800
"ford","Ford Focus","2021",22990,"Manual","Petrol",29215
"ford","Ford Focus","2021",22890,"Manual","Petrol",33290
"ford","Ford Focus","2021",20990,"Manual","Petrol",28945
"ford","Ford Focus","2021",27490,"Manual","Petrol",14103
"ford","Ford Focus","2021",24900,"Manual","Petrol",1050
"ford","Ford Focus","2021",20990,"Manual","Petrol",45500
"ford","Ford Focus","2021",20990,"Manual","Petrol",23400
"ford","Ford Focus","2021",28990,"Manual","Petrol",26670
"ford","Ford Focus","2021",21140,"Manual","Petrol",25920
"ford","Ford Focus","2021",23990,"Manual","Petrol",8631
"ford","Ford Focus","2021",25990,"Manual","Petrol",6300
"ford","Ford Focus","2021",20691,"Manual","Petrol",12700
"ford","Ford Focus","2021",19940,"Manual","Petrol",25653
"ford","Ford Focus","2021",21550,"Manual","Petrol",11772
"ford","Ford Focus","2021",21140,"Manual","Petrol",13610
"ford","Ford Focus","2021",21840,"Manual","Petrol",13890
"ford","Ford Focus","2021",21840,"Manual","Petrol",6140
"ford","Ford Focus","2021",23990,"Manual","Petrol",10000
"ford","Ford Focus","2021",21640,"Manual","Petrol",13890
"ford","Ford Focus","2021",24290,"Manual","Petrol",2156
"ford","Ford Focus","2021",23685,"Manual","Petrol",12200
"ford","Ford Focus","2021",21640,"Manual","Petrol",6140
"ford","Ford Focus","2021",21980,"Manual","Petrol",19000
"ford","Ford Focus","2021",20940,"Manual","Petrol",13610
"ford","Ford Focus","2021",22990,"Manual","Petrol",10000
"ford","Ford Focus","2021",22980,"Manual","Petrol",16875
"ford","Ford Focus","2021",20950,"Manual","Petrol",27302
"ford","Ford Focus","2021",22360,"Manual","Petrol",12880
"ford","Ford Focus","2021",21480,"Manual","Petrol",19512
"ford","Ford Focus","2021",20990,"Manual","Petrol",19795
"ford","Ford Focus","2021",23900,"Manual","Petrol",21640
"ford","Ford Focus","2021",19999,"Manual","Petrol",18000
"ford","Ford Focus","2021",20660,"Manual","Petrol",18629
"ford","Ford Focus","2021",20358,"Manual","Petrol",14335
"ford","Ford Focus","2021",21950,"Manual","Petrol",18608
"ford","Ford Focus","2021",22640,"Manual","Petrol",6470
"ford","Ford Focus","2021",21480,"Manual","Petrol",22390
"ford","Ford Focus","2021",19990,"Manual","Petrol",22352
"ford","Ford Focus","2021",21388,"Manual","Petrol",19600
"ford","Ford Focus","2021",20960,"Manual","Petrol",19140
"ford","Ford Focus","2021",20900,"Manual","Petrol",41444
"ford","Ford Focus","2021",20950,"Manual","Petrol",18188
"ford","Ford Focus","2021",25599,"Manual","Petrol",13050
"ford","Ford Focus","2021",20750,"Manual","Petrol",11826
"ford","Ford Focus","2021",22900,"Manual","Petrol",21069
"ford","Ford Focus","2021",23990,"Manual","Petrol",10990
"ford","Ford Focus","2021",32450,"Manual","Petrol",19000
"ford","Ford Focus","2021",39950,"Manual","Petrol",18758
"ford","Ford Focus","2021",20950,"Manual","Petrol",8377
"ford","Ford Focus","2021",22990,"Manual","Petrol",4350
"ford","Ford Focus","2021",21530,"Manual","Petrol",14676
"ford","Ford Focus","2021",25990,"Manual","Petrol",1650
"ford","Ford Focus","2021",25990,"Manual","Petrol",12918
"ford","Ford Focus","2021",23350,"Manual","Petrol",5510
"ford","Ford Focus","2021",22440,"Manual","Petrol",6470
"ford","Ford Focus","2021",22725,"Manual","Petrol",22796
"ford","Ford Focus","2021",22480,"Manual","Petrol",24000
"ford","Ford Focus","2021",18650,"Manual","Petrol",28721
"ford","Ford Focus","2021",21980,"Manual","Petrol",14250
"ford","Ford Focus","2021",23850,"Manual","Petrol",22200
"ford","Ford Focus","2021",23850,"Manual","Petrol",19780
"ford","Ford Focus","2021",49900,"Manual","Petrol",50
"ford","Ford Focus","2021",18900,"Manual","Petrol",18495
"ford","Ford Focus","2021",25199,"Manual","Petrol",9450
"ford","Ford Focus","2021",19955,"Manual","Petrol",26988
"ford","Ford Focus","2021",21990,"Manual","Petrol",28189
"ford","Ford Focus","2021",24990,"Manual","Petrol",24500
"ford","Ford Focus","2021",24950,"Manual","Petrol",12000
"ford","Ford Focus","2021",23660,"Manual","Petrol",10705
"ford","Ford Focus","2021",22190,"Manual","Petrol",28189
"ford","Ford Focus","2021",23950,"Manual","Petrol",9000
"ford","Ford Focus","2021",20990,"Manual","Petrol",26300
"ford","Ford Focus","2021",22980,"Manual","Petrol",100
"ford","Ford Focus","2021",26450,"Manual","Petrol",1500
"ford","Ford Focus","2021",16999,"Manual","Petrol",82000
"ford","Ford Focus","2021",22480,"Manual","Petrol",100
"ford","Ford Focus","2021",22890,"Manual","Petrol",11700
"ford","Ford Focus","2021",22950,"Manual","Petrol",24900
"ford","Ford Focus","2021",40190,"Manual","Petrol",27000
"ford","Ford Focus","2021",26450,"Manual","Petrol",88710
"ford","Ford Focus","2021",31890,"Manual","Petrol",42200
"ford","Ford Focus","2021",39990,"Manual","Petrol",27000
"ford","Ford Focus","2022",24740,"Manual","Petrol",3830
"ford","Ford Focus","2022",21660,"Manual","Petrol",8012
"ford","Ford Focus","2022",21970,"Manual","Petrol",23203
"ford","Ford Focus","2022",21660,"Manual","Petrol",10807
"ford","Ford Focus","2022",36950,"Manual","Petrol",150
"ford","Ford Focus","2022",25990,"Manual","Petrol",14700
"ford","Ford Focus","2022",24950,"Manual","Petrol",14000
"ford","Ford Focus","2022",22950,"Manual","Petrol",8459
"ford","Ford Focus","2022",26890,"Manual","Petrol",20
"ford","Ford Focus","2022",29580,"Manual","Petrol",5408
"ford","Ford Focus","2022",30980,"Manual","Petrol",2050
"ford","Ford Focus","2022",25990,"Manual","Petrol",8230
"ford","Ford Focus","2022",29750,"Manual","Petrol",3520
"ford","Ford Focus","2022",27550,"Manual","Petrol",15
"ford","Ford Focus","2022",25850,"Manual","Petrol",5300
"ford","Ford Focus","2022",30950,"Manual","Petrol",50
"ford","Ford Focus","2022",26990,"Manual","Petrol",9599
"ford","Ford Focus","2022",33750,"Manual","Petrol",50
"ford","Ford Focus","2022",33980,"Manual","Petrol",34083
"ford","Ford Focus","2022",39690,"Manual","Petrol",4900
"ford","Ford Focus","2022",34999,"Manual","Petrol",9000
"ford","Ford Focus","2022",40490,"Manual","Petrol",2801
"ford","Ford Focus","2022",38980,"Manual","Petrol",4991
"ford","Ford Focus","2022",38980,"Manual","Petrol",4991
"ford","Ford Focus","2022",35790,"Manual","Petrol",13191
"ford","Ford Focus","2022",35990,"Manual","Petrol",7600
"ford","Ford Focus","2022",34180,"Manual","Petrol",34083
"ford","Ford Focus","2022",38690,"Manual","Petrol",20500
"ford","Ford Focus","2022",25990,"Manual","Petrol",7
"ford","Ford Focus","2022",33750,"Manual","Petrol",50
"ford","Ford Focus","2022",26990,"Manual","Petrol",7
"ford","Ford Focus","2022",23400,"Manual","Petrol",34000
"ford","Ford Focus","2022",21490,"Manual","Petrol",6283
"ford","Ford Focus","2022",27790,"Manual","Petrol",10
"ford","Ford Focus","2022",20950,"Manual","Petrol",13022
"ford","Ford Focus","2022",30590,"Manual","Petrol",19000
"ford","Ford Focus","2022",22980,"Manual","Petrol",7728
"ford","Ford Focus","2022",25990,"Manual","Petrol",10088
"ford","Ford Focus","2022",21450,"Manual","Petrol",18775
"ford","Ford Focus","2022",22950,"Manual","Petrol",13435
"ford","Ford Focus","2022",24990,"Manual","Petrol",3000
"ford","Ford Focus","2022",29590,"Manual","Petrol",100
"ford","Ford Focus","2022",22450,"Manual","Petrol",8582
"ford","Ford Focus","2022",22940,"Manual","Petrol",12400
"ford","Ford Focus","2022",31950,"Manual","Petrol",50
"ford","Ford Focus","2022",30950,"Manual","Petrol",50
"ford","Ford Focus","2022",23688,"Manual","Petrol",250
"ford","Ford Focus","2022",23690,"Manual","Petrol",20978
"ford","Ford Focus","2022",20885,"Manual","Petrol",10441
"ford","Ford Focus","2022",22950,"Manual","Petrol",11762
"ford","Ford Focus","2022",21225,"Manual","Petrol",22168
"ford","Ford Focus","2022",20855,"Manual","Petrol",10748
"ford","Ford Focus","2022",21750,"Manual","Petrol",22059
"ford","Ford Focus","2022",21350,"Manual","Petrol",18744
"ford","Ford Focus","2022",21988,"Manual","Petrol",1001
"ford","Ford Focus","2022",22750,"Manual","Petrol",12000
"ford","Ford Focus","2022",27970,"Manual","Petrol",7500
"ford","Ford Focus","2022",26990,"Manual","Petrol",7
"ford","Ford Focus","2022",30990,"Manual","Petrol",7
"ford","Ford Focus","2022",26990,"Manual","Petrol",3500
"ford","Ford Focus","2022",30990,"Manual","Petrol",1500
"ford","Ford Focus","2022",22640,"Manual","Petrol",9790
"ford","Ford Focus","2023",25910,"Manual","Petrol",5
"ford","Ford Focus","2023",25910,"Manual","Petrol",5
"ford","Ford Focus","2023",25910,"Manual","Petrol",5
"ford","Ford Focus","2023",38990,"Manual","Petrol",1100
"ford","Ford Focus","2023",39990,"Manual","Petrol",10
"ford","Ford Focus","2023",38880,"Manual","Petrol",10
"ford","Ford Focus","2023",35490,"Manual","Petrol",5000
"ford","Ford Focus","2023",39880,"Manual","Petrol",10
"ford","Ford Focus","2023",32000,"Manual","Petrol",50
"ford","Ford Focus","2023",29990,"Manual","Petrol",15
"ford","Ford Focus","2023",27900,"Manual","Petrol",1500
"ford","Ford Focus","2023",27690,"Manual","Petrol",550
"ford","Ford Focus","2023",28490,"Manual","Petrol",100
"ford","Ford Focus","2023",31990,"Manual","Petrol",6000
"ford","Ford Focus","2023",23799,"Manual","Petrol",594
"ford","Ford Focus","2023",28490,"Manual","Petrol",2400
"ford","Ford Focus","2023",24799,"Manual","Petrol",10
"ford","Ford Focus","2023",36490,"Manual","Petrol",5500
"ford","Ford Focus","2023",30690,"Manual","Petrol",100
"ford","Ford Focus","2023",31990,"Manual","Petrol",100
"ford","Ford Focus","2023",25910,"Manual","Petrol",5
"ford","Ford Focus","2023",36950,"Manual","Petrol",10
"ford","Ford Focus","2023",26600,"Manual","Petrol",5000
"ford","Ford Focus","2023",38923,"Manual","Petrol",1500
"ford","Ford Focus","2023",39990,"Manual","Petrol",4999
"ford","Ford Focus","2023",43990,"Manual","Petrol",200
"ford","Ford Focus","2023",40990,"Manual","Petrol",5000
"ford","Ford Focus","2023",41490,"Manual","Petrol",150
"ford","Ford Focus","2023",41990,"Manual","Petrol",6000
"ford","Ford Focus","2023",41490,"Manual","Petrol",150
"ford","Ford Focus","2023",38840,"Manual","Petrol",32
"ford","Ford Focus","2023",38840,"Manual","Petrol",32
"ford","Ford Focus","2023",30390,"Manual","Petrol",59
"ford","Ford Focus","2023",24990,"Manual","Petrol",5000
"ford","Ford Focus","2023",31950,"Manual","Petrol",50
"ford","Ford Focus","2023",32500,"Manual","Petrol",1500
"ford","Ford Focus","2023",28590,"Manual","Petrol",10
"ford","Ford Focus","2023",28590,"Manual","Petrol",10
"ford","Ford Focus","2023",29900,"Manual","Petrol",3500
"ford","Ford Focus","2023",31390,"Manual","Petrol",40
"ford","Ford Focus","2023",29490,"Manual","Petrol",5
"ford","Ford Focus","2023",32500,"Manual","Petrol",2500
"ford","Ford Focus","2023",31785,"Manual","Petrol",7500
"ford","Ford Focus","2023",41489,"Manual","Petrol",10
"ford","Ford Focus","2023",25721,"Manual","Petrol",3950
"ford","Ford Focus","2023",36350,"Manual","Petrol",15
"ford","Ford Focus","2023",25910,"Manual","Petrol",5
"ford","Ford Focus","2023",25910,"Manual","Petrol",5
"ford","Ford Focus","2023",25910,"Manual","Petrol",5
"ford","Ford Focus","2023",30990,"Manual","Petrol",7
"ford","Ford Focus","2023",28490,"Manual","Petrol",100
"ford","Ford Focus","2023",29500,"Manual","Petrol",2000
"ford","Ford Focus","2023",26490,"Manual","Petrol",13
"ford","Ford Focus","2023",28190,"Manual","Petrol",1953
"ford","Ford Focus","2023",27990,"Manual","Petrol",1953
"ford","Ford Focus","2023",28989,"Manual","Petrol",10
"ford","Ford Focus","2023",27965,"Manual","Petrol",3000
"ford","Ford Focus","2023",24990,"Manual","Petrol",2500
"ford","Ford Focus","2023",26390,"Manual","Petrol",100
"ford","Ford Focus","2023",28990,"Manual","Petrol",10
"ford","Ford Focus","2023",26600,"Manual","Petrol",100
"ford","Ford Focus","2023",24995,"Manual","Petrol",3000
"ford","Ford Focus","2023",25690,"Manual","Petrol",8000
"ford","Ford Focus","2023",25590,"Manual","Petrol",800
"ford","Ford Focus","2023",27190,"Manual","Petrol",59
"ford","Ford Focus","2023",25890,"Manual","Petrol",8000
"ford","Ford Focus","2023",24990,"Manual","Petrol",2500
