"year","price_in_euro","power_ps","transmission_type","fuel_type","fuel_consumption_l_100km","mileage_in_km","color_blue","color_silver","color_red","color_grey","color_black","color_white"
2007,13999,140,1,0,7.2,42000,1,0,0,0,0,0
2007,8890,150,1,1,8.4,134780,0,0,0,0,1,0
2007,7999,140,0,0,7.1,196567,0,0,0,0,1,0
2008,4500,150,1,1,8,168000,1,0,0,0,0,0
2008,9500,150,1,1,8,83000,1,0,0,0,0,0
2008,7700,170,1,1,8.9,183123,1,0,0,0,0,0
2008,8998,150,1,1,8.4,109000,1,0,0,0,0,0
2008,9499,150,1,1,8,189120,1,0,0,0,0,0
2008,7300,140,1,0,6.9,230600,1,0,0,0,0,0
2008,10890,140,0,0,7.1,219000,1,0,0,0,0,0
2008,5300,140,1,0,7.2,295630,1,0,0,0,0,0
2008,9850,150,1,1,8,197000,1,0,0,0,0,0
2008,11500,140,0,0,7.1,85300,1,0,0,0,0,0
2008,11000,170,0,0,6.3,72768,0,0,0,1,0,0
2008,7900,150,1,1,8.4,144900,0,0,0,1,0,0
2008,11999,150,1,1,8.4,90100,0,0,0,1,0,0
2008,8999,150,1,1,8.4,125000,0,0,0,1,0,0
2008,10300,150,1,1,8,93000,0,0,0,1,0,0
2008,7500,150,1,1,8,177000,0,0,0,1,0,0
2008,10900,140,1,0,6.9,168400,0,0,0,1,0,0
2008,8900,150,1,1,8.4,140711,0,0,0,1,0,0
2008,9990,140,1,0,7.2,169949,0,0,0,1,0,0
2008,8990,140,1,0,7.2,194917,0,0,0,1,0,0
2008,9990,170,1,1,8.9,142000,0,0,0,1,0,0
2008,9299,170,1,0,6.3,240000,0,0,0,1,0,0
2008,8950,140,1,0,6.9,148000,0,0,0,1,0,0
2008,7450,170,1,0,7,230000,0,0,0,0,1,0
2008,10290,140,1,0,7.2,260000,0,0,0,0,1,0
2008,9490,170,1,0,7,186544,0,0,0,0,1,0
2008,8990,150,1,1,8.4,147800,0,0,0,0,1,0
2008,9488,150,1,1,8.4,108603,0,0,0,0,1,0
2008,6700,140,1,0,6.3,197500,0,0,0,0,1,0
2008,9990,150,1,1,8.4,98000,0,0,0,0,1,0
2008,7990,200,1,1,8.9,225109,0,0,0,0,1,0
2008,10499,150,1,1,8.4,111000,0,0,0,0,1,0
2008,7899,140,1,0,6.9,188000,0,0,0,0,1,0
2008,7900,140,1,0,6.9,230520,0,0,0,0,1,0
2008,7999,170,1,0,7,214980,0,0,0,0,1,0
2008,7999,170,1,0,7,175000,0,0,0,0,1,0
2008,9000,150,1,1,8,141477,0,0,0,0,1,0
2008,9299,140,1,0,7.2,167000,0,0,0,0,1,0
2008,13490,140,1,0,7.2,71317,0,0,0,0,1,0
2008,11900,140,0,0,7.5,149214,0,0,0,0,1,0
2008,3499,150,1,1,8,171361,0,0,0,0,1,0
2008,6999,140,1,0,6.3,260247,0,0,0,0,1,0
2008,6800,140,1,0,6.9,242208,0,0,0,0,1,0
2008,7990,140,1,0,6.9,188178,0,0,0,0,1,0
2008,9999,150,1,1,8.4,147950,0,0,0,0,1,0
2008,8990,140,1,0,7.2,229000,0,0,0,0,1,0
2008,5500,200,1,1,9.9,174500,0,0,0,0,1,0
2008,8990,170,1,0,7,193000,0,0,0,0,1,0
2008,5800,140,1,0,7.2,195000,0,0,0,0,1,0
2008,6750,140,1,0,6.3,211000,0,0,0,0,1,0
2008,10490,150,1,1,8.9,90000,0,0,0,0,1,0
2008,6300,140,1,0,6.3,240000,0,1,0,0,0,0
2008,8990,140,0,0,7.5,146900,0,1,0,0,0,0
2008,7650,150,1,1,8,209000,0,1,0,0,0,0
2008,10500,140,0,0,7.1,120000,0,1,0,0,0,0
2008,7999,150,1,1,8,165000,0,1,0,0,0,0
2008,7900,140,1,0,6.3,203000,0,1,0,0,0,0
2008,12699,140,0,0,7.5,48300,0,1,0,0,0,0
2008,8900,140,0,0,7.5,220000,0,1,0,0,0,0
2008,7600,150,1,1,8,156325,0,1,0,0,0,0
2008,5890,150,1,1,8.4,199000,0,1,0,0,0,0
2008,8990,140,1,0,7.2,145881,0,0,0,0,0,1
2008,6499,140,1,0,6.9,271875,0,0,0,0,0,1
2008,7990,150,1,1,8,175000,0,0,0,0,0,1
2009,11600,170,1,0,6.3,132000,1,0,0,0,0,0
2009,9990,170,1,1,8.9,165400,1,0,0,0,0,0
2009,8800,140,0,0,7.1,198495,1,0,0,0,0,0
2009,8400,170,1,0,6.3,260000,1,0,0,0,0,0
2009,7450,140,0,0,7.5,281000,1,0,0,0,0,0
2009,8950,140,0,0,7.5,182000,0,0,0,1,0,0
2009,11990,200,1,1,8.9,80000,0,0,0,1,0,0
2009,10890,170,1,0,6.6,143650,0,0,0,1,0,0
2009,10785,170,0,1,9.9,119000,0,0,0,1,0,0
2009,9550,170,0,1,9.9,150000,0,0,0,1,0,0
2009,7000,140,1,0,6.4,240000,0,0,0,1,0,0
2009,13500,140,1,0,6.9,115000,0,0,0,1,0,0
2009,9999,150,1,1,8.4,138023,0,0,0,1,0,0
2009,11000,150,1,1,7.4,131000,0,0,0,1,0,0
2009,7999,150,1,1,8,160000,0,0,0,1,0,0
2009,13699,200,0,1,8.9,138463,0,0,0,1,0,0
2009,5995,150,1,1,8.4,158193,0,0,0,1,0,0
2009,9799,140,0,0,7.5,175000,0,0,0,1,0,0
2009,12899,140,0,0,7.1,59130,0,0,0,1,0,0
2009,10970,140,1,0,6.9,186000,0,0,0,1,0,0
2009,7980,150,1,1,8.4,206507,0,0,0,1,0,0
2009,8490,140,0,0,7.5,253000,0,0,0,1,0,0
2009,7790,140,0,0,7.1,300000,0,0,0,1,0,0
2009,11300,170,1,0,6.3,144200,0,0,0,1,0,0
2009,7990,150,1,1,7.4,143000,0,0,0,1,0,0
2009,7990,140,0,0,7.1,178000,0,0,0,1,0,0
2009,11000,150,1,1,7.4,131000,0,0,0,1,0,0
2009,6499,140,1,0,5.3,244000,0,0,0,1,0,0
2009,14000,140,0,0,7.1,188000,0,0,0,0,1,0
2009,11500,140,0,0,7.1,129859,0,0,0,0,1,0
2009,9999,170,1,0,7,200000,0,0,0,0,1,0
2009,7730,170,1,0,6.3,188050,0,0,0,0,1,0
2009,11500,140,0,0,7.1,131000,0,0,0,0,1,0
2009,6700,150,1,1,7.4,147000,0,0,0,0,1,0
2009,6999,150,1,1,8,166000,0,0,0,0,1,0
2009,10800,200,0,1,9.9,157187,0,0,0,0,1,0
2009,10990,170,1,0,6.3,137900,0,0,0,0,1,0
2009,12990,140,0,0,7.5,65000,0,0,0,0,1,0
2009,11490,140,0,0,7.1,134000,0,0,0,0,1,0
2009,5690,150,1,1,7.4,167000,0,0,0,0,1,0
2009,6400,170,1,0,7,320000,0,0,0,0,1,0
2009,10900,150,1,1,8,134900,0,0,0,0,1,0
2009,5899,150,1,1,7.4,224650,0,0,0,0,1,0
2009,9500,150,1,1,8,116210,0,0,0,0,1,0
2009,8200,170,1,1,8.5,181000,0,0,0,0,1,0
2009,9490,140,0,0,7.4,212000,0,0,0,0,1,0
2009,4980,200,1,1,8.9,169600,0,0,0,0,1,0
2009,3500,200,1,1,8.9,210000,0,0,0,0,1,0
2009,13400,170,1,0,7,97000,0,0,0,0,1,0
2009,9900,170,0,1,9.9,160000,0,0,0,0,1,0
2009,11890,170,0,1,9.9,130000,0,0,0,0,1,0
2009,12150,140,0,0,7.5,174992,0,0,0,0,1,0
2009,8800,150,1,1,7.4,139000,0,0,0,0,1,0
2009,7900,170,1,1,8.5,180000,0,0,0,0,1,0
2009,13990,200,0,1,9.9,110000,0,0,0,0,1,0
2009,6785,170,1,1,8.9,181973,0,0,0,0,1,0
2009,10899,170,1,1,8.9,126000,0,0,0,0,1,0
2009,8500,150,1,1,7.4,166000,0,0,0,0,1,0
2009,12990,170,1,0,7,165000,0,0,0,0,1,0
2009,9850,170,0,1,9.9,149990,0,0,0,0,1,0
2009,9990,150,1,1,7.4,106000,0,0,0,0,1,0
2009,9990,150,1,1,8,134000,0,0,0,0,1,0
2009,6990,150,1,1,8,240500,0,0,0,0,1,0
2009,9500,140,0,0,7.1,150400,0,0,0,0,1,0
2009,10500,140,0,0,7.1,186000,0,0,0,0,1,0
2009,8300,140,1,0,6.3,192000,0,0,0,0,1,0
2009,11344,170,0,1,9.9,176333,0,1,0,0,0,0
2009,11777,170,0,1,8.5,107000,0,1,0,0,0,0
2009,8999,140,0,0,7.1,140500,0,1,0,0,0,0
2009,11990,200,0,1,9.9,119000,0,1,0,0,0,0
2009,12999,150,1,1,8,49000,0,1,0,0,0,0
2009,10490,150,1,1,7.4,147000,0,1,0,0,0,0
2009,11199,140,0,0,7.5,135246,0,1,0,0,0,0
2009,10999,150,1,1,8,47764,0,1,0,0,0,0
2009,8150,140,1,0,5.9,175000,0,1,0,0,0,0
2009,10900,170,0,1,9.9,112000,0,1,0,0,0,0
2009,8900,150,1,1,8.4,191000,0,1,0,0,0,0
2009,9000,140,1,0,5.9,178000,0,1,0,0,0,0
2009,8990,140,1,0,6.9,170000,0,1,0,0,0,0
2009,8999,140,1,0,6.4,158646,0,1,0,0,0,0
2009,10000,140,0,0,7.1,190000,0,1,0,0,0,0
2009,10500,150,1,1,8,114000,0,1,0,0,0,0
2009,6500,140,1,0,6.3,220000,0,1,0,0,0,0
2009,5700,150,1,1,7.4,204000,0,1,0,0,0,0
2009,11500,140,1,0,6.3,119200,0,1,0,0,0,0
2009,6900,150,1,1,8,194000,0,0,0,0,0,1
2009,11490,140,1,0,5.9,64650,0,0,0,0,0,1
2009,8500,140,1,0,6.1,177000,0,0,0,0,0,1
2009,8990,170,0,1,9.9,151730,0,0,0,0,0,1
2009,13500,170,1,0,6.3,155000,0,0,0,0,0,1
2009,8990,200,1,1,8.5,136880,0,0,0,0,0,1
2009,8999,140,1,0,6.9,172000,0,0,0,0,0,1
2009,11000,140,0,0,6.3,134056,0,0,0,0,0,1
2009,8990,150,1,1,8,128500,0,0,0,0,0,1
2009,12990,170,0,1,9.9,125000,0,0,0,0,0,1
2009,12999,140,0,0,7.5,135400,0,0,0,0,0,1
2009,9925,150,1,1,8,125000,0,0,0,0,0,1
2009,9980,140,1,0,6.9,162834,0,0,0,0,0,1
2009,10480,170,1,0,7,218187,0,0,0,0,0,1
2009,7500,170,1,0,6.3,263000,0,0,0,0,0,1
2009,11900,170,1,0,6.3,175000,0,0,0,0,0,1
2009,8890,150,1,1,8.4,175100,0,0,0,0,0,1
2009,8750,150,1,1,7.4,135500,0,0,0,0,0,1
2009,9500,150,1,1,8.4,153150,0,0,0,0,0,1
2009,6690,170,1,1,8.9,199200,0,0,0,0,0,1
2009,7700,140,0,0,7.1,199900,0,0,0,0,0,1
2010,6590,150,1,1,6.7,120292,1,0,0,0,0,0
2010,4300,200,1,1,8.5,177500,1,0,0,0,0,0
2010,8980,170,0,1,8.6,195969,1,0,0,0,0,0
2010,16990,170,0,1,8.6,80000,1,0,0,0,0,0
2010,10900,150,1,1,6.7,56631,0,0,0,1,0,0
2010,10450,140,1,0,5.3,103500,0,0,0,1,0,0
2010,9490,150,1,1,6.7,134143,0,0,0,1,0,0
2010,12990,170,1,0,7,116000,0,0,0,1,0,0
2010,9490,150,1,1,6.7,156000,0,0,0,1,0,0
2010,6800,150,1,1,6.7,119000,0,0,0,1,0,0
2010,8990,150,1,1,6.7,137000,0,0,0,1,0,0
2010,14900,140,0,0,6.4,139500,0,0,0,1,0,0
2010,9050,150,1,1,8,135090,0,0,0,1,0,0
2010,4999,122,1,1,6.5,269000,0,0,0,1,0,0
2010,14990,200,0,1,9.9,107800,0,0,0,0,1,0
2010,8785,150,1,1,6.7,102610,0,0,0,0,1,0
2010,7199,150,1,1,8,172444,0,0,0,0,1,0
2010,8650,150,1,1,8,152000,0,0,0,0,1,0
2010,10800,170,1,0,6.3,179000,0,0,0,0,1,0
2010,5990,150,1,1,6.7,157000,0,0,0,0,1,0
2010,5999,150,1,1,8,150000,0,0,0,0,1,0
2010,11490,140,0,0,6.4,177113,0,0,0,0,1,0
2010,11999,140,1,0,6.4,100853,0,0,0,0,1,0
2010,9400,150,1,1,8,145000,0,0,0,0,1,0
2010,14990,140,0,0,6.4,182120,0,0,0,0,1,0
2010,9900,140,0,0,7.1,195000,0,0,0,0,1,0
2010,9900,140,0,0,6.4,217870,0,0,0,0,1,0
2010,7600,150,1,1,6.7,230900,0,0,0,0,1,0
2010,11999,140,0,0,7.1,161450,0,0,0,0,1,0
2010,9999,150,1,1,6.7,151000,0,0,0,0,1,0
2010,8900,140,0,0,6.3,228000,0,0,0,0,1,0
2010,8350,140,1,0,6.3,225000,0,0,0,0,1,0
2010,6550,150,1,1,6.7,190000,0,0,0,0,1,0
2010,3950,170,0,1,9.9,156100,0,0,0,0,1,0
2010,10500,150,1,1,6.7,97200,0,0,0,0,1,0
2010,12600,200,1,1,8.5,100900,0,0,0,0,1,0
2010,10990,140,0,0,6.4,204000,0,0,0,0,1,0
2010,6899,140,1,0,6.4,235236,0,0,0,0,1,0
2010,8000,150,1,1,6.7,187000,0,0,0,0,1,0
2010,10980,150,1,1,8,107954,0,0,0,0,1,0
2010,10950,150,1,1,8,114000,0,0,0,0,1,0
2010,11999,140,0,0,7.1,184996,0,0,0,0,1,0
2010,8999,170,1,1,8.5,187000,0,0,0,0,1,0
2010,7950,200,1,1,8.5,199000,0,0,0,0,1,0
2010,14499,170,1,0,6.6,67000,0,0,0,0,1,0
2010,9700,140,0,0,6.4,228000,0,0,0,0,1,0
2010,11950,140,1,0,5.3,98900,0,0,0,0,1,0
2010,14890,140,0,0,7.1,98000,0,0,0,0,1,0
2010,10900,170,1,0,6.6,199898,0,0,0,0,1,0
2010,11950,140,1,0,5.3,149000,0,0,0,0,1,0
2010,10980,140,1,0,5.3,130588,0,1,0,0,0,0
2010,8100,140,1,0,5.3,191000,0,1,0,0,0,0
2010,14000,200,0,1,9.9,91000,0,1,0,0,0,0
2010,11890,150,1,1,8,129000,0,1,0,0,0,0
2010,7000,140,1,0,6.3,240000,0,1,0,0,0,0
2010,10450,150,1,1,6.7,98000,0,1,0,0,0,0
2010,19999,140,1,0,5.5,110000,0,1,0,0,0,0
2010,13950,170,0,1,8.6,61000,0,1,0,0,0,0
2010,10800,140,0,0,7.1,199999,0,1,0,0,0,0
2010,7950,140,0,0,7.1,217020,0,1,0,0,0,0
2010,15580,200,0,1,8.6,53232,0,0,0,0,0,1
2010,10999,150,1,1,6.7,131500,0,0,0,0,0,1
2010,9900,170,1,1,8.5,137800,0,0,0,0,0,1
2010,13900,140,0,0,6.4,152099,0,0,0,0,0,1
2010,8500,140,0,0,7.1,155185,0,0,0,0,0,1
2010,11499,150,1,1,6.7,94000,0,0,0,0,0,1
2010,9999,150,1,1,7.4,112000,0,0,0,0,0,1
2010,11950,140,1,0,6.9,150000,0,0,0,0,0,1
2010,10900,170,1,0,6.3,163000,0,0,0,0,0,1
2010,14990,140,0,0,7.1,120000,0,0,0,0,0,1
2010,9100,150,1,1,6.7,151329,0,0,0,0,0,1
2010,11290,150,1,1,6.7,127000,0,0,0,0,0,1
2010,7750,140,1,0,6.4,270000,0,0,0,0,0,1
2010,9990,150,1,1,6,142000,0,0,0,0,0,1
2010,11500,140,1,0,6.3,219190,0,0,0,0,0,1
2010,14850,140,0,0,6.4,162000,0,0,0,0,0,1
2010,6500,150,1,1,6.7,138814,0,0,0,0,0,1
2010,7000,150,1,1,8,90000,0,0,0,0,0,1
2011,13500,140,0,0,7.1,150000,1,0,0,0,0,0
2011,9500,110,1,0,5.3,165554,1,0,0,0,0,0
2011,14500,200,0,1,8.6,163000,1,0,0,0,0,0
2011,12950,150,1,1,6.7,147500,1,0,0,0,0,0
2011,10490,160,1,1,6.7,149280,1,0,0,0,0,0
2011,12500,140,1,0,5.3,138000,1,0,0,0,0,0
2011,11690,122,1,1,6.5,81366,1,0,0,0,0,0
2011,9480,122,1,1,6.5,139204,1,0,0,0,0,0
2011,12399,122,1,1,6.5,118546,1,0,0,0,0,0
2011,15470,170,1,0,6.3,103750,1,0,0,0,0,0
2011,9900,150,1,1,6.7,159000,1,0,0,0,0,0
2011,8750,122,1,1,6.5,234000,1,0,0,0,0,0
2011,9999,150,1,1,6.7,63000,0,0,0,1,0,0
2011,15950,160,1,1,6.7,113400,0,0,0,1,0,0
2011,7890,150,1,1,6.7,156500,0,0,0,1,0,0
2011,10990,140,1,0,5.3,114597,0,0,0,1,0,0
2011,13500,140,0,0,7.1,128056,0,0,0,1,0,0
2011,10950,140,1,0,6.4,162556,0,0,0,1,0,0
2011,9990,150,1,1,6.4,108850,0,0,0,1,0,0
2011,12990,140,1,0,5.3,149000,0,0,0,1,0,0
2011,10899,140,1,0,5.3,190700,0,0,0,1,0,0
2011,13700,140,0,0,6,134200,0,0,0,1,0,0
2011,8990,122,1,1,6.5,145037,0,0,0,1,0,0
2011,15990,179,0,1,8.6,93577,0,0,0,1,0,0
2011,11000,140,0,0,6.4,170000,0,0,0,0,1,0
2011,13490,179,1,1,8.5,114000,0,0,0,0,1,0
2011,8600,150,1,1,6.7,163000,0,0,0,0,1,0
2011,8499,160,1,1,6.7,158520,0,0,0,0,1,0
2011,9990,140,0,0,6.4,208000,0,0,0,0,1,0
2011,8680,140,0,0,6.4,117200,0,0,0,0,1,0
2011,11600,170,1,1,8.5,111000,0,0,0,0,1,0
2011,14499,140,1,0,5.8,114085,0,0,0,0,1,0
2011,13700,140,1,0,5.3,77000,0,0,0,0,1,0
2011,9450,170,1,0,6,233000,0,0,0,0,1,0
2011,11499,140,1,0,5.3,143000,0,0,0,0,1,0
2011,12400,140,1,0,6,126700,0,0,0,0,1,0
2011,13990,170,1,0,6.6,97200,0,0,0,0,1,0
2011,10990,150,1,1,8,159900,0,0,0,0,1,0
2011,11800,140,0,0,6.4,189990,0,0,0,0,1,0
2011,14890,179,0,1,8.6,106900,0,0,0,0,1,0
2011,14780,170,1,0,6,121300,0,0,0,0,1,0
2011,11900,170,1,0,6.6,185000,0,0,0,0,1,0
2011,8899,122,1,1,6.5,121000,0,0,0,0,1,0
2011,10600,140,1,0,6.4,170000,0,0,0,0,1,0
2011,10500,170,0,1,8.6,119000,0,0,0,0,1,0
2011,10990,140,0,0,6.2,210000,0,0,0,0,1,0
2011,8500,122,1,1,6.5,120750,0,0,0,0,1,0
2011,9990,140,1,0,6.4,168600,0,0,0,0,1,0
2011,10499,140,1,0,5.3,172000,0,0,0,0,1,0
2011,11750,140,1,0,6,156400,0,0,0,0,1,0
2011,11499,150,1,1,8,142000,0,0,0,0,1,0
2011,10480,179,1,1,8.5,154500,0,0,0,0,1,0
2011,8990,140,1,0,6.4,180815,0,0,0,0,1,0
2011,11400,170,1,0,6.3,170000,0,0,0,0,1,0
2011,13950,170,1,0,6,162000,0,0,0,0,1,0
2011,13299,122,1,1,6.5,119818,0,0,0,0,1,0
2011,11290,110,1,0,5.3,114900,0,0,0,0,1,0
2011,9690,140,1,0,5.3,200000,0,0,0,0,1,0
2011,8500,110,1,0,5.3,357276,0,1,0,0,0,0
2011,12450,140,0,0,6.4,120500,0,1,0,0,0,0
2011,9990,140,0,0,6.3,187050,0,1,0,0,0,0
2011,14990,140,1,0,5.8,165600,0,1,0,0,0,0
2011,12950,140,0,0,6.4,206000,0,1,0,0,0,0
2011,9980,140,0,0,6.3,240000,0,1,0,0,0,0
2011,9295,122,1,1,6.5,154200,0,1,0,0,0,0
2011,13300,140,0,0,7.1,141121,0,1,0,0,0,0
2011,11550,140,1,0,6.3,205500,0,1,0,0,0,0
2011,11899,140,1,0,5.3,124069,0,1,0,0,0,0
2011,11999,140,0,0,6.4,143910,0,1,0,0,0,0
2011,12900,160,1,1,6.7,148000,0,0,0,0,0,1
2011,8999,140,1,0,6.4,182996,0,0,0,0,0,1
2011,12999,140,1,0,5.3,115000,0,0,0,0,0,1
2011,8850,150,1,1,6.7,175000,0,0,0,0,0,1
2011,9199,160,1,1,7.6,170000,0,0,0,0,0,1
2011,11299,122,1,1,6.5,89560,0,0,0,0,0,1
2011,6700,140,1,0,6.3,164000,0,0,0,0,0,1
2011,7490,140,1,0,6,75000,0,0,0,0,0,1
2011,28999,200,0,1,8.6,69325,0,0,0,0,0,1
2011,13990,179,0,1,8.4,157000,0,0,0,0,0,1
2011,9250,122,1,1,6.5,190000,0,0,0,0,0,1
2011,15000,140,0,0,5.9,127000,0,0,0,0,0,1
2011,10699,140,1,0,5.3,190000,0,0,0,0,0,1
2011,10900,122,1,1,6.5,159000,0,0,0,0,0,1
2011,10990,150,1,1,6.7,7000,0,0,0,0,0,1
2011,14890,140,0,0,6.4,110872,0,0,0,0,0,1
2011,11950,140,1,0,6.3,186000,0,0,0,0,0,1
2011,9800,140,0,0,6.4,300000,0,0,0,0,0,1
2011,7300,150,1,1,6.7,196974,0,0,0,0,0,1
2011,6200,122,1,1,6.5,159000,0,0,0,0,0,1
2012,13890,170,1,0,6,117000,1,0,0,0,0,0
2012,13950,140,0,0,6.3,131682,1,0,0,0,0,0
2012,9999,170,1,0,6,249999,1,0,0,0,0,0
2012,11900,140,1,0,5.3,132000,1,0,0,0,0,0
2012,14990,179,1,1,8.5,85000,1,0,0,0,0,0
2012,11600,140,1,0,5.3,159400,1,0,0,0,0,0
2012,17990,179,1,1,8.5,104000,1,0,0,0,0,0
2012,12995,140,1,0,5.3,96000,1,0,0,0,0,0
2012,13200,122,1,1,6.5,67000,1,0,0,0,0,0
2012,8499,160,1,1,6.7,235000,1,0,0,0,0,0
2012,11000,122,1,1,6.5,189166,1,0,0,0,0,0
2012,13000,140,0,0,5.9,192000,1,0,0,0,0,0
2012,13400,160,1,1,6.7,10800,0,0,0,1,0,0
2012,13500,170,1,0,6,155000,0,0,0,1,0,0
2012,12900,179,0,1,8.7,183937,0,0,0,1,0,0
2012,14000,140,0,0,5.9,137000,0,0,0,1,0,0
2012,10900,160,1,1,6.7,158000,0,0,0,1,0,0
2012,10790,122,1,1,6.5,52401,0,0,0,1,0,0
2012,12599,150,1,1,7.6,55000,0,0,0,1,0,0
2012,9949,122,1,1,6.5,110410,0,0,0,1,0,0
2012,11999,170,1,0,6,160100,0,0,0,1,0,0
2012,8990,160,1,1,7.6,129590,0,0,0,1,0,0
2012,12990,140,0,0,6,174000,0,0,0,1,0,0
2012,9990,122,1,1,6.5,139860,0,0,0,1,0,0
2012,12900,160,1,1,6.7,108864,0,0,0,1,0,0
2012,12500,140,1,0,6,100102,0,0,0,1,0,0
2012,9885,110,1,0,5.3,232172,0,0,0,1,0,0
2012,14490,140,0,0,6,135000,0,0,0,1,0,0
2012,12985,140,1,0,6,132500,0,0,0,1,0,0
2012,11950,110,1,0,5.3,141722,0,0,0,1,0,0
2012,12890,160,1,1,6.7,93384,0,0,0,1,0,0
2012,11500,122,1,1,6.5,137200,0,0,0,1,0,0
2012,13900,140,0,0,5.9,155200,0,0,0,1,0,0
2012,12200,140,1,0,6,189500,0,0,0,1,0,0
2012,12990,160,1,1,6.7,164990,0,0,0,1,0,0
2012,13950,140,1,0,5.3,93500,0,0,0,1,0,0
2012,14760,140,0,0,5.8,128601,0,0,0,1,0,0
2012,8990,140,0,0,6,126000,0,0,0,1,0,0
2012,9999,160,1,1,7.6,160000,0,0,0,1,0,0
2012,15600,110,1,0,5.3,78000,0,0,0,1,0,0
2012,13800,110,1,0,5.3,129000,0,0,0,1,0,0
2012,15990,140,0,0,6,130000,0,0,0,0,1,0
2012,13829,170,1,0,6,113786,0,0,0,0,1,0
2012,10990,110,1,0,5.3,164300,0,0,0,0,1,0
2012,14799,140,1,0,5.3,36980,0,0,0,0,1,0
2012,8490,179,1,1,8.5,250000,0,0,0,0,1,0
2012,12600,140,1,0,6,157000,0,0,0,0,1,0
2012,12000,140,1,0,5.3,154000,0,0,0,0,1,0
2012,14000,140,0,0,5.9,151000,0,0,0,0,1,0
2012,10480,122,1,1,6.5,140411,0,0,0,0,1,0
2012,15800,179,0,1,8.6,62256,0,0,0,0,1,0
2012,10890,200,0,1,8.7,197500,0,0,0,0,1,0
2012,14999,211,0,1,8.4,105000,0,0,0,0,1,0
2012,11400,179,0,1,8.7,208150,0,0,0,0,1,0
2012,17999,211,0,1,8.5,52000,0,0,0,0,1,0
2012,10880,170,1,0,6,180314,0,0,0,0,1,0
2012,16999,140,0,0,6.3,149500,0,0,0,0,1,0
2012,12200,122,1,1,6.5,117800,0,0,0,0,1,0
2012,14499,179,0,1,8.7,130000,0,0,0,0,1,0
2012,11350,140,1,0,5.8,185256,0,0,0,0,1,0
2012,12900,140,1,0,5.3,145000,0,0,0,0,1,0
2012,15000,179,0,1,8.6,52000,0,0,0,0,1,0
2012,10590,122,1,1,6.5,110000,0,0,0,0,1,0
2012,14800,140,0,0,6,140000,0,0,0,0,1,0
2012,14900,179,0,1,8.6,155000,0,0,0,0,1,0
2012,15990,140,1,0,5.8,85000,0,0,0,0,1,0
2012,13300,160,1,1,6.7,110500,0,0,0,0,1,0
2012,13980,140,1,0,6,152988,0,0,0,0,1,0
2012,10000,140,1,0,5.3,200000,0,0,0,0,1,0
2012,12450,110,1,0,5.3,130000,0,0,0,0,1,0
2012,19900,170,1,0,6.3,163000,0,0,0,0,1,0
2012,6490,122,1,1,6.5,116674,0,0,0,0,1,0
2012,10990,170,1,0,6,177000,0,1,0,0,0,0
2012,14700,140,0,0,6.3,87000,0,1,0,0,0,0
2012,13900,211,0,1,8.5,132500,0,1,0,0,0,0
2012,12490,170,1,0,6,173000,0,1,0,0,0,0
2012,10491,140,1,0,6,198151,0,1,0,0,0,0
2012,14990,170,1,0,6,172300,0,1,0,0,0,0
2012,10990,122,1,1,6.5,116531,0,1,0,0,0,0
2012,5190,160,1,1,6.7,220000,0,1,0,0,0,0
2012,11650,140,1,0,5.5,105544,0,1,0,0,0,0
2012,12490,140,0,0,6,187000,0,1,0,0,0,0
2012,8500,110,1,0,5.3,260000,0,1,0,0,0,0
2012,13199,110,1,0,5,85000,0,1,0,0,0,0
2012,13960,179,0,1,8.6,125800,0,1,0,0,0,0
2012,13499,110,1,0,5.3,131777,0,1,0,0,0,0
2012,9250,122,1,1,6.5,150000,0,0,0,0,0,1
2012,12490,140,1,0,5.3,125000,0,0,0,0,0,1
2012,9840,160,1,1,6.7,179000,0,0,0,0,0,1
2012,9000,140,1,0,5.3,145000,0,0,0,0,0,1
2012,15500,140,0,0,6.2,127500,0,0,0,0,0,1
2012,15990,140,0,0,6,145000,0,0,0,0,0,1
2012,8900,140,0,0,6.3,94500,0,0,0,0,0,1
2012,11500,140,0,0,6.2,272000,0,0,0,0,0,1
2012,11700,160,1,1,6.7,164000,0,0,0,0,0,1
2012,15950,140,0,0,6,134577,0,0,0,0,0,1
2012,12700,122,1,1,6.5,101100,0,0,0,0,0,1
2012,13950,170,1,0,6,99874,0,0,0,0,0,1
2012,5940,211,0,1,8.5,149191,0,0,0,0,0,1
2012,15430,140,1,0,5.3,177720,0,0,0,0,0,1
2012,14200,122,1,1,6.5,138000,0,0,0,0,0,1
2012,9500,122,1,1,6.5,127000,0,0,0,0,0,1
2012,12990,110,1,0,5.3,118000,0,0,0,0,0,1
2012,10800,140,0,0,6.3,223000,0,0,0,0,0,1
2012,8590,110,1,0,5.3,265018,0,0,0,0,0,1
2012,15490,170,1,0,6,86964,0,0,0,0,0,1
2012,11990,122,1,1,6.5,100000,0,0,0,0,0,1
2013,13990,140,1,0,5.3,103750,1,0,0,0,0,0
2013,14870,122,1,1,6.5,124343,1,0,0,0,0,0
2013,9900,122,1,1,6.5,108000,1,0,0,0,0,0
2013,15900,160,0,1,7.1,61000,1,0,0,0,0,0
2013,17990,177,0,0,5.9,124400,1,0,0,0,0,0
2013,17880,211,0,1,8.6,95000,1,0,0,0,0,0
2013,15800,177,0,0,5.9,154000,1,0,0,0,0,0
2013,13999,177,1,0,5.8,151611,1,0,0,0,0,0
2013,16995,160,0,1,7.1,97910,1,0,0,0,0,0
2013,16500,140,0,0,6.2,121990,1,0,0,0,0,0
2013,13900,140,0,0,6.2,194000,1,0,0,0,0,0
2013,14590,140,0,0,5.9,134130,0,0,0,1,0,0
2013,14490,140,0,0,6.3,138000,0,0,0,1,0,0
2013,16999,211,0,1,8.5,109333,0,0,0,1,0,0
2013,11800,122,1,1,6.5,82000,0,0,0,1,0,0
2013,17999,211,0,1,8.5,79700,0,0,0,1,0,0
2013,15990,177,0,0,5.9,83000,0,0,0,1,0,0
2013,16750,160,1,1,6.7,47500,0,0,0,1,0,0
2013,17999,177,0,0,5.9,73722,0,0,0,1,0,0
2013,10950,110,1,0,5.3,190000,0,0,0,1,0,0
2013,17000,177,0,0,5.9,165000,0,0,0,1,0,0
2013,13290,110,1,0,5.3,120000,0,0,0,1,0,0
2013,14000,160,0,1,7.1,119000,0,0,0,1,0,0
2013,13600,110,1,0,5.3,81500,0,0,0,1,0,0
2013,13900,140,1,0,5.3,194600,0,0,0,1,0,0
2013,15990,140,0,0,6.3,119800,0,0,0,1,0,0
2013,18990,177,0,0,5.9,91000,0,0,0,1,0,0
2013,19999,211,0,1,8.5,80500,0,0,0,1,0,0
2013,14890,140,0,0,6,135000,0,0,0,1,0,0
2013,13970,170,1,0,6,140147,0,0,0,1,0,0
2013,17799,179,0,1,8.6,51245,0,0,0,1,0,0
2013,12900,140,0,0,6.2,193134,0,0,0,1,0,0
2013,17980,179,0,1,8.6,63816,0,0,0,0,1,0
2013,19750,177,0,0,5.9,80000,0,0,0,0,1,0
2013,9990,170,1,0,7,140851,0,0,0,0,1,0
2013,15950,160,1,1,6.7,55262,0,0,0,0,1,0
2013,13000,177,1,0,5.8,135000,0,0,0,0,1,0
2013,14770,140,0,0,6,115000,0,0,0,0,1,0
2013,9999,179,0,1,8.6,156680,0,0,0,0,1,0
2013,12000,160,1,1,6.7,118000,0,0,0,0,1,0
2013,10950,122,1,1,6.5,127000,0,0,0,0,1,0
2013,8999,160,1,1,7.1,120382,0,0,0,0,1,0
2013,17990,177,0,0,5.9,30642,0,0,0,0,1,0
2013,16970,177,0,0,5.9,105582,0,0,0,0,1,0
2013,14590,177,0,0,5.9,173000,0,0,0,0,1,0
2013,10850,122,1,1,6.5,137930,0,0,0,0,1,0
2013,14900,160,1,1,7.6,34950,0,0,0,0,1,0
2013,16330,140,0,0,5.9,105414,0,0,0,0,1,0
2013,8900,122,1,1,6.5,167000,0,0,0,0,1,0
2013,13000,160,1,1,7.6,119000,0,0,0,0,1,0
2013,12000,122,1,1,6.5,113000,0,0,0,0,1,0
2013,13900,140,0,0,6,147000,0,0,0,0,1,0
2013,20100,179,0,1,8.6,51100,0,0,0,0,1,0
2013,15990,160,1,1,6.7,130216,0,0,0,0,1,0
2013,10985,140,1,0,5.3,173561,0,0,0,0,1,0
2013,15700,140,0,0,6,95350,0,0,0,0,1,0
2013,13850,110,1,0,5.3,60000,0,0,0,0,1,0
2013,15300,177,0,0,5.9,188000,0,0,0,0,1,0
2013,9999,120,1,0,5.3,195000,0,0,0,0,1,0
2013,15500,179,0,1,8.6,33000,0,1,0,0,0,0
2013,13499,177,1,0,5.8,149980,0,1,0,0,0,0
2013,10990,122,1,1,6.5,89999,0,1,0,0,0,0
2013,12990,140,0,0,6,175000,0,1,0,0,0,0
2013,15430,140,0,0,5.9,111848,0,1,0,0,0,0
2013,12990,160,1,1,7.6,103951,0,1,0,0,0,0
2013,15399,122,1,1,6.5,34400,0,1,0,0,0,0
2013,14000,177,0,0,5.9,135000,0,1,0,0,0,0
2013,14169,140,1,0,5.3,88850,0,1,0,0,0,0
2013,17980,179,0,1,8.6,84905,0,1,0,0,0,0
2013,16399,160,1,1,7.6,79364,0,1,0,0,0,0
2013,10590,122,1,1,6.5,165000,0,1,0,0,0,0
2013,18499,179,0,1,8.5,50000,0,1,0,0,0,0
2013,12499,122,1,1,6.5,81418,0,1,0,0,0,0
2013,11499,140,0,0,6.2,198982,0,1,0,0,0,0
2013,10450,140,0,0,6,314000,0,1,0,0,0,0
2013,14790,110,1,0,5.3,170373,0,0,0,0,0,1
2013,8990,160,1,1,7.6,258000,0,0,0,0,0,1
2013,11900,110,1,0,5.3,138134,0,0,0,0,0,1
2013,12285,110,1,0,5.3,116781,0,0,0,0,0,1
2013,12500,179,1,1,8.5,149000,0,0,0,0,0,1
2013,10999,160,1,1,6.7,118000,0,0,0,0,0,1
2013,11700,160,1,1,6.7,107710,0,0,0,0,0,1
2013,11650,140,1,0,5.3,200000,0,0,0,0,0,1
2013,13499,177,0,0,5.9,209544,0,0,0,0,0,1
2013,13980,110,1,0,5.3,107626,0,0,0,0,0,1
2013,13950,160,1,1,6.7,72000,0,0,0,0,0,1
2013,12900,140,1,0,5.3,125730,0,0,0,0,0,1
2013,13450,177,0,0,5.9,199000,0,0,0,0,0,1
2013,13990,179,0,1,8.4,124980,0,0,0,0,0,1
2013,12950,122,1,1,6.5,86000,0,0,0,0,0,1
2013,18300,160,1,1,7.6,181000,0,0,0,0,0,1
2013,12490,140,0,0,6.3,214000,0,0,0,0,0,1
2013,16895,200,0,1,8.5,76000,0,0,0,0,0,1
2013,14990,160,0,1,7.1,115000,0,0,0,0,0,1
2013,17000,177,1,0,5.8,105000,0,0,0,0,0,1
2013,12499,140,1,0,5.3,136740,0,0,0,0,0,1
2013,15910,140,1,0,5.3,139120,0,0,0,0,0,1
2013,17280,140,1,0,5.8,98000,0,0,0,0,0,1
2013,15000,177,1,0,5.8,227970,0,0,0,0,0,1
2013,14810,140,1,0,6,124000,0,0,0,0,0,1
2013,9999,160,1,1,7.6,215655,0,0,0,0,0,1
2013,13990,140,1,0,5.3,88400,0,0,0,0,0,1
2013,14000,140,0,0,6.3,205000,0,0,0,0,0,1
2014,8900,177,0,0,5.9,106400,1,0,0,0,0,0
2014,20930,211,0,1,8.5,107800,1,0,0,0,0,0
2014,17699,200,0,1,8.4,76000,1,0,0,0,0,0
2014,16550,140,1,0,5.3,78000,1,0,0,0,0,0
2014,14690,177,0,0,5.9,200000,1,0,0,0,0,0
2014,16450,160,1,1,7.6,75000,0,0,0,1,0,0
2014,14850,122,1,1,6.5,89836,0,0,0,1,0,0
2014,13994,140,1,0,5.8,166600,0,0,0,1,0,0
2014,13950,122,1,1,6.5,95100,0,0,0,1,0,0
2014,11999,160,1,1,6.7,107500,0,0,0,1,0,0
2014,15599,122,1,1,6.5,30000,0,0,0,1,0,0
2014,13900,122,1,1,6.5,58600,0,0,0,1,0,0
2014,7400,122,1,1,6.5,124000,0,0,0,1,0,0
2014,14950,211,0,1,8.4,115000,0,0,0,1,0,0
2014,14900,140,0,0,6,110000,0,0,0,1,0,0
2014,13260,122,1,1,6.5,116700,0,0,0,1,0,0
2014,12990,122,1,1,6.5,135000,0,0,0,1,0,0
2014,13980,140,1,0,5.3,104360,0,0,0,1,0,0
2014,13490,160,1,1,6.7,90125,0,0,0,1,0,0
2014,16250,110,1,0,5.3,52400,0,0,0,1,0,0
2014,12500,122,1,1,6.5,153500,0,0,0,1,0,0
2014,19999,140,0,0,6,52902,0,0,0,1,0,0
2014,14000,179,0,1,8.4,116000,0,0,0,1,0,0
2014,15400,177,0,0,5.9,163000,0,0,0,1,0,0
2014,11300,122,1,1,6.5,169800,0,0,0,1,0,0
2014,12499,122,1,1,6.5,76000,0,0,0,1,0,0
2014,12447,122,1,1,6.5,108290,0,0,0,1,0,0
2014,16500,140,1,0,6,66350,0,0,0,1,0,0
2014,12490,122,1,1,6.5,105400,0,0,0,1,0,0
2014,14990,160,1,1,6.7,113700,0,0,0,1,0,0
2014,16800,160,0,1,7.1,74000,0,0,0,1,0,0
2014,12990,122,1,1,6.5,111017,0,0,0,1,0,0
2014,12980,122,1,1,6.5,105040,0,0,0,1,0,0
2014,12600,122,1,1,6.5,132000,0,0,0,1,0,0
2014,11999,110,1,0,5.3,194165,0,0,0,1,0,0
2014,14900,122,1,1,6.5,80215,0,0,0,1,0,0
2014,8199,110,1,0,5.3,336500,0,0,0,1,0,0
2014,13990,140,1,0,5.3,129692,0,0,0,1,0,0
2014,16390,110,1,0,5.3,83700,0,0,0,1,0,0
2014,18949,140,0,0,6,140000,0,0,0,1,0,0
2014,15995,140,0,0,6.3,118985,0,0,0,1,0,0
2014,12500,122,1,1,6.5,160350,0,0,0,1,0,0
2014,11990,122,1,1,6.5,168000,0,0,0,1,0,0
2014,17890,160,0,1,7.1,39800,0,0,0,0,1,0
2014,10999,110,1,0,5.3,158000,0,0,0,0,1,0
2014,15800,122,1,1,6.5,71400,0,0,0,0,1,0
2014,13895,122,1,1,6.5,89900,0,0,0,0,1,0
2014,16790,179,0,1,8.6,137000,0,0,0,0,1,0
2014,17100,177,1,0,5.8,141000,0,0,0,0,1,0
2014,11985,122,1,1,6.5,102691,0,0,0,0,1,0
2014,15500,200,0,1,8.6,85288,0,0,0,0,1,0
2014,16900,122,1,1,6.5,144377,0,0,0,0,1,0
2014,10999,110,1,0,5.3,162000,0,0,0,0,1,0
2014,15990,140,0,0,5.8,82863,0,0,0,0,1,0
2014,14999,177,0,0,5.9,175000,0,0,0,0,1,0
2014,14999,140,1,0,5.3,90000,0,0,0,0,1,0
2014,18990,140,0,0,6.3,64200,0,0,0,0,1,0
2014,15555,122,1,1,6.5,41500,0,0,0,0,1,0
2014,18450,177,0,0,5.9,114000,0,0,0,0,1,0
2014,11499,122,1,1,6.5,122418,0,0,0,0,1,0
2014,14500,179,0,1,8.4,170000,0,0,0,0,1,0
2014,14977,140,1,0,5.3,117681,0,0,0,0,1,0
2014,17890,140,0,0,6,100000,0,0,0,0,1,0
2014,15900,140,0,0,6.2,130000,0,0,0,0,1,0
2014,19590,211,0,1,8.5,82488,0,0,0,0,1,0
2014,16900,177,0,0,5.9,159000,0,0,0,0,1,0
2014,11490,122,1,1,6.5,120000,0,0,0,0,1,0
2014,13000,122,1,1,6.5,181000,0,0,0,0,1,0
2014,15999,140,0,0,6,134630,0,0,0,0,1,0
2014,13650,160,1,1,6.5,111510,0,0,0,0,1,0
2014,19499,179,0,1,8.6,41399,0,1,0,0,0,0
2014,15690,177,0,0,5.9,136300,0,1,0,0,0,0
2014,16990,140,0,0,6.3,91281,0,1,0,0,0,0
2014,9900,160,0,1,7.1,214200,0,1,0,0,0,0
2014,16990,160,0,1,7.1,36000,0,1,0,0,0,0
2014,13950,140,1,0,6,145000,0,1,0,0,0,0
2014,12999,140,1,0,5.3,135000,0,1,0,0,0,0
2014,15500,122,1,1,6.5,56000,0,1,0,0,0,0
2014,13400,160,1,1,6.7,84500,0,1,0,0,0,0
2014,15995,140,0,0,5.9,137229,0,1,0,0,0,0
2014,13596,122,1,1,6.5,83305,0,1,0,0,0,0
2014,17990,177,0,0,5.9,107142,0,1,0,0,0,0
2014,12000,179,1,1,8.5,192000,0,1,0,0,0,0
2014,17888,160,0,1,7.1,32240,0,1,0,0,0,0
2014,17980,140,0,0,6,88210,0,1,0,0,0,0
2014,11800,140,1,0,5.3,211000,0,1,0,0,0,0
2014,12950,140,0,0,6.3,210000,0,0,0,0,0,1
2014,21490,177,0,0,5.9,69000,0,0,0,0,0,1
2014,15800,140,0,0,6.3,137467,0,0,0,0,0,1
2014,19990,179,0,1,8.6,48399,0,0,0,0,0,1
2014,12999,122,1,1,6.5,21400,0,0,0,0,0,1
2014,13999,211,0,1,8.5,151866,0,0,0,0,0,1
2014,14490,140,0,0,6.3,137580,0,0,0,0,0,1
2014,8590,160,1,1,7.6,269566,0,0,0,0,0,1
2014,17000,179,0,1,8.6,125889,0,0,0,0,0,1
2014,13290,150,1,0,5.3,123000,0,0,0,0,0,1
2014,15899,140,0,0,6,125800,0,0,0,0,0,1
2014,17480,177,0,0,5.9,154555,0,0,0,0,0,1
2014,13750,122,1,1,6.5,34535,0,0,0,0,0,1
2014,14550,160,1,1,6.7,98558,0,0,0,0,0,1
2014,16200,160,1,1,7.6,56680,0,0,0,0,0,1
2014,18499,177,1,0,5.8,103095,0,0,0,0,0,1
2014,15700,122,1,1,6.5,60000,0,0,0,0,0,1
2014,11990,122,1,1,6.5,167000,0,0,0,0,0,1
2014,12990,160,0,1,7.1,175000,0,0,0,0,0,1
2014,16280,160,0,1,7.1,106750,0,0,0,0,0,1
2014,15990,177,0,0,5.9,180000,0,0,0,0,0,1
2014,14905,177,0,0,5.9,199500,0,0,0,0,0,1
2014,13500,140,0,0,5.9,163636,0,0,0,0,0,1
2014,12900,110,1,0,5.3,176000,0,0,0,0,0,1
2014,19750,140,0,0,6.2,91500,0,0,0,0,0,1
2014,12950,140,0,0,6.3,210000,0,0,0,0,0,1
2014,16900,160,1,1,6.7,82000,0,0,0,0,0,1
2014,22750,211,0,1,8.5,93000,0,0,0,0,0,1
2014,11000,177,0,0,5.9,155250,0,0,0,0,0,1
2014,14490,122,1,1,6.5,95000,0,0,0,0,0,1
2014,15899,140,0,0,6.2,173000,0,0,0,0,0,1
2014,12790,122,1,1,6.5,129854,0,0,0,0,0,1
2014,15100,122,1,1,6.5,96542,0,0,0,0,0,1
2014,13800,110,1,0,5.3,130656,0,0,0,0,0,1
2014,14980,160,1,1,6.7,61726,0,0,0,0,0,1
2015,18850,184,0,0,5.7,125000,1,0,0,0,0,0
2015,21450,184,0,0,5.7,76186,1,0,0,0,0,0
2015,18100,150,0,0,5.9,121000,1,0,0,0,0,0
2015,15340,150,1,1,6.4,92096,1,0,0,0,0,0
2015,22990,184,0,0,5.7,73478,1,0,0,0,0,0
2015,19490,140,0,0,6,119998,1,0,0,0,0,0
2015,16880,150,1,0,5,108062,1,0,0,0,0,0
2015,16990,160,1,1,6.7,95538,1,0,0,0,0,0
2015,13490,122,1,1,6.5,76000,1,0,0,0,0,0
2015,9500,140,1,0,5.3,187280,1,0,0,0,0,0
2015,14999,122,1,1,6.5,24500,0,0,0,1,0,0
2015,18980,160,0,1,7.1,66200,0,0,0,1,0,0
2015,16666,160,1,1,7.6,116400,0,0,0,1,0,0
2015,14799,110,1,0,5.3,73000,0,0,0,1,0,0
2015,17290,140,1,0,6,87955,0,0,0,1,0,0
2015,19985,150,0,1,6.7,66000,0,0,0,1,0,0
2015,19916,177,1,0,5.8,105596,0,0,0,1,0,0
2015,14990,150,1,1,6.4,105700,0,0,0,1,0,0
2015,16900,110,1,0,5,206337,0,0,0,1,0,0
2015,13750,125,1,1,6.4,140000,0,0,0,1,0,0
2015,19999,150,1,1,6.4,104240,0,0,0,1,0,0
2015,18440,150,0,1,6.7,59600,0,0,0,1,0,0
2015,14900,110,1,0,5,69075,0,0,0,1,0,0
2015,14950,160,1,1,6.7,56340,0,0,0,1,0,0
2015,19990,150,0,1,6.7,34600,0,0,0,1,0,0
2015,15998,150,1,0,5,111968,0,0,0,1,0,0
2015,11285,122,1,1,6.5,116950,0,0,0,1,0,0
2015,12880,122,1,1,6.5,78300,0,0,0,1,0,0
2015,19840,150,0,0,5.8,90420,0,0,0,1,0,0
2015,18800,179,1,1,8.5,60000,0,0,0,1,0,0
2015,19980,150,0,1,6.7,65175,0,0,0,1,0,0
2015,22900,150,1,0,5.3,109119,0,0,0,1,0,0
2015,16980,160,1,1,6.7,63519,0,0,0,1,0,0
2015,16500,160,1,1,6.7,101124,0,0,0,1,0,0
2015,16800,179,1,1,8.5,119000,0,0,0,1,0,0
2015,17980,140,0,0,6.3,96743,0,0,0,1,0,0
2015,13950,122,1,1,6.5,125000,0,0,0,1,0,0
2015,17490,160,1,1,7.6,66502,0,0,0,1,0,0
2015,19999,184,0,0,5.7,116000,0,0,0,1,0,0
2015,13999,184,0,0,5.7,219999,0,0,0,1,0,0
2015,12900,140,1,0,5.3,199500,0,0,0,1,0,0
2015,12991,122,1,1,6.5,103456,0,0,0,1,0,0
2015,18450,150,1,1,6.4,50000,0,0,0,1,0,0
2015,21490,184,0,0,5.7,66000,0,0,0,1,0,0
2015,18450,150,1,1,6.4,50000,0,0,0,1,0,0
2015,18500,150,0,0,5.7,107000,0,0,0,0,1,0
2015,16990,150,0,0,5.3,118500,0,0,0,0,1,0
2015,13590,122,1,1,6.5,121500,0,0,0,0,1,0
2015,16490,150,1,0,5,125598,0,0,0,0,1,0
2015,17800,140,1,0,5.8,99900,0,0,0,0,1,0
2015,12950,125,1,1,6.4,135339,0,0,0,0,1,0
2015,17880,160,1,1,6.7,62125,0,0,0,0,1,0
2015,16500,150,1,0,5,106000,0,0,0,0,1,0
2015,15750,150,1,0,5,137000,0,0,0,0,1,0
2015,17650,179,1,1,8.5,44640,0,0,0,0,1,0
2015,18500,150,0,0,5.7,91000,0,0,0,0,1,0
2015,18000,184,0,0,5.7,148000,0,0,0,0,1,0
2015,12990,122,1,1,6.5,100125,0,0,0,0,1,0
2015,14000,177,0,0,5.8,182000,0,0,0,0,1,0
2015,13900,150,1,0,5,188000,0,0,0,0,1,0
2015,18949,122,1,1,6.5,54600,0,0,0,0,1,0
2015,14990,184,0,0,5.7,104532,0,0,0,0,1,0
2015,14699,160,1,1,6.7,113000,0,0,0,0,1,0
2015,16500,140,0,0,6.2,147000,0,0,0,0,1,0
2015,18500,150,0,0,5.7,91000,0,0,0,0,1,0
2015,18990,184,0,0,5.7,113700,0,0,0,0,1,0
2015,14900,110,1,0,5,70000,0,0,0,0,1,0
2015,13800,177,0,0,5.9,198950,0,0,0,0,1,0
2015,16990,150,0,0,6,119020,0,0,0,0,1,0
2015,14499,140,1,0,5.3,66000,0,1,0,0,0,0
2015,14860,160,0,1,7.1,110185,0,1,0,0,0,0
2015,20990,184,0,0,5.7,77416,0,1,0,0,0,0
2015,20400,177,0,0,5.9,116000,0,1,0,0,0,0
2015,14977,150,1,0,5,140270,0,1,0,0,0,0
2015,15500,184,0,0,5.7,154965,0,1,0,0,0,0
2015,14380,140,1,0,5.3,120740,0,1,0,0,0,0
2015,15950,140,1,0,5.8,95388,0,1,0,0,0,0
2015,19990,160,0,1,7.1,50851,0,1,0,0,0,0
2015,14950,122,1,1,6.5,105413,0,1,0,0,0,0
2015,17690,140,1,0,5.3,112000,0,1,0,0,0,0
2015,17950,160,1,1,6.7,57235,0,1,0,0,0,0
2015,17990,160,0,1,7.1,38754,0,1,0,0,0,0
2015,18999,140,0,0,6,105578,0,1,0,0,0,0
2015,15900,150,1,1,6.4,73500,0,0,0,0,0,1
2015,18790,177,1,0,5.8,142151,0,0,0,0,0,1
2015,17950,160,1,1,6.7,67491,0,0,0,0,0,1
2015,11100,150,1,1,6.4,138881,0,0,0,0,0,1
2015,16470,177,1,0,5.8,139000,0,0,0,0,0,1
2015,16930,150,1,1,6.4,49798,0,0,0,0,0,1
2015,13999,122,1,1,6.5,96000,0,0,0,0,0,1
2015,17900,184,0,0,5.7,150000,0,0,0,0,0,1
2015,16490,177,1,0,5.8,116000,0,0,0,0,0,1
2015,12590,211,0,1,8.4,179000,0,0,0,0,0,1
2015,11900,184,0,0,5.7,83000,0,0,0,0,0,1
2015,13950,150,1,0,5.3,156700,0,0,0,0,0,1
2015,15500,160,0,1,7.1,107369,0,0,0,0,0,1
2015,18990,150,0,0,5.7,99900,0,0,0,0,0,1
2015,13990,122,1,1,6.5,85000,0,0,0,0,0,1
2015,13690,125,1,1,6.4,91607,0,0,0,0,0,1
2015,29950,122,1,1,6.5,61700,0,0,0,0,0,1
2015,15000,160,1,1,6.7,66000,0,0,0,0,0,1
2015,19000,211,0,1,8.4,90000,0,0,0,0,0,1
2015,16999,110,1,0,5,147170,0,0,0,0,0,1
2015,11500,150,1,0,5,220300,0,0,0,0,0,1
2015,19980,177,0,0,5.9,120000,0,0,0,0,0,1
2015,14850,122,1,1,6.5,56464,0,0,0,0,0,1
2015,16500,177,0,0,5.9,160000,0,0,0,0,0,1
2015,19500,150,1,1,6.4,69000,0,0,0,0,0,1
2015,14276,122,1,1,6.5,69070,0,0,0,0,0,1
2015,16800,110,1,0,5.3,79000,0,0,0,0,0,1
2015,13969,122,1,1,6.5,117000,0,0,0,0,0,1
2015,16480,110,1,0,5,99900,0,0,0,0,0,1
2015,15730,140,0,0,6.3,168850,0,0,0,0,0,1
2015,13399,140,1,0,5.3,165000,0,0,0,0,0,1
2016,26500,179,0,1,7.3,92790,1,0,0,0,0,0
2016,21897,150,0,0,4.8,134927,1,0,0,0,0,0
2016,21470,150,0,0,5.7,109375,1,0,0,0,0,0
2016,25999,190,0,0,5.7,60000,1,0,0,0,0,0
2016,11850,150,1,0,5,242694,1,0,0,0,0,0
2016,22690,150,0,0,5.7,129000,1,0,0,0,0,0
2016,18490,150,0,0,5.7,183318,1,0,0,0,0,0
2016,26390,179,0,1,7.4,28790,1,0,0,0,0,0
2016,19990,150,0,1,6.7,116470,1,0,0,0,0,0
2016,23989,150,0,0,5.7,60000,1,0,0,0,0,0
2016,26700,239,0,0,6.4,118000,1,0,0,0,0,0
2016,26830,190,0,0,5.7,52893,1,0,0,0,0,0
2016,20590,150,1,1,5.8,78000,1,0,0,0,0,0
2016,19960,150,1,1,5.8,81563,1,0,0,0,0,0
2016,24639,150,0,0,4.9,86757,1,0,0,0,0,0
2016,15555,125,1,1,6.4,67354,1,0,0,0,0,0
2016,19499,116,1,0,4.7,67820,1,0,0,0,0,0
2016,23959,150,0,0,4.9,86757,1,0,0,0,0,0
2016,23500,150,0,0,4.9,119000,1,0,0,0,0,0
2016,24630,150,0,0,5.7,106670,1,0,0,0,0,0
2016,22990,125,1,1,6.1,34500,1,0,0,0,0,0
2016,16490,150,1,0,4.7,75311,1,0,0,0,0,0
2016,21990,190,0,0,5.7,142000,0,0,0,1,0,0
2016,23890,190,0,0,5.7,96000,0,0,0,1,0,0
2016,15990,150,1,1,6.4,84000,0,0,0,1,0,0
2016,23800,150,0,0,4.9,113000,0,0,0,1,0,0
2016,15100,125,1,1,6.4,60500,0,0,0,1,0,0
2016,14690,125,1,1,6.4,121000,0,0,0,1,0,0
2016,16640,150,1,0,5.3,146000,0,0,0,1,0,0
2016,22950,179,0,1,7.4,98926,0,0,0,1,0,0
2016,17600,150,1,1,6.4,77000,0,0,0,1,0,0
2016,14500,150,0,0,5.7,182000,0,0,0,1,0,0
2016,12500,125,1,1,6.4,122000,0,0,0,1,0,0
2016,14000,125,1,1,5.8,88000,0,0,0,1,0,0
2016,22950,150,0,0,5.6,134000,0,0,0,1,0,0
2016,18505,125,1,1,6.4,27250,0,0,0,1,0,0
2016,19900,179,0,1,7.4,108470,0,0,0,1,0,0
2016,24850,179,0,1,7.4,54000,0,0,0,1,0,0
2016,23890,179,0,1,7.4,58157,0,0,0,1,0,0
2016,17950,150,1,0,5,90331,0,0,0,1,0,0
2016,15499,150,1,1,6.4,108000,0,0,0,1,0,0
2016,23500,190,0,0,5.7,82000,0,0,0,1,0,0
2016,22690,150,1,0,4.8,62000,0,0,0,1,0,0
2016,27950,190,0,0,5.7,89336,0,0,0,1,0,0
2016,16990,150,0,0,5.7,162000,0,0,0,1,0,0
2016,17450,150,0,0,5.7,145000,0,0,0,1,0,0
2016,17980,150,0,1,6.7,106900,0,0,0,1,0,0
2016,22895,150,0,0,5.7,98200,0,0,0,1,0,0
2016,27990,179,1,1,7.1,75500,0,0,0,1,0,0
2016,14490,125,1,1,6.4,121000,0,0,0,1,0,0
2016,26990,190,0,0,5.7,147250,0,0,0,1,0,0
2016,19999,150,0,1,6.7,89500,0,0,0,0,1,0
2016,23480,150,0,1,6.1,50700,0,0,0,0,1,0
2016,22990,150,1,1,6.9,112708,0,0,0,0,1,0
2016,25850,150,1,0,5.6,94200,0,0,0,0,1,0
2016,26980,190,0,0,5.7,89612,0,0,0,0,1,0
2016,17950,150,1,0,5,56820,0,0,0,0,1,0
2016,21880,150,0,1,6.7,61611,0,0,0,0,1,0
2016,7900,179,0,1,7.4,58983,0,0,0,0,1,0
2016,16500,150,1,1,6.4,129100,0,0,0,0,1,0
2016,23500,190,0,0,5.7,91000,0,0,0,0,1,0
2016,21950,150,0,0,4.8,99999,0,0,0,0,1,0
2016,24450,190,0,0,5.7,135710,0,0,0,0,1,0
2016,27590,190,0,0,5.7,80000,0,0,0,0,1,0
2016,13570,150,1,0,5,113775,0,0,0,0,1,0
2016,13950,190,0,0,5.7,129000,0,0,0,0,1,0
2016,25000,190,0,0,5.7,128800,0,0,0,0,1,0
2016,28120,190,0,0,5.7,33687,0,0,0,0,1,0
2016,26980,190,0,0,5.7,89612,0,0,0,0,1,0
2016,14800,200,0,1,7.1,157000,0,0,0,0,1,0
2016,15700,179,0,1,7.4,145000,0,0,0,0,1,0
2016,16690,150,0,0,5.7,147550,0,0,0,0,1,0
2016,19900,150,0,0,5.7,119000,0,0,0,0,1,0
2016,21500,150,0,0,5.7,54264,0,0,0,0,1,0
2016,12900,150,0,0,5.3,193000,0,0,0,0,1,0
2016,22500,190,0,0,5.7,149000,0,0,0,0,1,0
2016,25700,190,0,0,5.7,143000,0,0,0,0,1,0
2016,17199,150,1,1,6.4,79464,0,0,0,0,1,0
2016,23900,179,0,1,7.3,125000,0,0,0,0,1,0
2016,19200,150,0,1,6.7,71000,0,0,0,0,1,0
2016,22000,150,0,0,4.9,66000,0,0,0,0,1,0
2016,17999,116,1,0,4.7,52500,0,0,0,0,1,0
2016,18995,150,1,0,4.8,96998,0,0,0,0,1,0
2016,27990,190,0,0,5.7,53396,0,0,0,0,1,0
2016,19899,150,0,0,5.7,117000,0,0,0,0,1,0
2016,19926,150,0,1,6.7,68500,0,0,0,0,1,0
2016,14870,184,0,0,5.7,99500,0,0,0,0,1,0
2016,25790,150,0,0,4.9,74000,0,0,0,0,1,0
2016,19100,125,1,1,6.4,39719,0,0,0,0,1,0
2016,13499,125,1,1,6.4,101000,0,0,0,0,1,0
2016,24990,150,0,1,6.1,46478,0,0,0,0,1,0
2016,29900,190,0,0,5.7,116000,0,0,0,0,1,0
2016,26800,179,0,1,7.4,21000,0,1,0,0,0,0
2016,24900,190,0,0,5.7,99800,0,1,0,0,0,0
2016,17450,179,0,1,7.3,108000,0,1,0,0,0,0
2016,18300,179,0,1,7.4,59102,0,1,0,0,0,0
2016,23499,150,0,0,5.7,58300,0,1,0,0,0,0
2016,24990,179,0,1,7.4,103000,0,1,0,0,0,0
2016,25999,150,0,0,5.7,64879,0,1,0,0,0,0
2016,17750,150,0,1,6.7,81250,0,1,0,0,0,0
2016,19950,150,1,1,5.8,73450,0,1,0,0,0,0
2016,16980,125,1,1,6.4,79980,0,1,0,0,0,0
2016,25500,186,0,0,5.3,49000,0,1,0,0,0,0
2016,15977,125,1,1,6.4,67963,0,1,0,0,0,0
2016,19999,150,0,0,5.7,89528,0,1,0,0,0,0
2016,14500,150,1,0,4.8,82000,0,1,0,0,0,0
2016,25690,150,1,1,6.9,42200,0,1,0,0,0,0
2016,25900,179,0,1,7.3,58034,0,1,0,0,0,0
2016,24970,150,0,0,5.4,60000,0,1,0,0,0,0
2016,31290,190,0,0,5.7,15692,0,1,0,0,0,0
2016,22970,150,0,0,5.4,93600,0,1,0,0,0,0
2016,19680,125,1,1,6.1,79000,0,1,0,0,0,0
2016,15720,125,1,1,6.4,104200,0,1,0,0,0,0
2016,18700,125,1,1,6.1,73300,0,1,0,0,0,0
2016,22970,150,0,0,5.4,82200,0,1,0,0,0,0
2016,25999,150,0,0,5.7,102000,0,1,0,0,0,0
2016,27490,150,0,0,5.7,83630,0,1,0,0,0,0
2016,28990,220,0,1,7.8,114151,0,0,0,0,0,1
2016,25600,179,1,1,7.1,63600,0,0,0,0,0,1
2016,25850,179,0,1,7.4,71200,0,0,0,0,0,1
2016,24930,179,0,1,7.4,75092,0,0,0,0,0,1
2016,15950,125,1,1,6.4,62000,0,0,0,0,0,1
2016,22930,179,0,1,7.4,68554,0,0,0,0,0,1
2016,27800,150,0,0,5.3,27500,0,0,0,0,0,1
2016,20999,150,1,0,5.6,100000,0,0,0,0,0,1
2016,22998,150,0,0,5.7,113633,0,0,0,0,0,1
2016,26800,239,0,0,6.4,123000,0,0,0,0,0,1
2016,19499,150,0,0,5.3,124800,0,0,0,0,0,1
2016,19800,150,0,0,5.7,92000,0,0,0,0,0,1
2016,26990,190,0,0,5.7,62800,0,0,0,0,0,1
2016,17950,150,1,0,5.3,92450,0,0,0,0,0,1
2017,31750,220,0,1,7.8,21880,1,0,0,0,0,0
2017,22990,190,0,0,5.7,126399,1,0,0,0,0,0
2017,20500,125,1,1,6.1,39000,1,0,0,0,0,0
2017,29999,220,0,1,7.7,24000,1,0,0,0,0,0
2017,20888,150,0,0,5.7,126000,1,0,0,0,0,0
2017,18904,116,1,0,4.7,102929,1,0,0,0,0,0
2017,24950,190,0,0,5.7,92316,1,0,0,0,0,0
2017,19400,150,0,0,5.3,221000,1,0,0,0,0,0
2017,27959,179,1,1,7.1,71200,1,0,0,0,0,0
2017,23670,150,0,0,4.8,77346,1,0,0,0,0,0
2017,22380,150,1,0,4.8,94000,1,0,0,0,0,0
2017,22990,150,1,1,5.8,64959,1,0,0,0,0,0
2017,25900,190,0,0,5.7,122133,1,0,0,0,0,0
2017,26859,179,0,1,7.4,76551,1,0,0,0,0,0
2017,27439,179,0,1,7.4,76551,1,0,0,0,0,0
2017,28789,179,0,1,7.4,76551,1,0,0,0,0,0
2017,24690,220,0,1,7.8,156647,1,0,0,0,0,0
2017,24740,116,1,0,4.9,57890,1,0,0,0,0,0
2017,27930,150,0,0,4.8,78861,1,0,0,0,0,0
2017,23450,150,1,0,4.8,85600,1,0,0,0,0,0
2017,22698,179,0,1,7.4,65494,0,0,0,1,0,0
2017,20990,116,1,0,4.7,108800,0,0,0,1,0,0
2017,24980,179,0,1,7.3,76400,0,0,0,1,0,0
2017,19650,150,0,1,6.1,108748,0,0,0,1,0,0
2017,21350,150,1,1,5.8,72500,0,0,0,1,0,0
2017,24500,150,0,0,5.7,89273,0,0,0,1,0,0
2017,24250,150,0,1,6.1,55850,0,0,0,1,0,0
2017,22350,150,1,1,5.8,56200,0,0,0,1,0,0
2017,21499,150,1,1,5.8,69900,0,0,0,1,0,0
2017,19490,150,0,0,4.8,161000,0,0,0,1,0,0
2017,19680,150,1,1,5.8,97890,0,0,0,1,0,0
2017,18900,125,1,1,6,53593,0,0,0,1,0,0
2017,25990,190,0,0,5.7,99600,0,0,0,1,0,0
2017,19500,125,1,1,6.1,35900,0,0,0,1,0,0
2017,30990,239,0,0,6.4,59184,0,0,0,1,0,0
2017,27500,179,0,1,7.3,36000,0,0,0,1,0,0
2017,22490,150,0,1,6.1,78000,0,0,0,1,0,0
2017,31450,220,0,1,7.7,37600,0,0,0,1,0,0
2017,22000,150,0,0,4.9,103000,0,0,0,1,0,0
2017,29880,239,0,0,6.4,111400,0,0,0,1,0,0
2017,36990,290,0,1,7.7,35081,0,0,0,1,0,0
2017,21950,150,1,0,5.4,88000,0,0,0,1,0,0
2017,17500,179,0,1,7.2,126782,0,0,0,1,0,0
2017,21500,190,0,0,5.7,108500,0,0,0,1,0,0
2017,31900,220,0,1,7.8,55000,0,0,0,1,0,0
2017,29490,239,0,0,6.4,113000,0,0,0,1,0,0
2017,26950,179,1,1,7.1,39305,0,0,0,1,0,0
2017,22997,179,1,1,7.1,94435,0,0,0,1,0,0
2017,24980,179,0,1,8.5,47590,0,0,0,1,0,0
2017,23590,239,0,0,6.4,173850,0,0,0,1,0,0
2017,26990,150,0,0,4.9,68613,0,0,0,1,0,0
2017,20000,150,0,0,4.8,112880,0,0,0,1,0,0
2017,25800,150,0,1,7.1,19000,0,0,0,1,0,0
2017,29999,239,0,0,6.4,99985,0,0,0,1,0,0
2017,20900,150,0,1,7.1,124000,0,0,0,1,0,0
2017,22550,150,1,1,5.8,29300,0,0,0,1,0,0
2017,24400,150,1,0,5.6,55230,0,0,0,1,0,0
2017,19990,150,1,0,4.8,100146,0,0,0,1,0,0
2017,26850,179,0,1,7.3,26850,0,0,0,1,0,0
2017,24850,150,0,0,5.7,100000,0,0,0,1,0,0
2017,26800,150,0,0,5.7,110000,0,0,0,1,0,0
2017,27990,190,0,0,5.7,89200,0,0,0,1,0,0
2017,21950,150,0,0,5.7,145000,0,0,0,1,0,0
2017,38990,239,0,0,6.4,57600,0,0,0,1,0,0
2017,24999,179,0,1,7.4,62000,0,0,0,1,0,0
2017,27900,239,0,0,6.4,88000,0,0,0,1,0,0
2017,23900,239,0,0,6.4,179590,0,0,0,1,0,0
2017,30940,216,0,1,7.3,60000,0,0,0,1,0,0
2017,31980,239,0,0,6.4,89000,0,0,0,1,0,0
2017,34500,150,0,0,5.3,54000,0,0,0,1,0,0
2017,21990,150,1,1,5.8,73200,0,0,0,1,0,0
2017,27990,179,0,1,7.4,50000,0,0,0,1,0,0
2017,22500,150,1,1,5.8,42900,0,0,0,1,0,0
2017,21980,150,0,0,4.8,143850,0,0,0,1,0,0
2017,26259,150,1,1,6.9,14995,0,0,0,1,0,0
2017,26799,190,0,0,5.7,105500,0,0,0,1,0,0
2017,27795,239,0,0,6.4,118500,0,0,0,1,0,0
2017,22980,150,0,1,6.1,33809,0,0,0,1,0,0
2017,24390,150,0,1,6.1,55216,0,0,0,1,0,0
2017,16550,116,1,0,4.7,249000,0,0,0,0,1,0
2017,25900,179,0,1,7.4,35757,0,0,0,0,1,0
2017,22950,150,0,0,4.9,71680,0,0,0,0,1,0
2017,42980,239,0,0,6.4,89124,0,0,0,0,1,0
2017,16990,150,1,0,5,57000,0,0,0,0,1,0
2017,17290,125,1,1,6.1,93000,0,0,0,0,1,0
2017,21869,179,0,1,7.2,107657,0,0,0,0,1,0
2017,19950,116,1,0,4.7,100000,0,0,0,0,1,0
2017,29980,179,0,1,7.3,43375,0,0,0,0,1,0
2017,24990,150,0,0,4.8,110500,0,0,0,0,1,0
2017,27490,179,0,1,7.4,57476,0,0,0,0,1,0
2017,27940,220,0,1,7.8,58800,0,0,0,0,1,0
2017,22200,150,1,0,4.7,48421,0,0,0,0,1,0
2017,21690,150,0,0,4.8,95000,0,0,0,0,1,0
2017,26990,190,0,0,5.7,71506,0,0,0,0,1,0
2017,26000,179,0,1,7.3,98500,0,0,0,0,1,0
2017,19540,150,1,1,5.8,91609,0,0,0,0,1,0
2017,17600,125,1,1,6.1,54000,0,0,0,0,1,0
2017,24999,179,0,1,7.4,109000,0,0,0,0,1,0
2017,32990,220,0,1,7.8,37963,0,0,0,0,1,0
2017,30290,239,0,0,6.4,55826,0,0,0,0,1,0
2017,21500,190,0,0,5.7,155000,0,0,0,0,1,0
2017,25990,220,0,1,7.8,91836,0,0,0,0,1,0
2017,22450,150,0,0,4.9,95000,0,0,0,0,1,0
2017,22999,150,0,0,5.7,105000,0,0,0,0,1,0
2017,20500,150,1,0,4.8,98000,0,0,0,0,1,0
2017,19990,150,1,0,4.8,96688,0,0,0,0,1,0
2017,31940,239,0,0,6.4,99650,0,0,0,0,1,0
2017,27500,190,0,0,5.7,66000,0,0,0,0,1,0
2017,19355,150,0,0,5.7,143083,0,0,0,0,1,0
2017,25800,150,1,0,4.8,102000,0,0,0,0,1,0
2017,31990,220,0,1,7.8,45401,0,0,0,0,1,0
2017,21900,150,0,1,6.1,71200,0,0,0,0,1,0
2017,24340,179,0,1,7.4,58171,0,0,0,0,1,0
2017,22800,150,0,0,5.3,127000,0,0,0,0,1,0
2017,20990,150,1,1,5.8,93360,0,0,0,0,1,0
2017,20000,150,1,0,4.7,80000,0,0,0,0,1,0
2017,29880,239,0,0,6.4,98500,0,0,0,0,1,0
2017,22499,179,0,1,7.3,75300,0,0,0,0,1,0
2017,24000,179,0,1,7.2,91000,0,0,0,0,1,0
2017,28990,190,0,0,5.7,114311,0,0,0,0,1,0
2017,26633,190,0,0,5.7,71740,0,0,0,0,1,0
2017,21750,150,1,0,5.4,150000,0,0,0,0,1,0
2017,29990,220,0,1,7.8,25950,0,1,0,0,0,0
2017,28490,150,1,0,4.8,29624,0,1,0,0,0,0
2017,23990,179,0,1,7.1,29970,0,1,0,0,0,0
2017,17930,150,0,1,6.1,83000,0,1,0,0,0,0
2017,13790,125,1,1,6.1,59206,0,1,0,0,0,0
2017,24980,150,0,1,6.1,69000,0,1,0,0,0,0
2017,17950,190,0,0,5.7,63704,0,1,0,0,0,0
2017,17190,150,0,1,7.1,34644,0,1,0,0,0,0
2017,21900,150,0,0,5.7,187400,0,1,0,0,0,0
2017,27900,239,0,0,6.4,92100,0,1,0,0,0,0
2017,16790,150,0,0,5.7,191700,0,1,0,0,0,0
2017,24488,179,0,1,7.4,77027,0,1,0,0,0,0
2017,14990,190,0,0,5.7,208290,0,1,0,0,0,0
2017,23790,150,1,1,5.8,42300,0,1,0,0,0,0
2017,21500,190,0,0,5.7,139600,0,1,0,0,0,0
2017,27490,220,0,1,7.8,56500,0,1,0,0,0,0
2017,26900,190,0,0,5.7,112900,0,1,0,0,0,0
2017,21590,150,1,1,5.8,85760,0,1,0,0,0,0
2017,21980,150,0,0,4.8,198000,0,1,0,0,0,0
2017,19799,150,0,0,5.7,173000,0,1,0,0,0,0
2017,21450,150,1,1,5.8,23300,0,1,0,0,0,0
2017,22990,150,0,1,6.1,59012,0,1,0,0,0,0
2017,26777,190,0,0,5.7,123051,0,1,0,0,0,0
2017,27875,179,0,1,7.4,63400,0,1,0,0,0,0
2017,22850,150,1,0,4.8,78000,0,1,0,0,0,0
2017,23500,150,0,1,6.1,65000,0,1,0,0,0,0
2017,28980,179,0,1,7.3,27423,0,1,0,0,0,0
2017,24999,179,0,1,7.4,94470,0,1,0,0,0,0
2017,22950,150,0,0,4.8,73800,0,1,0,0,0,0
2017,21828,116,1,0,4.7,43466,0,1,0,0,0,0
2017,31900,179,0,1,7.3,42000,0,1,0,0,0,0
2017,22600,150,1,1,5.8,40503,0,1,0,0,0,0
2017,19800,150,0,0,5.6,141524,0,1,0,0,0,0
2017,24400,190,0,0,5.7,158000,0,0,0,0,0,1
2017,22989,239,0,0,6.4,149750,0,0,0,0,0,1
2017,23450,190,0,0,5.7,103900,0,0,0,0,0,1
2017,22990,150,1,0,5.6,127685,0,0,0,0,0,1
2017,21490,190,0,0,5.7,188000,0,0,0,0,0,1
2017,22000,150,1,0,4.7,103700,0,0,0,0,0,1
2017,20900,150,1,1,5.8,55300,0,0,0,0,0,1
2017,30999,239,0,0,6.4,97000,0,0,0,0,0,1
2017,25140,179,0,1,7.4,83890,0,0,0,0,0,1
2017,21990,150,0,0,5.7,118800,0,0,0,0,0,1
2017,25590,179,0,1,7.4,76500,0,0,0,0,0,1
2017,23990,150,1,0,4.7,79000,0,0,0,0,0,1
2017,20990,150,1,0,5.6,113581,0,0,0,0,0,1
2017,24900,150,0,0,5.9,29000,0,0,0,0,0,1
2017,32990,239,0,0,6.4,74394,0,0,0,0,0,1
2017,24950,150,1,0,5.6,55600,0,0,0,0,0,1
2017,25300,220,0,1,7.3,75600,0,0,0,0,0,1
2017,29950,239,0,0,6.4,97000,0,0,0,0,0,1
2017,27800,179,0,1,7.3,83000,0,0,0,0,0,1
2017,32990,239,0,0,6.4,89592,0,0,0,0,0,1
2017,21490,150,1,0,4.8,130000,0,0,0,0,0,1
2017,26200,190,0,0,5.7,112000,0,0,0,0,0,1
2017,21990,220,0,1,7.8,140000,0,0,0,0,0,1
2017,25400,190,0,0,5.7,115100,0,0,0,0,0,1
2017,24500,239,0,0,6.4,184600,0,0,0,0,0,1
2017,24950,220,0,1,7.7,92852,0,0,0,0,0,1
2018,26300,220,0,1,7.7,129500,1,0,0,0,0,0
2018,23500,150,0,0,4.7,127600,1,0,0,0,0,0
2018,26500,150,0,0,6.1,90000,1,0,0,0,0,0
2018,26499,150,0,0,4.9,75840,1,0,0,0,0,0
2018,22950,150,1,1,5.8,43253,1,0,0,0,0,0
2018,33000,190,0,0,5.9,93000,1,0,0,0,0,0
2018,33990,239,0,0,6.5,67000,1,0,0,0,0,0
2018,29980,179,0,1,7.2,28523,1,0,0,0,0,0
2018,23995,239,0,0,6.5,192000,1,0,0,0,0,0
2018,24990,150,0,0,5,65000,1,0,0,0,0,0
2018,26800,150,0,0,4.9,69244,1,0,0,0,0,0
2018,18750,179,0,1,7.2,34631,1,0,0,0,0,0
2018,23900,150,1,0,4.8,80000,1,0,0,0,0,0
2018,35930,220,0,1,7.7,37000,1,0,0,0,0,0
2018,26800,239,0,0,6.5,153080,1,0,0,0,0,0
2018,27000,150,1,0,4.7,67000,1,0,0,0,0,0
2018,19999,150,0,1,6.1,100000,1,0,0,0,0,0
2018,37990,239,0,0,6.4,42410,1,0,0,0,0,0
2018,21990,150,1,0,4.8,99990,1,0,0,0,0,0
2018,24750,150,0,0,4.8,178000,1,0,0,0,0,0
2018,20950,150,1,1,6.3,80000,0,0,0,1,0,0
2018,20490,125,1,1,6.1,59990,0,0,0,1,0,0
2018,32689,179,0,1,7.2,118856,0,0,0,1,0,0
2018,23980,150,0,1,6.1,57300,0,0,0,1,0,0
2018,21999,125,1,1,6.1,40350,0,0,0,1,0,0
2018,23899,150,1,1,5.8,39568,0,0,0,1,0,0
2018,20498,125,1,1,6.1,54831,0,0,0,1,0,0
2018,21990,150,1,1,5.8,65300,0,0,0,1,0,0
2018,22980,125,1,1,6.1,24900,0,0,0,1,0,0
2018,21500,150,1,1,6.5,70700,0,0,0,1,0,0
2018,19780,150,0,0,4.8,174232,0,0,0,1,0,0
2018,30950,190,0,0,5.7,74798,0,0,0,1,0,0
2018,28990,150,0,0,5.1,120000,0,0,0,1,0,0
2018,28800,190,0,0,7.2,88800,0,0,0,1,0,0
2018,26440,150,0,0,6.7,61500,0,0,0,1,0,0
2018,24445,150,1,1,6.5,77812,0,0,0,1,0,0
2018,22900,125,1,1,6.1,57065,0,0,0,1,0,0
2018,24900,150,1,1,6.5,38010,0,0,0,1,0,0
2018,17750,125,1,1,6.1,69400,0,0,0,1,0,0
2018,18450,150,1,1,5.8,105154,0,0,0,1,0,0
2018,29999,150,1,1,5.8,23814,0,0,0,1,0,0
2018,26800,179,0,1,7.2,35950,0,0,0,1,0,0
2018,31399,220,0,1,7.7,69000,0,0,0,1,0,0
2018,22880,150,1,0,4.8,43500,0,0,0,1,0,0
2018,18991,125,1,1,6.1,59800,0,0,0,1,0,0
2018,24990,150,0,1,6.1,17290,0,0,0,1,0,0
2018,32470,220,0,1,7.7,40000,0,0,0,1,0,0
2018,29890,150,0,1,6.1,6650,0,0,0,1,0,0
2018,21790,150,1,0,4.8,129791,0,0,0,1,0,0
2018,21380,125,1,1,6.1,22300,0,0,0,1,0,0
2018,21999,150,0,0,4.8,142654,0,0,0,1,0,0
2018,23970,150,1,0,5.8,72949,0,0,0,1,0,0
2018,25300,150,0,1,6.9,43500,0,0,0,1,0,0
2018,29900,190,0,0,5.9,54000,0,0,0,1,0,0
2018,28900,150,0,0,4.9,75000,0,0,0,1,0,0
2018,24900,190,0,0,5.6,97500,0,0,0,1,0,0
2018,22950,150,0,1,6.9,99000,0,0,0,1,0,0
2018,18598,150,1,0,4.8,161500,0,0,0,1,0,0
2018,29989,239,0,0,6.5,114750,0,0,0,1,0,0
2018,24990,179,0,1,7.2,67200,0,0,0,1,0,0
2018,30990,239,0,0,6.4,36000,0,0,0,1,0,0
2018,24890,179,0,1,7.2,67198,0,0,0,1,0,0
2018,24999,150,0,0,4.8,104005,0,0,0,1,0,0
2018,15440,150,0,0,5.9,57760,0,0,0,1,0,0
2018,19990,150,1,0,4.8,109603,0,0,0,1,0,0
2018,23400,150,0,0,4.9,114000,0,0,0,1,0,0
2018,24489,239,0,0,6.5,82300,0,0,0,0,1,0
2018,25290,150,1,0,5.4,104250,0,0,0,0,1,0
2018,31990,150,1,0,4.8,20000,0,0,0,0,1,0
2018,26990,179,0,1,7.2,80000,0,0,0,0,1,0
2018,31390,313,0,1,7.7,72000,0,0,0,0,1,0
2018,29790,150,0,0,5.7,72500,0,0,0,0,1,0
2018,24400,150,0,1,6.1,59995,0,0,0,0,1,0
2018,32990,239,0,0,6.5,86308,0,0,0,0,1,0
2018,28990,150,0,0,4.8,63419,0,0,0,0,1,0
2018,30930,150,0,1,6.1,65593,0,0,0,0,1,0
2018,33750,220,0,1,7.7,30968,0,0,0,0,1,0
2018,28950,179,0,1,7.3,77353,0,0,0,0,1,0
2018,20930,116,1,0,4.7,107289,0,0,0,0,1,0
2018,35590,239,0,0,6.4,49000,0,0,0,0,1,0
2018,22990,150,0,1,6,97000,0,0,0,0,1,0
2018,24679,150,1,0,5.4,104250,0,0,0,0,1,0
2018,56900,150,0,0,4.8,78822,0,0,0,0,1,0
2018,29490,190,0,0,5.7,103972,0,0,0,0,1,0
2018,27888,239,0,0,6.4,114500,0,0,0,0,1,0
2018,25880,179,0,1,7.3,98715,0,0,0,0,1,0
2018,33900,222,0,1,7.7,141889,0,0,0,0,1,0
2018,26580,179,0,1,7.2,58660,0,0,0,0,1,0
2018,22400,125,1,1,6.1,24000,0,0,0,0,1,0
2018,28990,220,0,1,7.7,45000,0,0,0,0,1,0
2018,27800,179,0,1,7.6,78000,0,0,0,0,1,0
2018,24900,179,0,1,7.2,89900,0,0,0,0,1,0
2018,26900,150,0,1,6.9,26916,0,0,0,0,1,0
2018,26900,150,0,0,4.9,56800,0,0,0,0,1,0
2018,27500,150,0,1,6.9,27576,0,0,0,0,1,0
2018,20800,150,1,0,4.7,92000,0,0,0,0,1,0
2018,30999,179,0,1,7.3,44377,0,0,0,0,1,0
2018,26399,179,0,1,7.6,146600,0,0,0,0,1,0
2018,27800,179,0,1,7.2,32000,0,0,0,0,1,0
2018,29900,179,0,1,7.3,54500,0,0,0,0,1,0
2018,19900,150,1,0,4.8,95251,0,0,0,0,1,0
2018,24450,179,0,1,7.3,82167,0,0,0,0,1,0
2018,30990,220,0,1,7.7,75910,0,0,0,0,1,0
2018,26500,150,0,0,4.9,65000,0,1,0,0,0,0
2018,24666,179,0,1,7.2,67900,0,1,0,0,0,0
2018,26999,190,0,0,5.7,97700,0,1,0,0,0,0
2018,27980,190,0,0,5.7,72700,0,1,0,0,0,0
2018,29990,190,0,0,5.9,62430,0,1,0,0,0,0
2018,24999,150,0,1,6.1,14143,0,1,0,0,0,0
2018,24666,179,0,1,7.2,67900,0,1,0,0,0,0
2018,20990,150,1,0,4.8,113000,0,1,0,0,0,0
2018,9990,150,0,0,4.9,105551,0,1,0,0,0,0
2018,23990,150,0,0,4.8,88000,0,1,0,0,0,0
2018,23290,150,0,1,6.1,51000,0,1,0,0,0,0
2018,25995,190,0,0,5.7,97000,0,1,0,0,0,0
2018,21500,150,1,1,5.8,46000,0,1,0,0,0,0
2018,30900,190,0,0,5.7,73000,0,1,0,0,0,0
2018,30490,179,0,1,7.6,105500,0,1,0,0,0,0
2018,19990,150,0,1,6,32396,0,1,0,0,0,0
2018,29990,190,0,0,5.9,62430,0,1,0,0,0,0
2018,21480,125,1,1,6.1,23134,0,1,0,0,0,0
2018,21394,125,1,1,6.1,41004,0,1,0,0,0,0
2018,23900,150,0,0,5.7,98603,0,1,0,0,0,0
2018,26910,150,0,1,6.1,71346,0,1,0,0,0,0
2018,23950,150,0,0,4.8,85000,0,1,0,0,0,0
2018,22998,150,0,0,6,88413,0,1,0,0,0,0
2018,22990,150,1,1,5.8,44000,0,1,0,0,0,0
2018,32480,220,0,1,7.7,46224,0,1,0,0,0,0
2018,25700,179,0,1,7.6,100000,0,1,0,0,0,0
2018,33991,179,0,1,7.2,61000,0,1,0,0,0,0
2018,25500,150,1,1,5.8,57380,0,0,0,0,0,1
2018,19900,116,1,0,4.7,123000,0,0,0,0,0,1
2018,18950,150,1,0,4.8,145900,0,0,0,0,0,1
2018,20290,125,1,1,6.1,54880,0,0,0,0,0,1
2018,21945,150,1,0,4.8,77304,0,0,0,0,0,1
2018,27690,150,0,0,4.9,41700,0,0,0,0,0,1
2018,32500,179,0,1,7.3,55000,0,0,0,0,0,1
2018,31900,220,0,1,8.1,42700,0,0,0,0,0,1
2018,21980,150,1,0,4.8,109386,0,0,0,0,0,1
2018,21480,150,1,0,4.8,99840,0,0,0,0,0,1
2018,23890,150,1,0,5.6,139900,0,0,0,0,0,1
2018,25490,150,0,1,6.9,93600,0,0,0,0,0,1
2018,22990,150,1,1,6.5,46000,0,0,0,0,0,1
2018,23500,150,1,0,4.8,86700,0,0,0,0,0,1
2019,26950,150,0,1,5.8,28500,1,0,0,0,0,0
2019,31890,230,0,1,7.7,66000,1,0,0,0,0,0
2019,24950,131,1,1,5.9,50000,1,0,0,0,0,0
2019,25950,150,0,1,5.8,72000,1,0,0,0,0,0
2019,24900,190,0,1,7.1,79899,1,0,0,0,0,0
2019,25595,150,1,1,5.7,23000,1,0,0,0,0,0
2019,33990,220,0,1,8.1,70250,1,0,0,0,0,0
2019,29940,190,0,1,7.1,66356,1,0,0,0,0,0
2019,14420,190,0,0,5.6,90904,1,0,0,0,0,0
2019,36499,190,0,0,5.8,37570,1,0,0,0,0,0
2019,24960,150,1,0,4.8,70093,1,0,0,0,0,0
2019,23930,131,1,1,6.8,21696,1,0,0,0,0,0
2019,31000,150,0,1,5.8,22339,1,0,0,0,0,0
2019,26490,190,0,0,5.6,75000,1,0,0,0,0,0
2019,25950,150,1,0,4.8,96667,1,0,0,0,0,0
2019,22990,150,1,0,4.8,63950,1,0,0,0,0,0
2019,29900,190,0,1,7.1,69218,1,0,0,0,0,0
2019,31880,239,0,0,5.8,53806,1,0,0,0,0,0
2019,27499,150,0,0,4.9,64403,1,0,0,0,0,0
2019,26850,190,0,0,5.6,104000,1,0,0,0,0,0
2019,29991,190,0,0,5.7,58597,1,0,0,0,0,0
2019,29590,190,0,1,7.1,49240,1,0,0,0,0,0
2019,29490,190,0,0,7.2,137603,1,0,0,0,0,0
2019,30990,150,1,0,4.8,141000,1,0,0,0,0,0
2019,22980,150,0,0,5.3,103600,1,0,0,0,0,0
2019,25395,150,1,1,5.7,23000,1,0,0,0,0,0
2019,24490,150,1,1,6.3,43391,0,0,0,1,0,0
2019,28191,190,0,1,7.1,53570,0,0,0,1,0,0
2019,24880,150,1,0,5.7,59342,0,0,0,1,0,0
2019,32990,190,0,1,7.3,45800,0,0,0,1,0,0
2019,28390,190,0,1,7.1,62000,0,0,0,1,0,0
2019,31480,190,0,0,7,52880,0,0,0,1,0,0
2019,26180,150,1,1,6.3,15346,0,0,0,1,0,0
2019,29191,190,0,1,7.1,23820,0,0,0,1,0,0
2019,28970,190,0,1,8.9,29989,0,0,0,1,0,0
2019,28430,150,0,1,5.8,37062,0,0,0,1,0,0
2019,26960,150,0,0,5.3,83278,0,0,0,1,0,0
2019,28990,190,0,1,6.9,16800,0,0,0,1,0,0
2019,20280,190,0,1,8.9,43000,0,0,0,1,0,0
2019,43990,150,0,0,4.9,54550,0,0,0,1,0,0
2019,27430,190,0,1,7.1,45502,0,0,0,1,0,0
2019,24430,150,1,1,6.3,45008,0,0,0,1,0,0
2019,26790,190,0,1,9,37400,0,0,0,1,0,0
2019,16430,150,0,0,5.3,72388,0,0,0,1,0,0
2019,19475,230,0,1,9.4,20000,0,0,0,1,0,0
2019,26075,150,1,1,6.2,42730,0,0,0,1,0,0
2019,33880,150,0,0,4.9,14024,0,0,0,1,0,0
2019,27988,150,0,0,6,73790,0,0,0,1,0,0
2019,25080,150,1,0,4.8,53850,0,0,0,1,0,0
2019,28140,190,0,1,5.9,43200,0,0,0,1,0,0
2019,33989,190,0,0,7.2,63735,0,0,0,1,0,0
2019,37550,230,0,1,9.3,38400,0,0,0,1,0,0
2019,30890,190,0,0,5.8,52894,0,0,0,1,0,0
2019,34990,150,0,1,5.8,26500,0,0,0,1,0,0
2019,27990,190,0,0,5.6,99990,0,0,0,1,0,0
2019,26890,190,0,1,7.1,36000,0,0,0,1,0,0
2019,26930,150,0,0,4.9,41666,0,0,0,1,0,0
2019,23490,150,1,0,4.8,56200,0,0,0,1,0,0
2019,39990,239,0,0,5.8,29200,0,0,0,1,0,0
2019,29500,190,0,1,7.1,15000,0,0,0,1,0,0
2019,24985,150,1,0,4.8,119459,0,0,0,1,0,0
2019,27499,150,0,0,5.3,82340,0,0,0,1,0,0
2019,29980,150,1,1,6.3,30200,0,0,0,1,0,0
2019,26450,150,0,0,4.9,110000,0,0,0,1,0,0
2019,24975,150,0,1,6,41848,0,0,0,1,0,0
2019,26290,190,0,1,7.1,41000,0,0,0,1,0,0
2019,18150,239,0,0,8,51087,0,0,0,0,1,0
2019,18230,150,1,0,4.8,68409,0,0,0,0,1,0
2019,16980,150,0,0,4.8,136409,0,0,0,0,1,0
2019,26390,190,0,1,6.9,57122,0,0,0,0,1,0
2019,23890,150,1,1,7.5,69500,0,0,0,0,1,0
2019,28790,150,0,0,5.3,100000,0,0,0,0,1,0
2019,33999,190,0,0,5.8,118397,0,0,0,0,1,0
2019,25200,150,1,0,4.8,60000,0,0,0,0,1,0
2019,27475,150,0,1,7.2,37704,0,0,0,0,1,0
2019,29990,239,0,0,6.4,129400,0,0,0,0,1,0
2019,35990,220,0,1,8.1,39850,0,0,0,0,1,0
2019,26290,190,0,1,7.1,41000,0,0,0,0,1,0
2019,30990,239,0,0,6.2,99989,0,0,0,0,1,0
2019,26950,150,1,1,5.8,27590,0,0,0,0,1,0
2019,25650,220,0,1,8.1,102450,0,0,0,0,1,0
2019,29180,150,0,1,5.9,15748,0,0,0,0,1,0
2019,25660,150,1,1,7.5,35172,0,0,0,0,1,0
2019,24995,150,1,1,7.1,45600,0,0,0,0,1,0
2019,32980,150,0,0,5.3,45461,0,0,0,0,1,0
2019,22995,150,1,1,6.3,95650,0,0,0,0,1,0
2019,33940,190,0,0,7.1,48990,0,0,0,0,1,0
2019,23990,150,0,0,4.9,125620,0,0,0,0,1,0
2019,22650,150,1,1,6.3,66136,0,0,0,0,1,0
2019,29930,150,0,1,6,48598,0,0,0,0,1,0
2019,24470,150,1,1,7.3,27337,0,0,0,0,1,0
2019,30980,190,0,0,5.6,78644,0,0,0,0,1,0
2019,29980,150,1,0,4.9,39000,0,0,0,0,1,0
2019,24990,150,1,1,6.3,27890,0,0,0,0,1,0
2019,33999,190,0,0,5.8,38500,0,0,0,0,1,0
2019,24990,150,1,1,5.7,80662,0,0,0,0,1,0
2019,31990,230,0,1,8.9,39000,0,0,0,0,1,0
2019,26490,150,0,0,4.9,66985,0,1,0,0,0,0
2019,27390,190,0,1,9,29300,0,1,0,0,0,0
2019,23077,150,1,0,4.8,69535,0,1,0,0,0,0
2019,30950,131,1,1,5.7,43261,0,1,0,0,0,0
2019,21960,150,0,0,4.9,135093,0,1,0,0,0,0
2019,20990,150,0,0,4.9,176000,0,1,0,0,0,0
2019,26290,190,0,1,7.1,45000,0,1,0,0,0,0
2019,23780,190,0,1,7.1,100000,0,1,0,0,0,0
2019,23650,190,0,0,5.8,143000,0,1,0,0,0,0
2019,24600,190,0,0,5.6,104600,0,1,0,0,0,0
2019,26700,150,1,1,6.3,7357,0,1,0,0,0,0
2019,35990,150,0,0,4.5,75000,0,1,0,0,0,0
2019,27900,150,0,0,4.7,37500,0,1,0,0,0,0
2019,28988,150,0,0,5,73546,0,1,0,0,0,0
2019,32760,230,0,1,9.4,28517,0,1,0,0,0,0
2019,33950,230,0,1,7.7,19172,0,1,0,0,0,0
2019,39000,239,0,0,6.2,50200,0,1,0,0,0,0
2019,29890,190,0,0,5.6,82000,0,1,0,0,0,0
2019,25980,150,0,0,4.8,73388,0,1,0,0,0,0
2019,26299,150,0,0,4.9,56944,0,1,0,0,0,0
2019,18900,150,1,0,4.8,161030,0,1,0,0,0,0
2019,30330,190,0,0,5.8,66660,0,1,0,0,0,0
2019,26890,190,0,1,9,57369,0,1,0,0,0,0
2019,27970,190,0,1,8.4,44500,0,1,0,0,0,0
2019,34970,239,0,0,6.2,41203,0,1,0,0,0,0
2019,29990,239,0,0,8.1,106467,0,1,0,0,0,0
2019,26490,190,0,1,7.1,126500,0,1,0,0,0,0
2019,23999,150,1,0,4.8,53855,0,1,0,0,0,0
2019,25980,190,0,0,7.1,83797,0,1,0,0,0,0
2019,28380,190,0,1,9,34443,0,1,0,0,0,0
2019,27769,190,0,1,7.1,90900,0,1,0,0,0,0
2019,25988,150,0,1,6,79939,0,1,0,0,0,0
2019,24988,150,0,1,6,79939,0,1,0,0,0,0
2019,30990,239,0,0,6.4,157890,0,1,0,0,0,0
2019,23999,150,0,0,5.3,169890,0,1,0,0,0,0
2019,22700,150,0,1,5.8,149369,0,1,0,0,0,0
2019,26940,190,0,1,5.9,56400,0,1,0,0,0,0
2019,27140,190,0,1,5.9,56400,0,1,0,0,0,0
2019,37500,190,0,0,5.8,30500,0,1,0,0,0,0
2019,28450,190,0,1,7.1,40500,0,1,0,0,0,0
2019,27440,150,1,0,4.8,23000,0,1,0,0,0,0
2019,27830,190,0,1,7.1,72561,0,0,0,0,0,1
2019,27400,190,0,1,7.1,48122,0,0,0,0,0,1
2019,27899,190,0,1,7.1,46400,0,0,0,0,0,1
2019,27990,190,0,1,7.1,44300,0,0,0,0,0,1
2019,28690,190,0,1,5.9,39300,0,0,0,0,0,1
2019,26191,190,0,1,7.1,51810,0,0,0,0,0,1
2019,26900,190,0,1,7.1,49223,0,0,0,0,0,1
2019,27900,190,0,1,7.1,23139,0,0,0,0,0,1
2019,25400,190,0,1,7.1,65690,0,0,0,0,0,1
2019,34900,190,0,0,5.5,20200,0,0,0,0,0,1
2019,24498,190,0,0,5.6,137041,0,0,0,0,0,1
2019,26790,190,0,1,9,46100,0,0,0,0,0,1
2019,32470,190,0,1,7.3,31500,0,0,0,0,0,1
2019,25870,190,0,1,7.1,66840,0,0,0,0,0,1
2019,27990,150,0,0,5.9,97171,0,0,0,0,0,1
2019,24900,150,0,0,5.7,82250,0,0,0,0,0,1
2019,39499,239,0,0,6.2,39534,0,0,0,0,0,1
2019,27850,150,0,0,6.1,46988,0,0,0,0,0,1
2019,27880,190,0,1,7.1,37250,0,0,0,0,0,1
2019,41950,190,0,1,7.1,38188,0,0,0,0,0,1
2019,26290,190,0,1,7.1,42000,0,0,0,0,0,1
2019,26290,190,0,1,7.1,66000,0,0,0,0,0,1
2019,28450,190,0,1,7.1,60826,0,0,0,0,0,1
2019,31000,190,0,0,5.8,60000,0,0,0,0,0,1
2019,26990,190,0,1,7.1,37000,0,0,0,0,0,1
2019,29210,190,0,1,7.1,42974,0,0,0,0,0,1
2019,26290,190,0,1,6.9,44000,0,0,0,0,0,1
2019,30900,190,0,0,5.6,68300,0,0,0,0,0,1
2019,26950,150,1,0,4.8,95245,0,0,0,0,0,1
2019,26390,190,0,1,7.1,47000,0,0,0,0,0,1
2019,35390,239,0,0,6.2,37302,0,0,0,0,0,1
2019,26290,190,0,1,7.1,45000,0,0,0,0,0,1
2019,29890,150,0,0,4.9,56000,0,0,0,0,0,1
2020,31950,150,0,1,6.8,25900,1,0,0,0,0,0
2020,34889,190,0,0,7.1,42500,1,0,0,0,0,0
2020,34880,190,0,0,7,54836,0,0,0,1,0,0
2020,28080,150,0,1,6.8,26900,0,0,0,1,0,0
2020,28730,150,0,0,4.9,50174,0,0,0,1,0,0
2020,27370,150,1,1,5.7,62644,0,0,0,1,0,0
2020,26950,190,0,1,8.5,30393,0,0,0,1,0,0
2020,31850,200,0,0,6.5,73221,0,0,0,1,0,0
2020,31750,190,0,1,6.9,29370,0,0,0,1,0,0
2020,35990,150,0,0,4.9,32952,0,0,0,1,0,0
2020,25800,150,1,0,4.5,73600,0,0,0,1,0,0
2020,40990,239,0,0,7.9,20396,0,0,0,1,0,0
2020,33990,190,0,1,8.5,19203,0,0,0,1,0,0
2020,40990,190,0,0,5.5,23021,0,0,0,1,0,0
2020,24989,150,1,1,6.8,18880,0,0,0,0,1,0
2020,30479,150,0,1,7,27227,0,0,0,0,1,0
2020,24000,131,1,1,5.7,18300,0,0,0,0,1,0
2020,32520,230,0,1,7.4,27106,0,0,0,0,1,0
2020,33990,150,0,1,5.6,31658,0,0,0,0,1,0
2020,34740,190,0,0,7,57010,0,0,0,0,1,0
2020,32950,190,0,0,5.5,68800,0,0,0,0,1,0
2020,36825,190,0,1,6.9,25537,0,0,0,0,1,0
2020,30740,150,0,1,7.2,38200,0,0,0,0,1,0
2020,34590,190,0,1,6.8,22000,0,0,0,0,1,0
2020,29940,150,0,0,4.7,53927,0,0,0,0,1,0
2020,24830,150,0,0,4.8,129678,0,0,0,0,1,0
2020,32700,190,0,1,8.4,72859,0,0,0,0,1,0
2020,39989,150,1,1,6.8,18880,0,0,0,0,1,0
2020,28790,190,0,0,7.2,22578,0,0,0,0,1,0
2020,28750,150,0,0,5.7,64231,0,0,0,0,1,0
2020,22960,131,1,1,5.7,14800,0,0,0,0,1,0
2020,26740,150,1,0,5.7,49600,0,0,0,0,1,0
2020,41930,239,0,0,5.8,60416,0,0,0,0,1,0
2020,34880,190,0,1,7.1,25285,0,0,0,0,1,0
2020,31990,190,0,1,6.9,36408,0,0,0,0,1,0
2020,29750,150,0,0,4.9,118000,0,0,0,0,1,0
2020,29750,150,0,0,4.9,119000,0,0,0,0,1,0
2020,48950,200,0,0,5.3,23783,0,0,0,0,1,0
2020,27640,150,0,1,6.9,32980,0,0,0,0,1,0
2020,19850,190,0,1,8.4,72859,0,0,0,0,1,0
2020,36870,190,0,0,5.4,25920,0,0,0,0,1,0
2020,27500,150,1,0,4.9,32000,0,0,0,0,1,0
2020,34500,190,0,0,5.6,38614,0,0,0,0,1,0
2020,33900,239,0,0,5.8,42500,0,0,0,0,1,0
2020,36950,239,0,0,8,36860,0,0,0,0,1,0
2020,27500,150,0,0,4.9,54600,0,0,0,0,1,0
2020,23800,131,1,1,5.7,18300,0,0,0,0,1,0
2020,27888,190,0,0,5.4,90257,0,0,0,0,1,0
2020,30990,190,0,1,6.9,33398,0,0,0,0,1,0
2020,31280,190,0,1,6.8,45415,0,0,0,0,1,0
2020,32490,150,0,1,5.7,26790,0,1,0,0,0,0
2020,30990,190,0,0,5.5,115000,0,1,0,0,0,0
2020,34800,239,0,0,5.8,51700,0,1,0,0,0,0
2020,30950,150,0,0,4.9,84800,0,1,0,0,0,0
2020,33991,190,0,0,5.5,54129,0,1,0,0,0,0
2020,34600,239,0,0,6.4,71000,0,1,0,0,0,0
2020,29960,239,0,0,8,96844,0,1,0,0,0,0
2020,27000,190,0,1,7.3,37000,0,1,0,0,0,0
2020,27880,150,0,1,6,33447,0,1,0,0,0,0
2020,32930,190,0,0,5.8,38632,0,1,0,0,0,0
2020,27790,150,0,1,5.8,41900,0,1,0,0,0,0
2020,33450,239,0,0,6.4,144250,0,1,0,0,0,0
2020,29995,150,0,1,5.7,38000,0,1,0,0,0,0
2020,31900,190,0,0,5.4,54121,0,1,0,0,0,0
2020,36595,190,0,0,5.4,25074,0,1,0,0,0,0
2020,34789,190,0,0,7.1,47188,0,1,0,0,0,0
2020,35900,190,0,1,7,46600,0,1,0,0,0,0
2020,28420,190,0,0,5.8,133100,0,1,0,0,0,0
2020,37990,200,0,0,5.4,38990,0,1,0,0,0,0
2020,35330,190,0,0,5.6,33700,0,1,0,0,0,0
2020,30990,150,1,0,5.7,23613,0,1,0,0,0,0
2020,23990,131,1,1,5.7,26336,0,1,0,0,0,0
2020,24990,131,1,1,5.7,19510,0,1,0,0,0,0
2020,34191,239,0,0,5.8,38000,0,1,0,0,0,0
2020,22980,190,0,0,5.5,54129,0,1,0,0,0,0
2020,27450,150,0,1,7.1,50788,0,1,0,0,0,0
2020,30888,190,0,1,6.8,9300,0,1,0,0,0,0
2020,38990,190,0,0,7.3,54957,0,1,0,0,0,0
2020,25840,190,0,1,8.5,94856,0,0,0,0,0,1
2020,27900,190,0,1,6.8,39989,0,0,0,0,0,1
2020,32970,190,0,0,7.1,83000,0,0,0,0,0,1
2020,28790,131,1,1,5.7,28885,0,0,0,0,0,1
2020,26879,122,1,0,5.2,91517,0,0,0,0,0,1
2020,36999,190,0,1,6.8,31983,0,0,0,0,0,1
2020,32990,150,0,1,5.8,26900,0,0,0,0,0,1
2021,38990,150,0,0,4.7,34880,1,0,0,0,0,0
2021,55900,320,0,1,8.1,19000,1,0,0,0,0,0
2021,47700,320,0,1,8.1,29600,1,0,0,0,0,0
2021,28280,150,1,1,6.5,8874,1,0,0,0,0,0
2021,38700,200,0,0,5.3,37000,1,0,0,0,0,0
2021,51888,320,0,1,8.1,9811,1,0,0,0,0,0
2021,48500,320,0,1,8.1,31019,1,0,0,0,0,0
2021,39311,190,0,1,6.8,18378,1,0,0,0,0,0
2021,23900,150,0,1,5.7,7500,0,0,0,1,0,0
2021,55680,150,0,1,6.5,33480,0,0,0,1,0,0
2021,38690,150,0,1,5.8,46900,0,0,0,1,0,0
2021,39279,150,0,0,4.5,12200,0,0,0,1,0,0
2021,36979,150,0,1,7.4,40810,0,0,0,1,0,0
2021,29755,150,0,1,6.9,52100,0,0,0,1,0,0
2021,34350,150,0,1,6.9,5571,0,0,0,1,0,0
2021,31900,150,0,1,5.7,10185,0,0,0,1,0,0
2021,36690,150,0,1,5.9,19000,0,0,0,1,0,0
2021,28810,150,0,1,5.7,58800,0,0,0,1,0,0
2021,43960,150,0,0,5.1,27172,0,0,0,1,0,0
2021,48380,320,0,1,9.8,38810,0,0,0,0,1,0
2021,51470,320,0,1,8.1,11000,0,0,0,0,1,0
2021,23980,150,1,0,4.6,153607,0,0,0,0,1,0
2021,38900,200,0,0,5.3,23000,0,0,0,0,1,0
2021,31500,200,0,0,5.3,24846,0,0,0,0,1,0
2021,27950,320,0,1,9.8,7464,0,0,0,0,1,0
2021,38690,150,0,0,5,23659,0,0,0,0,1,0
2021,36288,150,0,0,5.5,15621,0,0,0,0,1,0
2021,51950,320,0,1,8.1,16700,0,0,0,0,1,0
2021,36440,150,0,0,6.5,43650,0,0,0,0,1,0
2021,51950,200,0,0,5.3,17129,0,0,0,0,1,0
2021,31900,150,0,1,5.7,10024,0,0,0,0,1,0
2021,35940,150,0,0,4.5,38252,0,0,0,0,1,0
2021,49950,200,0,0,5.3,17045,0,0,0,0,1,0
2021,32770,150,0,1,5.7,32450,0,0,0,0,1,0
2021,50980,150,0,0,6.2,82926,0,0,0,0,1,0
2021,36974,200,0,0,6.5,34000,0,0,0,0,1,0
2021,32950,150,0,1,5.7,34248,0,0,0,0,1,0
2021,49990,320,0,1,8.1,25660,0,0,0,0,1,0
2021,38990,200,0,0,6.4,43750,0,0,0,0,1,0
2021,46000,200,0,0,5.4,42000,0,0,0,0,1,0
2021,40930,190,0,1,8.4,13540,0,0,0,0,1,0
2021,46488,320,0,1,10,42835,0,0,0,0,1,0
2021,40620,200,0,0,6.7,27939,0,1,0,0,0,0
2021,18440,245,0,1,8.5,19900,0,1,0,0,0,0
2021,29290,150,1,1,6,22500,0,1,0,0,0,0
2021,28990,150,0,1,5.7,41860,0,1,0,0,0,0
2021,30770,150,0,0,4.5,38200,0,1,0,0,0,0
2021,31930,150,0,1,7,51538,0,1,0,0,0,0
2021,33499,150,0,1,5.9,17191,0,1,0,0,0,0
2021,28888,131,1,1,5.7,10231,0,1,0,0,0,0
2021,29777,150,1,1,5.7,10111,0,1,0,0,0,0
2021,34920,150,0,0,5.5,10093,0,1,0,0,0,0
2021,29589,150,0,1,6.9,33251,0,1,0,0,0,0
2021,33430,150,0,1,6.8,14904,0,1,0,0,0,0
2021,29120,150,0,0,5.1,8792,0,1,0,0,0,0
2021,45320,320,0,1,9.8,21217,0,0,0,0,0,1
2021,35350,150,0,0,5.5,52300,0,0,0,0,0,1
2021,32985,150,0,1,5.7,23700,0,0,0,0,0,1
2021,37900,190,0,0,5.4,45000,0,0,0,0,0,1
2021,36790,150,0,1,5.7,19700,0,0,0,0,0,1
2021,38985,190,0,1,8,24840,0,0,0,0,0,1
2022,54771,245,0,1,7.3,13619,1,0,0,0,0,0
2022,34770,150,0,1,5.7,13400,1,0,0,0,0,0
2022,58990,320,0,1,8.1,14000,1,0,0,0,0,0
2022,25990,150,0,0,4.7,25000,1,0,0,0,0,0
2022,47710,245,0,1,7.3,38700,1,0,0,0,0,0
2022,50880,245,0,1,7.3,4590,1,0,0,0,0,0
2022,33490,150,0,1,5.9,1000,1,0,0,0,0,0
2022,33490,150,0,1,5.7,1000,1,0,0,0,0,0
2022,49990,245,0,1,7.3,9700,1,0,0,0,0,0
2022,32480,150,1,1,6.4,1900,0,0,0,1,0,0
2022,36930,150,0,1,5.7,13999,0,0,0,1,0,0
2022,35545,150,0,0,5.7,12309,0,0,0,1,0,0
2022,36797,150,0,1,6.6,16000,0,0,0,1,0,0
2022,26590,150,0,0,5.4,8500,0,0,0,1,0,0
2022,25790,150,0,1,5.7,13783,0,0,0,1,0,0
2022,32790,150,0,1,5.7,10800,0,0,0,1,0,0
2022,51888,320,0,1,8.1,6300,0,0,0,0,1,0
2022,45424,190,0,1,6.8,3605,0,0,0,0,1,0
2022,30445,150,1,1,5.7,23270,0,0,0,0,1,0
2022,31790,150,0,1,5.7,13654,0,0,0,0,1,0
2022,69970,320,0,1,9.9,2509,0,0,0,0,1,0
2022,33780,150,0,1,5.8,10260,0,0,0,0,1,0
2022,31443,131,1,1,5.5,11049,0,0,0,0,1,0
2022,36780,150,0,1,6.9,100,0,0,0,0,1,0
2022,39490,150,0,0,4.7,7590,0,0,0,0,1,0
2022,36875,131,1,1,6.6,5332,0,0,0,0,1,0
2022,39740,150,0,0,5.7,9693,0,0,0,0,1,0
2022,35650,150,0,1,5.6,5684,0,0,0,0,1,0
2022,36585,150,0,1,6.8,13765,0,0,0,0,1,0
2022,37875,150,0,1,7.4,9821,0,0,0,0,1,0
2022,28440,131,1,1,6.2,5000,0,1,0,0,0,0
2022,33450,150,1,1,6.4,1000,0,1,0,0,0,0
2022,46900,200,0,0,5.4,20000,0,1,0,0,0,0
2022,48300,200,0,0,6,12476,0,1,0,0,0,0
2022,33850,150,1,1,5.5,9400,0,0,0,0,0,1
2022,52740,320,0,1,8.1,8000,0,0,0,0,0,1
2022,52751,245,0,1,7.3,24852,0,0,0,0,0,1
2022,49497,200,0,0,5.2,11375,0,0,0,0,0,1
2022,28710,150,1,1,5.5,21700,0,0,0,0,0,1
2022,33430,150,0,0,5.4,19075,0,0,0,0,0,1
2022,50950,200,0,0,5.3,10370,0,0,0,0,0,1
2022,41640,150,0,1,7.2,10,0,0,0,0,0,1
2022,38250,150,0,0,5.6,9830,0,0,0,0,0,1
2023,58990,200,0,0,6.6,9990,1,0,0,0,0,0
2023,62440,320,0,1,8.1,8,1,0,0,0,0,0
2023,74998,320,0,1,9.6,60,1,0,0,0,0,0
2023,69970,320,0,1,6.9,9999,1,0,0,0,0,0
2023,68080,320,0,1,10,10000,1,0,0,0,0,0
2023,52990,245,0,1,8.8,20,1,0,0,0,0,0
2023,42389,150,0,1,6.6,50,1,0,0,0,0,0
2023,41889,150,0,1,6.6,900,1,0,0,0,0,0
2023,69950,320,0,1,8.1,450,1,0,0,0,0,0
2023,47990,190,0,1,8.2,1500,1,0,0,0,0,0
2023,70120,320,0,1,9.9,4900,1,0,0,0,0,0
2023,67399,320,0,1,10,10,1,0,0,0,0,0
2023,52950,245,0,1,8.9,4900,1,0,0,0,0,0
2023,73500,320,0,1,9.6,1200,1,0,0,0,0,0
2023,66150,320,0,1,9.8,1200,1,0,0,0,0,0
2023,69150,320,0,1,10,5000,1,0,0,0,0,0
2023,40750,150,0,1,6.9,10000,1,0,0,0,0,0
2023,45990,150,0,0,5.7,9200,1,0,0,0,0,0
2023,55650,320,0,1,9.8,2500,1,0,0,0,0,0
2023,34960,150,0,1,5.6,9345,1,0,0,0,0,0
2023,47880,150,0,0,5.7,3000,1,0,0,0,0,0
2023,39969,150,0,1,6.7,10,1,0,0,0,0,0
2023,71988,320,0,1,10,1500,1,0,0,0,0,0
2023,48974,150,0,1,7,5000,1,0,0,0,0,0
2023,49850,150,0,1,7,4000,1,0,0,0,0,0
2023,43490,150,0,1,6.9,6588,1,0,0,0,0,0
2023,43047,150,0,1,7,10,1,0,0,0,0,0
2023,44880,150,0,1,7.1,4999,1,0,0,0,0,0
2023,66429,320,0,1,10,10,0,0,0,1,0,0
2023,66880,320,0,1,10,10000,0,0,0,1,0,0
2023,49975,150,0,1,7,5000,0,0,0,1,0,0
2023,43990,150,0,1,6.9,10,0,0,0,1,0,0
2023,38800,150,1,1,5.6,100,0,0,0,1,0,0
2023,63980,320,0,1,9.8,500,0,0,0,1,0,0
2023,71980,320,0,1,9.5,6000,0,0,0,0,1,0
2023,70880,320,0,1,10,9900,0,0,0,0,1,0
2023,70960,200,0,1,6.6,2500,0,0,0,0,1,0
2023,65980,200,0,0,6.6,2985,0,0,0,0,1,0
2023,65980,200,0,0,6.6,2985,0,0,0,0,1,0
2023,49780,190,0,1,8.2,100,0,0,0,0,1,0
2023,57840,320,0,1,8.1,4500,0,0,0,0,1,0
2023,81960,320,0,1,10,1500,0,0,0,0,1,0
2023,47840,190,0,1,6.8,900,0,0,0,0,1,0
2023,65375,245,0,1,7.3,5990,0,0,0,0,1,0
2023,61880,320,0,1,9.8,3500,0,0,0,0,1,0
2023,58689,245,0,1,8.8,1655,0,0,0,0,1,0
2023,59980,245,0,1,8.6,3000,0,1,0,0,0,0
2023,39790,150,0,0,5.6,3700,0,1,0,0,0,0
2023,38790,150,0,1,7.2,55,0,1,0,0,0,0
2023,59950,200,0,0,6.6,150,0,1,0,0,0,0
2023,53980,245,0,1,8.7,4961,0,1,0,0,0,0
2023,35850,150,0,1,5.6,1850,0,1,0,0,0,0
2023,38970,150,0,0,5.5,5000,0,1,0,0,0,0
2023,45980,150,0,1,7.1,4980,0,1,0,0,0,0
2023,63555,200,0,0,6.6,2500,0,1,0,0,0,0
2023,34999,150,1,1,5.6,10000,0,1,0,0,0,0
2023,53888,200,0,0,5.4,7800,0,1,0,0,0,0
2023,56600,190,0,1,8.4,5500,0,0,0,0,0,1
2023,54850,245,0,1,7.4,97,0,0,0,0,0,1
2023,45950,150,0,1,7,100,0,0,0,0,0,1
2023,39990,150,0,1,5.8,1100,0,0,0,0,0,1
2023,63980,320,0,1,9.6,1500,0,0,0,0,0,1
2023,51950,190,0,1,8.3,100,0,0,0,0,0,1
2023,64780,245,0,1,8.8,100,0,0,0,0,0,1
2023,52990,245,0,1,8.8,20,0,0,0,0,0,1
2023,41490,150,0,1,7,20,0,0,0,0,0,1
2023,66950,320,0,1,9.3,1200,0,0,0,0,0,1
2023,48666,190,0,1,6.9,3000,0,0,0,0,0,1
