"행정동_ID","행정동_명칭","자치구_명칭","시도_명칭"
"3138041","개군면","양평군","경기도"
"3138040","용문면","양평군","경기도"
"3138039","지평면","양평군","경기도"
"3138038","양동면","양평군","경기도"
"3138037","청운면","양평군","경기도"
"3138036","단월면","양평군","경기도"
"3138035","서종면","양평군","경기도"
"3138034","옥천면","양평군","경기도"
"3138033","양서면","양평군","경기도"
"3138032","강하면","양평군","경기도"
"3138031","강상면","양평군","경기도"
"3138011","양평읍","양평군","경기도"
"3137036","조종면","가평군","경기도"
"3137035","북면","가평군","경기도"
"3137033","상면","가평군","경기도"
"3137032","청평면","가평군","경기도"
"3137031","설악면","가평군","경기도"
"3137011","가평읍","가평군","경기도"
"3135038","장단면","연천군","경기도"
"3135037","중면","연천군","경기도"
"3135036","신서면","연천군","경기도"
"3135035","왕징면","연천군","경기도"
"3135034","미산면","연천군","경기도"
"3135033","백학면","연천군","경기도"
"3135032","청산면","연천군","경기도"
"3135031","군남면","연천군","경기도"
"3135012","전곡읍","연천군","경기도"
"3135011","연천읍","연천군","경기도"
"3128053","오학동","여주시","경기도"
"3128052","중앙동","여주시","경기도"
"3128051","여흥동","여주시","경기도"
"3128038","강천면","여주시","경기도"
"3128037","북내면","여주시","경기도"
"3128036","대신면","여주시","경기도"
"3128035","산북면","여주시","경기도"
"3128034","금사면","여주시","경기도"
"3128033","흥천면","여주시","경기도"
"3128032","능서면","여주시","경기도"
"3128031","점동면","여주시","경기도"
"3128011","가납읍","여주시","경기도"
"3127052","선단동","포천시","경기도"
"3127051","포천동","포천시","경기도"
"3127041","화현면","포천시","경기도"
"3127040","관인면","포천시","경기도"
"3127039","영북면","포천시","경기도"
"3127038","이동면","포천시","경기도"
"3127037","일동면","포천시","경기도"
"3127036","영중면","포천시","경기도"
"3127035","창수면","포천시","경기도"
"3127034","신북면","포천시","경기도"
"3127033","가산면","포천시","경기도"
"3127032","내촌면","포천시","경기도"
"3127031","군내면","포천시","경기도"
"3127011","소흘읍","포천시","경기도"
"3126056","회천4동","양주시","경기도"
"3126055","회천3동","양주시","경기도"
"3126054","회천2동","양주시","경기도"
"3126053","회천1동","양주시","경기도"
"3126052","양주2동","양주시","경기도"
"3126051","양주1동","양주시","경기도"
"3126034","장흥면","양주시","경기도"
"3126033","광적면","양주시","경기도"
"3126032","남면","양주시","경기도"
"3126031","은현면","양주시","경기도"
"3126011","백석읍","양주시","경기도"
"3125053","광남동","광주시","경기도"
"3125052","송정동","광주시","경기도"
"3125051","경안동","광주시","경기도"
"3125038","남한산성면","광주시","경기도"
"3125036","남종면","광주시","경기도"
"3125035","퇴촌면","광주시","경기도"
"3125034","도척면","광주시","경기도"
"3125014","곤지암읍","광주시","경기도"
"3125012","초월읍","광주시","경기도"
"3125011","오포읍","광주시","경기도"
"3124063","동탄4동","화성시","경기도"
"3124062","동탄3동","화성시","경기도"
"3124061","동탄1동","화성시","경기도"
"3124060","동탄2동","화성시","경기도"
"3124057","화산동","화성시","경기도"
"3124056","기배동","화성시","경기도"
"3124055","반월동","화성시","경기도"
"3124054","병점2동","화성시","경기도"
"3124053","병점1동","화성시","경기도"
"3124052","진안동","화성시","경기도"
"3124045","동탄면","화성시","경기도"
"3124043","정남면","화성시","경기도"
"3124042","양감면","화성시","경기도"
"3124039","장안면","화성시","경기도"
"3124038","팔탄면","화성시","경기도"
"3124037","서신면","화성시","경기도"
"3124036","송산면","화성시","경기도"
"3124035","마도면","화성시","경기도"
"3124033","비봉면","화성시","경기도"
"3124031","매송면","화성시","경기도"
"3124015","남양읍","화성시","경기도"
"3124014","향남읍","화성시","경기도"
"3124013","우정읍","화성시","경기도"
"3124012","봉담읍","화성시","경기도"
"3123062","장기본동","김포시","경기도"
"3123061","김포본동","김포시","경기도"
"3123060","운양동","김포시","경기도"
"3123058","구래동","김포시","경기도"
"3123056","장기동","김포시","경기도"
"3123054","풍무동","김포시","경기도"
"3123053","사우동","김포시","경기도"
"3123036","하성면","김포시","경기도"
"3123035","월곶면","김포시","경기도"
"3123034","대곶면","김포시","경기도"
"3123013","양촌읍","김포시","경기도"
"3123012","고촌읍","김포시","경기도"
"3123011","통진읍","김포시","경기도"
"3122053","안성3동","안성시","경기도"
"3122052","안성2동","안성시","경기도"
"3122051","안성1동","안성시","경기도"
"3122042","고삼면","안성시","경기도"
"3122041","삼죽면","안성시","경기도"
"3122040","죽산면","안성시","경기도"
"3122039","일죽면","안성시","경기도"
"3122038","원곡면","안성시","경기도"
"3122036","양성면","안성시","경기도"
"3122035","대덕면","안성시","경기도"
"3122034","미양면","안성시","경기도"
"3122033","서운면","안성시","경기도"
"3122032","금광면","안성시","경기도"
"3122031","보개면","안성시","경기도"
"3122011","공도읍","안성시","경기도"
"3121054","증포동","이천시","경기도"
"3121053","관고동","이천시","경기도"
"3121052","중리동","이천시","경기도"
"3121051","창전동","이천시","경기도"
"3121038","율면","이천시","경기도"
"3121037","설성면","이천시","경기도"
"3121036","모가면","이천시","경기도"
"3121035","대월면","이천시","경기도"
"3121034","마장면","이천시","경기도"
"3121033","호법면","이천시","경기도"
"3121032","백사면","이천시","경기도"
"3121031","신둔면","이천시","경기도"
"3121012","부발읍","이천시","경기도"
"3121011","장호원읍","이천시","경기도"
"3120058","운정3동","파주시","경기도"
"3120057","운정2동","파주시","경기도"
"3120056","운정1동","파주시","경기도"
"3120055","교하동","파주시","경기도"
"3120054","금촌3동","파주시","경기도"
"3120053","금촌1동","파주시","경기도"
"3120052","금촌2동","파주시","경기도"
"3120038","군내면","파주시","경기도"
"3120037","적성면","파주시","경기도"
"3120036","파평면","파주시","경기도"
"3120035","광탄면","파주시","경기도"
"3120032","탄현면","파주시","경기도"
"3120031","월롱면","파주시","경기도"
"3120027","진서면","파주시","경기도"
"3120026","장단면","파주시","경기도"
"3120021","진동면","파주시","경기도"
"3120015","조리읍","파주시","경기도"
"3120013","법원읍","파주시","경기도"
"3120012","파주읍","파주시","경기도"
"3120011","문산읍","파주시","경기도"
"3119359","성복동","용인시수지구","경기도"
"3119358","상현2동","용인시수지구","경기도"
"3119357","상현1동","용인시수지구","경기도"
"3119356","동천동","용인시수지구","경기도"
"3119355","죽전2동","용인시수지구","경기도"
"3119354","죽전1동","용인시수지구","경기도"
"3119353","신봉동","용인시수지구","경기도"
"3119352","풍덕천2동","용인시수지구","경기도"
"3119351","풍덕천1동","용인시수지구","경기도"
"3119262","영덕동","용인시기흥구","경기도"
"3119261","신갈동","용인시기흥구","경기도"
"3119260","상하동","용인시기흥구","경기도"
"3119259","보정동","용인시기흥구","경기도"
"3119258","동백동","용인시기흥구","경기도"
"3119257","마북동","용인시기흥구","경기도"
"3119256","구성동","용인시기흥구","경기도"
"3119255","서농동","용인시기흥구","경기도"
"3119254","기흥동","용인시기흥구","경기도"
"3119253","상갈동","용인시기흥구","경기도"
"3119252","구갈동","용인시기흥구","경기도"
"3119154","동부동","용인시처인구","경기도"
"3119153","유림동","용인시처인구","경기도"
"3119152","역삼동","용인시처인구","경기도"
"3119151","중앙동","용인시처인구","경기도"
"3119136","양지면","용인시처인구","경기도"
"3119135","백암면","용인시처인구","경기도"
"3119134","원삼면","용인시처인구","경기도"
"3119132","남사면","용인시처인구","경기도"
"3119113","이동읍","처인구","경기도"
"3119112","모현읍","처인구","경기도"
"3119111","포곡읍","용인시처인구","경기도"
"3118065","위례동","하남시","경기도"
"3118064","감북동","하남시","경기도"
"3118063","미사2동","하남시","경기도"
"3118062","미사1동","하남시","경기도"
"3118061","풍산동","하남시","경기도"
"3118060","초이동","하남시","경기도"
"3118059","춘궁동","하남시","경기도"
"3118056","덕풍3동","하남시","경기도"
"3118055","덕풍2동","하남시","경기도"
"3118054","덕풍1동","하남시","경기도"
"3118053","신장2동","하남시","경기도"
"3118052","신장1동","하남시","경기도"
"3118051","천현동","하남시","경기도"
"3117056","청계동","의왕시","경기도"
"3117055","내손2동","의왕시","경기도"
"3117054","내손1동","의왕시","경기도"
"3117053","오전동","의왕시","경기도"
"3117052","부곡동","의왕시","경기도"
"3117051","고천동","의왕시","경기도"
"3116062","대야동","군포시","경기도"
"3116061","광정동","군포시","경기도"
"3116060","궁내동","군포시","경기도"
"3116059","수리동","군포시","경기도"
"3116058","오금동","군포시","경기도"
"3116057","재궁동","군포시","경기도"
"3116056","금정동","군포시","경기도"
"3116055","산본2동","군포시","경기도"
"3116054","산본1동","군포시","경기도"
"3116052","군포2동","군포시","경기도"
"3116051","군포1동","군포시","경기도"
"3115071","장곡동","시흥시","경기도"
"3115070","연성동","시흥시","경기도"
"3115069","월곶동","시흥시","경기도"
"3115068","군자동","시흥시","경기도"
"3115067","능곡동","시흥시","경기도"
"3115065","정왕1동","시흥시","경기도"
"3115064","정왕본동","시흥시","경기도"
"3115063","정왕4동","시흥시","경기도"
"3115062","정왕3동","시흥시","경기도"
"3115061","정왕2동","시흥시","경기도"
"3115059","과림동","시흥시","경기도"
"3115056","목감동","시흥시","경기도"
"3115055","매화동","시흥시","경기도"
"3115054","은행동","시흥시","경기도"
"3115053","신현동","시흥시","경기도"
"3115052","신천동","시흥시","경기도"
"3115051","대야동","시흥시","경기도"
"3114056","초평동","오산시","경기도"
"3114055","세마동","오산시","경기도"
"3114054","신장동","오산시","경기도"
"3114053","남촌동","오산시","경기도"
"3114052","대원동","오산시","경기도"
"3114051","중앙동","오산시","경기도"
"3113059","다산2동","남양주시","경기도"
"3113058","다산1동","남양주시","경기도"
"3113057","별내동","남양주시","경기도"
"3113054","양정동","남양주시","경기도"
"3113053","금곡동","남양주시","경기도"
"3113052","평내동","남양주시","경기도"
"3113051","호평동","남양주시","경기도"
"3113035","조안면","남양주시","경기도"
"3113034","수동면","남양주시","경기도"
"3113032","퇴계원면","남양주시","경기도"
"3113031","별내면","남양주시","경기도"
"3113015","오남읍","남양주시","경기도"
"3113014","진건읍","남양주시","경기도"
"3113013","화도읍","남양주시","경기도"
"3113012","진접읍","남양주시","경기도"
"3113011","와부읍","남양주시","경기도"
"3112058","수택3동","구리시","경기도"
"3112057","수택2동","구리시","경기도"
"3112056","수택1동","구리시","경기도"
"3112055","교문2동","구리시","경기도"
"3112054","교문1동","구리시","경기도"
"3112053","인창동","구리시","경기도"
"3112052","동구동","구리시","경기도"
"3112051","갈매동","구리시","경기도"
"3111056","문원동","과천시","경기도"
"3111055","과천동","과천시","경기도"
"3111054","부림동","과천시","경기도"
"3111053","별양동","과천시","경기도"
"3111052","갈현동","과천시","경기도"
"3111051","중앙동","과천시","경기도"
"3110459","송산동","고양시일산서구","경기도"
"3110458","송포동","고양시일산서구","경기도"
"3110457","대화동","고양시일산서구","경기도"
"3110456","주엽2동","고양시일산서구","경기도"
"3110455","주엽1동","고양시일산서구","경기도"
"3110454","탄현동","고양시일산서구","경기도"
"3110453","일산3동","고양시일산서구","경기도"
"3110452","일산2동","고양시일산서구","경기도"
"3110451","일산1동","고양시일산서구","경기도"
"3110361","백석2동","고양시일산동구","경기도"
"3110360","고봉동","고양시일산동구","경기도"
"3110359","장항2동","고양시일산동구","경기도"
"3110358","장항1동","고양시일산동구","경기도"
"3110357","마두2동","고양시일산동구","경기도"
"3110356","마두1동","고양시일산동구","경기도"
"3110355","백석1동","고양시일산동구","경기도"
"3110354","풍산동","고양시일산동구","경기도"
"3110353","정발산동","고양시일산동구","경기도"
"3110352","중산동","고양시일산동구","경기도"
"3110351","식사동","고양시일산동구","경기도"
"3110169","행신3동","고양시덕양구","경기도"
"3110168","대덕동","고양시덕양구","경기도"
"3110167","화전동","고양시덕양구","경기도"
"3110166","행신2동","고양시덕양구","경기도"
"3110165","행신1동","고양시덕양구","경기도"
"3110164","행주동","고양시덕양구","경기도"
"3110163","화정2동","고양시덕양구","경기도"
"3110162","화정1동","고양시덕양구","경기도"
"3110161","능곡동","고양시덕양구","경기도"
"3110160","관산동","고양시덕양구","경기도"
"3110159","고양동","고양시덕양구","경기도"
"3110158","창릉동","고양시덕양구","경기도"
"3110157","신도동","고양시덕양구","경기도"
"3110156","효자동","고양시덕양구","경기도"
"3110155","성사2동","고양시덕양구","경기도"
"3110154","성사1동","고양시덕양구","경기도"
"3110153","흥도동","고양시덕양구","경기도"
"3110152","원신동","고양시덕양구","경기도"
"3110151","주교동","고양시덕양구","경기도"
"3109278","백운동","단원구","경기도"
"3109277","신길동","단원구","경기도"
"3109276","원곡동","단원구","경기도"
"3109275","중앙동","단원구","경기도"
"3109274","고잔동","단원구","경기도"
"3109273","호수동","안산시단원구","경기도"
"3109272","대부동","안산시단원구","경기도"
"3109270","선부3동","안산시단원구","경기도"
"3109269","선부2동","안산시단원구","경기도"
"3109268","선부1동","안산시단원구","경기도"
"3109266","초지동","안산시단원구","경기도"
"3109259","와동","안산시단원구","경기도"
"3109178","해양동","상록구","경기도"
"3109177","사이동","상록구","경기도"
"3109176","사동","상록구","경기도"
"3109174","이동","안산시상록구","경기도"
"3109173","안산동","안산시상록구","경기도"
"3109171","반월동","안산시상록구","경기도"
"3109162","성포동","안산시상록구","경기도"
"3109158","월피동","안산시상록구","경기도"
"3109157","부곡동","안산시상록구","경기도"
"3109156","본오3동","안산시상록구","경기도"
"3109155","본오2동","안산시상록구","경기도"
"3109154","본오1동","안산시상록구","경기도"
"3109151","일동","안산시상록구","경기도"
"3108061","송내동","동두천시","경기도"
"3108060","상패동","동두천시","경기도"
"3108058","소요동","동두천시","경기도"
"3108056","불현동","동두천시","경기도"
"3108055","보산동","동두천시","경기도"
"3108053","중앙동","동두천시","경기도"
"3108052","생연2동","동두천시","경기도"
"3108051","생연1동","동두천시","경기도"
"3107064","세교동","평택시","경기도"
"3107063","비전2동","평택시","경기도"
"3107062","비전1동","평택시","경기도"
"3107061","통복동","평택시","경기도"
"3107060","원평동","평택시","경기도"
"3107059","신평동","평택시","경기도"
"3107058","신장2동","평택시","경기도"
"3107057","신장1동","평택시","경기도"
"3107056","송북동","평택시","경기도"
"3107055","지산동","평택시","경기도"
"3107053","송탄동","평택시","경기도"
"3107052","서정동","평택시","경기도"
"3107051","중앙동","평택시","경기도"
"3107037","현덕면","평택시","경기도"
"3107034","오성면","평택시","경기도"
"3107033","고덕면","평택시","경기도"
"3107032","서탄면","평택시","경기도"
"3107031","진위면","평택시","경기도"
"3107014","청북읍","평택시","경기도"
"3107013","포승읍","평택시","경기도"
"3107012","안중읍","평택시","경기도"
"3107011","팽성읍","평택시","경기도"
"3106068","학온동","광명시","경기도"
"3106067","소하2동","광명시","경기도"
"3106066","소하1동","광명시","경기도"
"3106065","하안4동","광명시","경기도"
"3106064","하안3동","광명시","경기도"
"3106063","하안2동","광명시","경기도"
"3106062","하안1동","광명시","경기도"
"3106061","철산4동","광명시","경기도"
"3106060","철산3동","광명시","경기도"
"3106059","철산2동","광명시","경기도"
"3106058","철산1동","광명시","경기도"
"3106057","광명7동","광명시","경기도"
"3106056","광명6동","광명시","경기도"
"3106055","광명5동","광명시","경기도"
"3106054","광명4동","광명시","경기도"
"3106053","광명3동","광명시","경기도"
"3106052","광명2동","광명시","경기도"
"3106051","광명1동","광명시","경기도"
"3105086","신흥동","부천시","경기도"
"3105085","원종2동","부천시","경기도"
"3105084","원종1동","부천시","경기도"
"3105083","오정동","부천시","경기도"
"3105082","고강1동","부천시","경기도"
"3105081","고강본동","부천시","경기도"
"3105080","성곡동","부천시","경기도"
"3105079","역곡3동","부천시","경기도"
"3105078","범박동","부천시","경기도"
"3105077","괴안동","부천시","경기도"
"3105076","소사본3동","부천시","경기도"
"3105075","소사본동","부천시","경기도"
"3105074","송내2동","부천시","경기도"
"3105073","송내1동","부천시","경기도"
"3105072","심곡본1동","부천시","경기도"
"3105071","심곡본동","부천시","경기도"
"3105070","상3동","부천시","경기도"
"3105069","상2동","부천시","경기도"
"3105068","중3동","부천시","경기도"
"3105067","중2동","부천시","경기도"
"3105066","중1동","부천시","경기도"
"3105065","약대동","부천시","경기도"
"3105064","중4동","부천시","경기도"
"3105063","상1동","부천시","경기도"
"3105062","상동","부천시","경기도"
"3105061","중동","부천시","경기도"
"3105060","도당동","부천시","경기도"
"3105059","춘의동","부천시","경기도"
"3105058","역곡2동","부천시","경기도"
"3105057","역곡1동","부천시","경기도"
"3105056","원미1동","부천시","경기도"
"3105055","소사동","부천시","경기도"
"3105054","원미2동","부천시","경기도"
"3105053","심곡3동","부천시","경기도"
"3105052","심곡1동","부천시","경기도"
"3105051","심곡2동","부천시","경기도"
"3104267","갈산동","안양시동안구","경기도"
"3104266","신촌동","안양시동안구","경기도"
"3104265","범계동","안양시동안구","경기도"
"3104264","호계3동","안양시동안구","경기도"
"3104263","호계2동","안양시동안구","경기도"
"3104262","호계1동","안양시동안구","경기도"
"3104261","귀인동","안양시동안구","경기도"
"3104260","평안동","안양시동안구","경기도"
"3104259","평촌동","안양시동안구","경기도"
"3104258","부림동","안양시동안구","경기도"
"3104257","관양2동","안양시동안구","경기도"
"3104256","관양1동","안양시동안구","경기도"
"3104255","달안동","안양시동안구","경기도"
"3104254","부흥동","안양시동안구","경기도"
"3104253","비산3동","안양시동안구","경기도"
"3104252","비산2동","안양시동안구","경기도"
"3104251","비산1동","안양시동안구","경기도"
"3104164","박달2동","안양시만안구","경기도"
"3104163","박달1동","안양시만안구","경기도"
"3104162","석수3동","안양시만안구","경기도"
"3104161","석수2동","안양시만안구","경기도"
"3104160","석수1동","안양시만안구","경기도"
"3104159","안양9동","안양시만안구","경기도"
"3104158","안양8동","안양시만안구","경기도"
"3104157","안양7동","안양시만안구","경기도"
"3104156","안양6동","안양시만안구","경기도"
"3104155","안양5동","안양시만안구","경기도"
"3104154","안양4동","안양시만안구","경기도"
"3104153","안양3동","안양시만안구","경기도"
"3104152","안양2동","안양시만안구","경기도"
"3104151","안양1동","안양시만안구","경기도"
"3103067","흥선동","의정부시","경기도"
"3103066","송산2동","의정부시","경기도"
"3103065","호원2동","의정부시","경기도"
"3103064","녹양동","의정부시","경기도"
"3103061","가능1동","의정부시","경기도"
"3103060","자금동","의정부시","경기도"
"3103059","송산1동","의정부시","경기도"
"3103058","신곡2동","의정부시","경기도"
"3103057","신곡1동","의정부시","경기도"
"3103056","장암동","의정부시","경기도"
"3103055","호원1동","의정부시","경기도"
"3103053","의정부3동","의정부시","경기도"
"3103052","의정부2동","의정부시","경기도"
"3103051","의정부1동","의정부시","경기도"
"3102378","정자동","분당구","경기도"
"3102377","정자1동","분당구","경기도"
"3102376","백현동","성남시분당구","경기도"
"3102375","판교동","성남시분당구","경기도"
"3102374","삼평동","성남시분당구","경기도"
"3102372","구미1동","성남시분당구","경기도"
"3102371","금곡동","성남시분당구","경기도"
"3102368","운중동","성남시분당구","경기도"
"3102367","구미동","성남시분당구","경기도"
"3102364","야탑2동","성남시분당구","경기도"
"3102363","야탑3동","성남시분당구","경기도"
"3102362","야탑1동","성남시분당구","경기도"
"3102361","이매2동","성남시분당구","경기도"
"3102360","이매1동","성남시분당구","경기도"
"3102359","서현2동","성남시분당구","경기도"
"3102358","서현1동","성남시분당구","경기도"
"3102356","정자3동","성남시분당구","경기도"
"3102355","정자2동","성남시분당구","경기도"
"3102354","수내2동","성남시분당구","경기도"
"3102353","수내1동","성남시분당구","경기도"
"3102352","수내3동","성남시분당구","경기도"
"3102351","분당동","성남시분당구","경기도"
"3102262","중앙동","성남시중원구","경기도"
"3102261","도촌동","성남시중원구","경기도"
"3102260","하대원동","성남시중원구","경기도"
"3102259","상대원3동","성남시중원구","경기도"
"3102258","상대원2동","성남시중원구","경기도"
"3102257","상대원1동","성남시중원구","경기도"
"3102256","은행2동","성남시중원구","경기도"
"3102255","은행1동","성남시중원구","경기도"
"3102254","금광2동","성남시중원구","경기도"
"3102253","금광1동","성남시중원구","경기도"
"3102251","성남동","성남시중원구","경기도"
"3102168","위례동","수정구","경기도"
"3102167","복정동","수정구","경기도"
"3102166","시흥동","성남시수정구","경기도"
"3102165","고등동","성남시수정구","경기도"
"3102164","신촌동","성남시수정구","경기도"
"3102162","양지동","성남시수정구","경기도"
"3102161","산성동","성남시수정구","경기도"
"3102160","단대동","성남시수정구","경기도"
"3102159","수진2동","성남시수정구","경기도"
"3102158","수진1동","성남시수정구","경기도"
"3102157","태평4동","성남시수정구","경기도"
"3102156","태평3동","성남시수정구","경기도"
"3102155","태평2동","성남시수정구","경기도"
"3102154","태평1동","성남시수정구","경기도"
"3102153","신흥3동","성남시수정구","경기도"
"3102152","신흥2동","성남시수정구","경기도"
"3102151","신흥1동","성남시수정구","경기도"
"3101466","영통3동","영통구","경기도"
"3101465","영통2동","영통구","경기도"
"3101464","영통1동","영통구","경기도"
"3101463","광교2동","영통구","경기도"
"3101462","광교1동","영통구","경기도"
"3101460","원천동","수원시영통구","경기도"
"3101459","태장동","수원시영통구","경기도"
"3101454","매탄4동","수원시영통구","경기도"
"3101453","매탄3동","수원시영통구","경기도"
"3101452","매탄2동","수원시영통구","경기도"
"3101451","매탄1동","수원시영통구","경기도"
"3101372","행궁동","수원시팔달구","경기도"
"3101371","화서2동","수원시팔달구","경기도"
"3101370","화서1동","수원시팔달구","경기도"
"3101369","고등동","수원시팔달구","경기도"
"3101368","매산동","수원시팔달구","경기도"
"3101367","매교동","수원시팔달구","경기도"
"3101356","인계동","수원시팔달구","경기도"
"3101355","우만2동","수원시팔달구","경기도"
"3101354","우만1동","수원시팔달구","경기도"
"3101353","지동","수원시팔달구","경기도"
"3101266","호매실동","권선구","경기도"
"3101265","금곡동","권선구","경기도"
"3101264","권선2동","수원시권선구","경기도"
"3101262","입북동","수원시권선구","경기도"
"3101261","곡선동","수원시권선구","경기도"
"3101260","권선1동","수원시권선구","경기도"
"3101257","구운동","수원시권선구","경기도"
"3101256","서둔동","수원시권선구","경기도"
"3101255","평동","수원시권선구","경기도"
"3101254","세류3동","수원시권선구","경기도"
"3101253","세류2동","수원시권선구","경기도"
"3101252","세류1동","수원시권선구","경기도"
"3101163","조원2동","수원시장안구","경기도"
"3101162","정자3동","수원시장안구","경기도"
"3101161","연무동","수원시장안구","경기도"
"3101160","조원1동","수원시장안구","경기도"
"3101159","송죽동","수원시장안구","경기도"
"3101158","영화동","수원시장안구","경기도"
"3101157","정자2동","수원시장안구","경기도"
"3101156","정자1동","수원시장안구","경기도"
"3101155","율천동","수원시장안구","경기도"
"3101154","파장동","수원시장안구","경기도"
"2332037","영흥면","옹진군","인천"
"2332036","자월면","옹진군","인천"
"2332035","덕적면","옹진군","인천"
"2332034","대청면","옹진군","인천"
"2332033","백령면","옹진군","인천"
"2332032","연평면","옹진군","인천"
"2332031","북도면","옹진군","인천"
"2331042","서도면","강화군","인천"
"2331041","삼산면","강화군","인천"
"2331040","교동면","강화군","인천"
"2331039","송해면","강화군","인천"
"2331038","양사면","강화군","인천"
"2331037","하점면","강화군","인천"
"2331036","내가면","강화군","인천"
"2331035","양도면","강화군","인천"
"2331034","화도면","강화군","인천"
"2331033","길상면","강화군","인천"
"2331032","불은면","강화군","인천"
"2331031","선원면","강화군","인천"
"2331011","강화읍","강화군","인천"
"2308079","청라3동","서구","인천"
"2308078","청라2동","서구","인천"
"2308077","검단5동","서구","인천"
"2308076","검단1동","서구","인천"
"2308074","청라1동","서구","인천"
"2308073","신현원창동","서구","인천"
"2308071","검단4동","서구","인천"
"2308070","검단3동","서구","인천"
"2308069","검단2동","서구","인천"
"2308065","가좌4동","서구","인천"
"2308064","가좌3동","서구","인천"
"2308063","가좌2동","서구","인천"
"2308062","가좌1동","서구","인천"
"2308060","석남3동","서구","인천"
"2308059","석남2동","서구","인천"
"2308058","석남1동","서구","인천"
"2308056","가정3동","서구","인천"
"2308055","가정2동","서구","인천"
"2308054","가정1동","서구","인천"
"2308053","연희동","서구","인천"
"2308051","검암경서동","서구","인천"
"2307064","계양3동","계양구","인천"
"2307063","계양1동","계양구","인천"
"2307062","계산4동","계양구","인천"
"2307061","계양2동","계양구","인천"
"2307058","작전서운동","계양구","인천"
"2307057","작전2동","계양구","인천"
"2307056","작전1동","계양구","인천"
"2307055","계산3동","계양구","인천"
"2307054","계산2동","계양구","인천"
"2307053","계산1동","계양구","인천"
"2307052","효성2동","계양구","인천"
"2307051","효성1동","계양구","인천"
"2306072","삼산2동","부평구","인천"
"2306071","십정2동","부평구","인천"
"2306070","십정1동","부평구","인천"
"2306069","일신동","부평구","인천"
"2306068","부개3동","부평구","인천"
"2306067","부개2동","부평구","인천"
"2306066","부개1동","부평구","인천"
"2306065","삼산1동","부평구","인천"
"2306064","갈산2동","부평구","인천"
"2306063","갈산1동","부평구","인천"
"2306062","청천2동","부평구","인천"
"2306061","청천1동","부평구","인천"
"2306060","산곡4동","부평구","인천"
"2306059","산곡3동","부평구","인천"
"2306058","산곡2동","부평구","인천"
"2306057","산곡1동","부평구","인천"
"2306056","부평6동","부평구","인천"
"2306055","부평5동","부평구","인천"
"2306054","부평4동","부평구","인천"
"2306053","부평3동","부평구","인천"
"2306052","부평2동","부평구","인천"
"2306051","부평1동","부평구","인천"
"2305074","논현고잔동","남동구","인천"
"2305073","논현2동","남동구","인천"
"2305072","논현1동","남동구","인천"
"2305067","남촌도림동","남동구","인천"
"2305065","장수서창동","남동구","인천"
"2305064","만수6동","남동구","인천"
"2305063","만수5동","남동구","인천"
"2305062","만수4동","남동구","인천"
"2305061","만수3동","남동구","인천"
"2305060","만수2동","남동구","인천"
"2305059","만수1동","남동구","인천"
"2305058","간석4동","남동구","인천"
"2305057","간석3동","남동구","인천"
"2305056","간석2동","남동구","인천"
"2305055","간석1동","남동구","인천"
"2305054","구월4동","남동구","인천"
"2305053","구월3동","남동구","인천"
"2305052","구월2동","남동구","인천"
"2305051","구월1동","남동구","인천"
"2304065","송도3동","연수구","인천"
"2304064","송도1동","연수구","인천"
"2304063","송도2동","연수구","인천"
"2304060","옥련2동","연수구","인천"
"2304059","동춘3동","연수구","인천"
"2304058","동춘2동","연수구","인천"
"2304057","동춘1동","연수구","인천"
"2304056","청학동","연수구","인천"
"2304055","연수3동","연수구","인천"
"2304054","연수2동","연수구","인천"
"2304053","연수1동","연수구","인천"
"2304052","선학동","연수구","인천"
"2304051","옥련1동","연수구","인천"
"2303077","도화2,3동","남구","인천"
"2303076","용현1,4동","남구","인천"
"2303075","숭의1,3동","남구","인천"
"2303074","문학동","남구","인천"
"2303073","관교동","남구","인천"
"2303072","주안8동","남구","인천"
"2303071","주안7동","남구","인천"
"2303070","주안6동","남구","인천"
"2303069","주안5동","남구","인천"
"2303068","주안4동","남구","인천"
"2303067","주안3동","남구","인천"
"2303066","주안2동","남구","인천"
"2303065","주안1동","남구","인천"
"2303062","도화1동","남구","인천"
"2303061","학익2동","남구","인천"
"2303060","학익1동","남구","인천"
"2303059","용현5동","남구","인천"
"2303057","용현3동","남구","인천"
"2303056","용현2동","남구","인천"
"2303054","숭의4동","남구","인천"
"2303052","숭의2동","남구","인천"
"2302064","금창동","동구","인천"
"2302063","송림6동","동구","인천"
"2302061","송림4동","동구","인천"
"2302060","송림3,5동","동구","인천"
"2302059","송림2동","동구","인천"
"2302058","송림1동","동구","인천"
"2302057","송현3동","동구","인천"
"2302055","송현1,2동","동구","인천"
"2302053","화수2동","동구","인천"
"2302052","화수1,화평동","동구","인천"
"2302051","만석동","동구","인천"
"2301066","영종1동","중구","인천"
"2301065","영종동","중구","인천"
"2301064","운서동","중구","인천"
"2301063","용유동","중구","인천"
"2301061","송월동","중구","인천"
"2301060","북성동","중구","인천"
"2301058","동인천동","중구","인천"
"2301057","율목동","중구","인천"
"2301056","도원동","중구","인천"
"2301054","신흥동","중구","인천"
"2301053","신포동","중구","인천"
"2301052","연안동","중구","인천"
"11250770","상일2동","강동구","서울"
"11250760","상일1동","강동구","서울"
"1125074","길동","강동구","서울"
"1125073","천호2동","강동구","서울"
"1125072","암사1동","강동구","서울"
"1125071","둔촌2동","강동구","서울"
"1125070","둔촌1동","강동구","서울"
"1125067","성내3동","강동구","서울"
"1125066","성내2동","강동구","서울"
"1125065","성내1동","강동구","서울"
"1125063","천호3동","강동구","서울"
"1125061","천호1동","강동구","서울"
"1125059","암사3동","강동구","서울"
"1125058","암사2동","강동구","서울"
"1125056","고덕2동","강동구","서울"
"11250550","강일동","강동구","서울"
"1125055","고덕1동","강동구","서울"
"1125054","명일2동","강동구","서울"
"1125053","명일1동","강동구","서울"
"1124082","위례동","송파구","서울"
"1124081","장지동","송파구","서울"
"1124080","잠실3동","송파구","서울"
"1124079","잠실2동","송파구","서울"
"1124078","잠실7동","송파구","서울"
"1124077","잠실6동","송파구","서울"
"1124075","잠실4동","송파구","서울"
"1124071","잠실본동","송파구","서울"
"1124069","문정2동","송파구","서울"
"1124068","문정1동","송파구","서울"
"1124067","가락2동","송파구","서울"
"1124066","가락1동","송파구","서울"
"1124065","가락본동","송파구","서울"
"1124064","삼전동","송파구","서울"
"1124063","석촌동","송파구","서울"
"1124062","송파2동","송파구","서울"
"1124061","송파1동","송파구","서울"
"1124060","오금동","송파구","서울"
"1124059","오륜동","송파구","서울"
"1124058","방이2동","송파구","서울"
"1124057","방이1동","송파구","서울"
"1124056","마천2동","송파구","서울"
"1124055","마천1동","송파구","서울"
"1124054","거여2동","송파구","서울"
"1124053","거여1동","송파구","서울"
"1124052","풍납2동","송파구","서울"
"1124051","풍납1동","송파구","서울"
"1123080","개포2동","강남구","서울"
"1123079","대치2동","강남구","서울"
"1123078","청담동","강남구","서울"
"1123077","압구정동","강남구","서울"
"1123076","세곡동","강남구","서울"
"1123075","수서동","강남구","서울"
"1123073","일원1동","강남구","서울"
"1123072","일원본동","강남구","서울"
"1123071","개포4동","강남구","서울"
"1123068","개포1동","강남구","서울"
"1123067","도곡2동","강남구","서울"
"1123066","도곡1동","강남구","서울"
"1123065","역삼2동","강남구","서울"
"1123064","역삼1동","강남구","서울"
"1123063","대치4동","강남구","서울"
"1123060","대치1동","강남구","서울"
"1123059","삼성2동","강남구","서울"
"1123058","삼성1동","강남구","서울"
"1123053","논현2동","강남구","서울"
"1123052","논현1동","강남구","서울"
"11230511","개포3동","강남구","서울"
"1123051","신사동","강남구","서울"
"1122068","내곡동","서초구","서울"
"1122067","양재2동","서초구","서울"
"1122066","양재1동","서초구","서울"
"1122065","방배4동","서초구","서울"
"1122064","방배3동","서초구","서울"
"1122063","방배2동","서초구","서울"
"1122062","방배1동","서초구","서울"
"1122061","방배본동","서초구","서울"
"1122060","반포4동","서초구","서울"
"1122059","반포3동","서초구","서울"
"1122058","반포2동","서초구","서울"
"1122057","반포1동","서초구","서울"
"1122056","반포본동","서초구","서울"
"1122055","잠원동","서초구","서울"
"1122054","서초4동","서초구","서울"
"1122053","서초3동","서초구","서울"
"1122052","서초2동","서초구","서울"
"1122051","서초1동","서초구","서울"
"1121083","미성동","관악구","서울"
"1121082","삼성동","관악구","서울"
"1121081","난곡동","관악구","서울"
"1121080","청룡동","관악구","서울"
"1121079","성현동","관악구","서울"
"1121078","은천동","관악구","서울"
"1121073","대학동","관악구","서울"
"1121072","조원동","관악구","서울"
"1121071","난향동","관악구","서울"
"1121069","신림동","관악구","서울"
"1121068","신사동","관악구","서울"
"1121066","서림동","관악구","서울"
"1121065","신원동","관악구","서울"
"1121064","서원동","관악구","서울"
"1121063","남현동","관악구","서울"
"1121062","인헌동","관악구","서울"
"1121061","중앙동","관악구","서울"
"1121058","낙성대동","관악구","서울"
"1121057","행운동","관악구","서울"
"1121054","청림동","관악구","서울"
"1121052","보라매동","관악구","서울"
"1120073","사당2동","동작구","서울"
"1120072","노량진1동","동작구","서울"
"1120071","흑석동","동작구","서울"
"1120070","신대방2동","동작구","서울"
"1120069","신대방1동","동작구","서울"
"1120068","대방동","동작구","서울"
"1120067","사당5동","동작구","서울"
"1120066","사당4동","동작구","서울"
"1120065","사당3동","동작구","서울"
"1120063","사당1동","동작구","서울"
"1120056","상도4동","동작구","서울"
"1120055","상도3동","동작구","서울"
"1120054","상도2동","동작구","서울"
"1120053","상도1동","동작구","서울"
"1120052","노량진2동","동작구","서울"
"1119076","문래동","영등포구","서울"
"1119075","도림동","영등포구","서울"
"1119074","영등포동","영등포구","서울"
"1119073","영등포본동","영등포구","서울"
"1119072","대림3동","영등포구","서울"
"1119071","대림2동","영등포구","서울"
"1119070","대림1동","영등포구","서울"
"1119069","신길7동","영등포구","서울"
"1119068","신길6동","영등포구","서울"
"1119067","신길5동","영등포구","서울"
"1119066","신길4동","영등포구","서울"
"1119065","신길3동","영등포구","서울"
"1119063","신길1동","영등포구","서울"
"1119062","양평2동","영등포구","서울"
"1119061","양평1동","영등포구","서울"
"1119056","당산2동","영등포구","서울"
"1119055","당산1동","영등포구","서울"
"1119054","여의동","영등포구","서울"
"1118061","시흥5동","금천구","서울"
"1118060","시흥4동","금천구","서울"
"1118059","시흥3동","금천구","서울"
"1118058","시흥2동","금천구","서울"
"1118057","시흥1동","금천구","서울"
"1118055","독산4동","금천구","서울"
"1118054","독산3동","금천구","서울"
"1118053","독산2동","금천구","서울"
"1118052","독산1동","금천구","서울"
"1118051","가산동","금천구","서울"
"11170740","항동","구로구","서울"
"11170730","오류2동","구로구","서울"
"1117072","개봉1동","구로구","서울"
"1117071","구로2동","구로구","서울"
"1117070","가리봉동","구로구","서울"
"1117069","수궁동","구로구","서울"
"1117067","오류1동","구로구","서울"
"1117065","개봉3동","구로구","서울"
"1117064","개봉2동","구로구","서울"
"1117062","고척2동","구로구","서울"
"1117061","고척1동","구로구","서울"
"1117056","구로5동","구로구","서울"
"1117055","구로4동","구로구","서울"
"1117054","구로3동","구로구","서울"
"1117052","구로1동","구로구","서울"
"1117051","신도림동","구로구","서울"
"1116074","우장산동","강서구","서울"
"1116073","화곡1동","강서구","서울"
"1116072","방화3동","강서구","서울"
"1116071","방화2동","강서구","서울"
"1116070","방화1동","강서구","서울"
"1116069","공항동","강서구","서울"
"1116067","발산1동","강서구","서울"
"1116066","가양3동","강서구","서울"
"1116065","가양2동","강서구","서울"
"1116064","가양1동","강서구","서울"
"1116063","화곡8동","강서구","서울"
"1116061","화곡6동","강서구","서울"
"1116059","화곡4동","강서구","서울"
"1116058","화곡3동","강서구","서울"
"1116057","화곡2동","강서구","서울"
"1116055","화곡본동","강서구","서울"
"1116054","등촌3동","강서구","서울"
"1116053","등촌2동","강서구","서울"
"1116052","등촌1동","강서구","서울"
"1116051","염창동","강서구","서울"
"1115072","신정4동","양천구","서울"
"1115071","목5동","양천구","서울"
"1115070","신정7동","양천구","서울"
"1115069","신정6동","양천구","서울"
"1115066","신정3동","양천구","서울"
"1115065","신정2동","양천구","서울"
"1115064","신정1동","양천구","서울"
"1115063","신월7동","양천구","서울"
"1115062","신월6동","양천구","서울"
"1115061","신월5동","양천구","서울"
"1115060","신월4동","양천구","서울"
"1115059","신월3동","양천구","서울"
"1115058","신월2동","양천구","서울"
"1115057","신월1동","양천구","서울"
"1115054","목4동","양천구","서울"
"1115053","목3동","양천구","서울"
"1115052","목2동","양천구","서울"
"1115051","목1동","양천구","서울"
"1114078","아현동","마포구","서울"
"1114077","공덕동","마포구","서울"
"1114076","서강동","마포구","서울"
"1114075","도화동","마포구","서울"
"1114074","상암동","마포구","서울"
"1114073","성산2동","마포구","서울"
"1114072","성산1동","마포구","서울"
"1114071","연남동","마포구","서울"
"1114070","망원2동","마포구","서울"
"1114069","망원1동","마포구","서울"
"1114068","합정동","마포구","서울"
"1114066","서교동","마포구","서울"
"1114063","신수동","마포구","서울"
"1114061","염리동","마포구","서울"
"1114060","대흥동","마포구","서울"
"1114059","용강동","마포구","서울"
"1113076","연희동","서대문구","서울"
"1113075","신촌동","서대문구","서울"
"1113074","북아현동","서대문구","서울"
"1113073","충현동","서대문구","서울"
"1113072","북가좌2동","서대문구","서울"
"1113071","북가좌1동","서대문구","서울"
"1113070","남가좌2동","서대문구","서울"
"1113069","남가좌1동","서대문구","서울"
"1113068","홍은2동","서대문구","서울"
"1113066","홍은1동","서대문구","서울"
"1113065","홍제2동","서대문구","서울"
"1113064","홍제3동","서대문구","서울"
"1113062","홍제1동","서대문구","서울"
"1113052","천연동","서대문구","서울"
"1112074","역촌동","은평구","서울"
"1112073","응암3동","은평구","서울"
"1112072","불광2동","은평구","서울"
"1112071","진관동","은평구","서울"
"1112068","수색동","은평구","서울"
"1112067","증산동","은평구","서울"
"1112066","신사2동","은평구","서울"
"1112065","신사1동","은평구","서울"
"1112060","응암2동","은평구","서울"
"1112059","응암1동","은평구","서울"
"1112058","대조동","은평구","서울"
"1112057","구산동","은평구","서울"
"1112056","갈현2동","은평구","서울"
"1112055","갈현1동","은평구","서울"
"1112052","불광1동","은평구","서울"
"1112051","녹번동","은평구","서울"
"1111079","공릉1동","노원구","서울"
"1111078","중계2,3동","노원구","서울"
"1111077","상계6,7동","노원구","서울"
"1111076","상계3,4동","노원구","서울"
"1111074","상계10동","노원구","서울"
"1111073","상계9동","노원구","서울"
"1111072","상계8동","노원구","서울"
"1111069","상계5동","노원구","서울"
"1111066","상계2동","노원구","서울"
"1111065","상계1동","노원구","서울"
"1111064","중계4동","노원구","서울"
"1111061","중계1동","노원구","서울"
"1111060","중계본동","노원구","서울"
"1111059","하계2동","노원구","서울"
"1111058","하계1동","노원구","서울"
"1111056","공릉2동","노원구","서울"
"1111053","월계3동","노원구","서울"
"1111052","월계2동","노원구","서울"
"1111051","월계1동","노원구","서울"
"1110065","도봉2동","도봉구","서울"
"1110064","도봉1동","도봉구","서울"
"1110063","창5동","도봉구","서울"
"1110062","창4동","도봉구","서울"
"1110061","창3동","도봉구","서울"
"1110060","창2동","도봉구","서울"
"1110059","창1동","도봉구","서울"
"1110057","방학3동","도봉구","서울"
"1110056","방학2동","도봉구","서울"
"1110055","방학1동","도봉구","서울"
"1110054","쌍문4동","도봉구","서울"
"1110053","쌍문3동","도봉구","서울"
"1110052","쌍문2동","도봉구","서울"
"1110051","쌍문1동","도봉구","서울"
"1109075","인수동","강북구","서울"
"1109074","우이동","강북구","서울"
"1109073","삼각산동","강북구","서울"
"1109072","송천동","강북구","서울"
"1109071","송중동","강북구","서울"
"1109070","미아동","강북구","서울"
"1109069","삼양동","강북구","서울"
"1109065","수유3동","강북구","서울"
"1109064","수유2동","강북구","서울"
"1109063","수유1동","강북구","서울"
"1109062","번3동","강북구","서울"
"1109061","번2동","강북구","서울"
"1109060","번1동","강북구","서울"
"1108085","석관동","성북구","서울"
"1108084","종암동","성북구","서울"
"1108083","동선동","성북구","서울"
"1108082","삼선동","성북구","서울"
"1108081","성북동","성북구","서울"
"1108078","장위3동","성북구","서울"
"1108077","장위2동","성북구","서울"
"1108076","장위1동","성북구","서울"
"1108072","월곡2동","성북구","서울"
"1108071","월곡1동","성북구","서울"
"1108068","길음2동","성북구","서울"
"1108066","길음1동","성북구","서울"
"1108065","정릉4동","성북구","서울"
"1108064","정릉3동","성북구","서울"
"1108063","정릉2동","성북구","서울"
"1108062","정릉1동","성북구","서울"
"1108061","보문동","성북구","서울"
"1108060","안암동","성북구","서울"
"1108059","돈암2동","성북구","서울"
"1108058","돈암1동","성북구","서울"
"1107073","망우본동","중랑구","서울"
"1107072","면목3,8동","중랑구","서울"
"1107071","면목본동","중랑구","서울"
"1107070","신내2동","중랑구","서울"
"1107069","신내1동","중랑구","서울"
"1107068","망우3동","중랑구","서울"
"1107065","묵2동","중랑구","서울"
"1107064","묵1동","중랑구","서울"
"1107062","중화2동","중랑구","서울"
"1107061","중화1동","중랑구","서울"
"1107060","상봉2동","중랑구","서울"
"1107059","상봉1동","중랑구","서울"
"1107057","면목7동","중랑구","서울"
"1107055","면목5동","중랑구","서울"
"1107054","면목4동","중랑구","서울"
"1107052","면목2동","중랑구","서울"
"1106091","답십리1동","동대문구","서울"
"1106090","이문2동","동대문구","서울"
"1106089","이문1동","동대문구","서울"
"1106088","장안2동","동대문구","서울"
"1106087","장안1동","동대문구","서울"
"1106086","답십리2동","동대문구","서울"
"1106084","전농2동","동대문구","서울"
"1106083","전농1동","동대문구","서울"
"1106082","제기동","동대문구","서울"
"1106081","용신동","동대문구","서울"
"1106080","청량리동","동대문구","서울"
"1106073","휘경2동","동대문구","서울"
"1106072","휘경1동","동대문구","서울"
"1106071","회기동","동대문구","서울"
"1105067","자양4동","광진구","서울"
"1105066","자양3동","광진구","서울"
"1105065","자양2동","광진구","서울"
"1105064","자양1동","광진구","서울"
"1105063","광장동","광진구","서울"
"1105062","구의3동","광진구","서울"
"1105061","구의2동","광진구","서울"
"1105060","구의1동","광진구","서울"
"1105059","능동","광진구","서울"
"1105058","중곡4동","광진구","서울"
"1105057","중곡3동","광진구","서울"
"1105056","중곡2동","광진구","서울"
"1105055","중곡1동","광진구","서울"
"1105054","군자동","광진구","서울"
"1105053","화양동","광진구","서울"
"1104073","옥수동","성동구","서울"
"1104072","금호2,3가동","성동구","서울"
"1104071","왕십리도선동","성동구","서울"
"1104070","용답동","성동구","서울"
"1104069","송정동","성동구","서울"
"1104068","성수2가3동","성동구","서울"
"1104067","성수2가1동","성동구","서울"
"1104066","성수1가2동","성동구","서울"
"1104065","성수1가1동","성동구","서울"
"1104062","금호4가동","성동구","서울"
"1104059","금호1가동","성동구","서울"
"1104058","응봉동","성동구","서울"
"1104057","행당2동","성동구","서울"
"1104056","행당1동","성동구","서울"
"1104055","사근동","성동구","서울"
"1104054","마장동","성동구","서울"
"1104052","왕십리2동","성동구","서울"
"1103074","한남동","용산구","서울"
"1103073","한강로동","용산구","서울"
"1103072","원효로1동","용산구","서울"
"1103071","청파동","용산구","서울"
"1103070","보광동","용산구","서울"
"1103069","서빙고동","용산구","서울"
"1103066","이태원2동","용산구","서울"
"1103065","이태원1동","용산구","서울"
"1103064","이촌2동","용산구","서울"
"1103063","이촌1동","용산구","서울"
"1103059","용문동","용산구","서울"
"1103058","효창동","용산구","서울"
"1103057","원효로2동","용산구","서울"
"1103053","남영동","용산구","서울"
"1103052","용산2가동","용산구","서울"
"1103051","후암동","용산구","서울"
"1102073","동화동","중구","서울"
"1102072","청구동","중구","서울"
"1102071","약수동","중구","서울"
"1102070","다산동","중구","서울"
"1102069","신당동","중구","서울"
"1102068","중림동","중구","서울"
"1102067","황학동","중구","서울"
"1102065","신당5동","중구","서울"
"1102060","을지로동","중구","서울"
"1102059","광희동","중구","서울"
"1102058","장충동","중구","서울"
"1102057","필동","중구","서울"
"1102055","명동","중구","서울"
"1102054","회현동","중구","서울"
"1102052","소공동","중구","서울"
"1101073","혜화동","종로구","서울"
"1101072","청운효자동","종로구","서울"
"1101071","숭인2동","종로구","서울"
"1101070","숭인1동","종로구","서울"
"1101069","창신3동","종로구","서울"
"1101068","창신2동","종로구","서울"
"1101067","창신1동","종로구","서울"
"1101064","이화동","종로구","서울"
"1101063","종로5,6가동","종로구","서울"
"1101061","종로1,2,3,4가동","종로구","서울"
"1101060","가회동","종로구","서울"
"1101058","교남동","종로구","서울"
"1101057","무악동","종로구","서울"
"1101056","평창동","종로구","서울"
"1101055","부암동","종로구","서울"
"1101054","삼청동","종로구","서울"
"1101053","사직동","종로구","서울"